case_id,model_profile,mechanism,family,context_records,seed,split,purpose,attempt_id,arm,pair_index,concurrency,request_id,table_sha256,table_index,within_table_position,first_query_of_table,observed,status,correct,expected,output,output_token_ids,input_token_ids_sha256,input_tokens,native_reused_tokens,native_new_tokens,native_prompt_ms,native_generation_ms,generated_tokens,client_end_to_end_ns,client_queue_before_dispatch_ns,native_request_proxy_ns,client_ttft_ns,original_prompt_characters,original_prompt_sha256,transformed_prompt_characters,intervention_duration_ns,intervention_decision
d1-small-reuse24,qwen2.5-0.5b-instruct-fp16-v2,slice-versus-full-cache-v1,record-reuse,24,940101,development,DEVELOPMENT,attempt-be5e5948f72a445aabaa85c068208136,baseline,0,1,r000,9db71a904d6ba17ac26b341aa3c05c7e729eaed18bd0d5986039c4e05dfa4a0f,0,0,True,True,SUCCEEDED,False,DHQGX,DQGX,"[35, 48, 84432, 151645]",409cb68e1b9341ca4a62cbb2318b75e023d7c6955baa51ec7ad3ef7d9ed297d4,278,0,278,1686.438,77.906,4,2301777228,529580110,1772197118,2230748704,643,95afa2d28e279b3a95f209e7609794e9454e43ad394154a212122800f6f4a171,643,36067,IDENTITY
d1-small-reuse24,qwen2.5-0.5b-instruct-fp16-v2,slice-versus-full-cache-v1,record-reuse,24,940101,development,DEVELOPMENT,attempt-be5e5948f72a445aabaa85c068208136,baseline,0,1,r001,9db71a904d6ba17ac26b341aa3c05c7e729eaed18bd0d5986039c4e05dfa4a0f,0,1,False,True,SUCCEEDED,False,DVZRV,DOWUV,"[35, 3307, 22246, 151645]",513ecabb26a53d78cd32e87d52b8412b11a3486ade58fd2e2cb2182d0862d5e5,278,267,11,93.536,77.652,4,2756586110,2578049685,178536425,2686635451,643,5142e44ff20077c11c72b9bbfd881a296332f5772d8881fa5f778a15eb2326a5,643,15589,IDENTITY
d1-small-reuse24,qwen2.5-0.5b-instruct-fp16-v2,slice-versus-full-cache-v1,record-reuse,24,940101,development,DEVELOPMENT,attempt-be5e5948f72a445aabaa85c068208136,baseline,0,1,r002,9db71a904d6ba17ac26b341aa3c05c7e729eaed18bd0d5986039c4e05dfa4a0f,0,2,False,True,SUCCEEDED,False,DUETA,DRLQZ,"[35, 4728, 48, 57, 151645]",6290ba1bde0f75670f9566d35b9116d5c78494211a0c670e5b9e2486306df56b,278,266,12,99.462,102.821,5,2971006706,2760821560,210185146,2876989062,643,6b337b6e1716946b782bf76ffe735332e5a34a0105a91c156092e38bde9f0a8f,643,13665,IDENTITY
d1-small-reuse24,qwen2.5-0.5b-instruct-fp16-v2,slice-versus-full-cache-v1,record-reuse,24,940101,development,DEVELOPMENT,attempt-be5e5948f72a445aabaa85c068208136,baseline,0,1,r003,9db71a904d6ba17ac26b341aa3c05c7e729eaed18bd0d5986039c4e05dfa4a0f,0,3,False,True,SUCCEEDED,False,DKACG,DWSJC,"[35, 7433, 58367, 151645]",472f2dc0c19b1370ece26cfcb7c4632bd27e418edaeab5e19729e4cb127a671d,279,266,13,106.599,77.45,4,3170640171,2979215127,191425044,3112476782,643,330e0f0ed7e7731d831e49e47e5c09fd9bf4377a8faad5d712c49911c4dfe32c,643,10640,IDENTITY
d1-small-reuse24,qwen2.5-0.5b-instruct-fp16-v2,slice-versus-full-cache-v1,record-reuse,24,940101,development,DEVELOPMENT,attempt-be5e5948f72a445aabaa85c068208136,baseline,0,1,r004,9db71a904d6ba17ac26b341aa3c05c7e729eaed18bd0d5986039c4e05dfa4a0f,0,4,False,True,SUCCEEDED,True,DOWUV,DOWUV,"[35, 3307, 22246, 151645]",047a3df4e8d8eadd8835726c417aaad9ffc421b200cce0a297a167883e36eb39,278,266,12,97.77,77.758,4,3728108555,3541933959,186174596,3660491888,643,1660a3f24e4a9f16162e4e373f30fe516d2a8d72ba5f53a74ada96f141abee13,643,10629,IDENTITY
d1-small-reuse24,qwen2.5-0.5b-instruct-fp16-v2,slice-versus-full-cache-v1,record-reuse,24,940101,development,DEVELOPMENT,attempt-be5e5948f72a445aabaa85c068208136,baseline,0,1,r005,9db71a904d6ba17ac26b341aa3c05c7e729eaed18bd0d5986039c4e05dfa4a0f,0,5,False,True,SUCCEEDED,False,DCYHN,DQGCF,"[35, 48, 38, 9650, 151645]",32d3262fb73e0e14beb2fd54e451d9d80cb66b6be62456d05e9cdeecfc9f0b98,277,266,11,92.178,105.495,5,3936987971,3732051661,204936310,3850391865,643,a0361b15664ed433c45e4c9ff6654a666ec70305791cda9267912fe3ed259363,643,10519,IDENTITY
d1-small-reuse24,qwen2.5-0.5b-instruct-fp16-v2,slice-versus-full-cache-v1,record-reuse,24,940101,development,DEVELOPMENT,attempt-be5e5948f72a445aabaa85c068208136,baseline,0,1,r006,9db71a904d6ba17ac26b341aa3c05c7e729eaed18bd0d5986039c4e05dfa4a0f,0,6,False,True,SUCCEEDED,False,DHRAE,DGAEN,"[35, 16128, 953, 151645]",523a99e98b1d1223750a6d7570ea35fff3d9c9abc75828f8ea24d3ba0e36bdb0,278,266,12,99.677,78.912,4,4130811077,3944809553,186001524,4068275102,643,f13a8ddb3ce8ab74064bd14c6ed8518e599a4d673f4fa45968b98f41750f11c4,643,10900,IDENTITY
d1-small-reuse24,qwen2.5-0.5b-instruct-fp16-v2,slice-versus-full-cache-v1,record-reuse,24,940101,development,DEVELOPMENT,attempt-be5e5948f72a445aabaa85c068208136,baseline,0,1,r007,9db71a904d6ba17ac26b341aa3c05c7e729eaed18bd0d5986039c4e05dfa4a0f,0,7,False,True,SUCCEEDED,False,DJCAK,DVGPE,"[35, 46641, 1740, 151645]",4e24093feb41f31023523c0638c2f724386e9cf91af32f76c99a8dc14cf247e8,278,266,12,97.911,77.931,4,4737768582,4554889357,182879225,4669226814,643,b8d536dc6716e9044c44cfcb21bc6bbf711b9d01aede84861ebfb2f07c8c773e,643,10630,IDENTITY
d1-small-reuse24,qwen2.5-0.5b-instruct-fp16-v2,slice-versus-full-cache-v1,record-reuse,24,940101,development,DEVELOPMENT,attempt-e3062f1adbe444078edd4548b198a9e0,candidate,0,1,r000,9db71a904d6ba17ac26b341aa3c05c7e729eaed18bd0d5986039c4e05dfa4a0f,0,0,True,True,SUCCEEDED,True,DHQGX,DHQGX,"[51326, 48, 84432, 151645]",ca31958d5b81fe4079a29eaaf2c1dac0bfc0f97c0ecfaa1de053245a3274540d,92,0,92,566.587,73.866,4,1165632193,515788321,649843872,1098206752,643,95afa2d28e279b3a95f209e7609794e9454e43ad394154a212122800f6f4a171,229,83135,CERTIFIED_SLICE
d1-small-reuse24,qwen2.5-0.5b-instruct-fp16-v2,slice-versus-full-cache-v1,record-reuse,24,940101,development,DEVELOPMENT,attempt-e3062f1adbe444078edd4548b198a9e0,candidate,0,1,r001,9db71a904d6ba17ac26b341aa3c05c7e729eaed18bd0d5986039c4e05dfa4a0f,0,1,False,True,SUCCEEDED,False,DVZRV,DWSJC,"[35, 7433, 58367, 151645]",3e5f006bdb19f29f57642367e20997626f4b0cfe9e5a6b4ad9285f63d5a5f767,92,71,21,149.495,74.955,4,1794272788,1561706403,232566385,1738152019,643,5142e44ff20077c11c72b9bbfd881a296332f5772d8881fa5f778a15eb2326a5,229,39855,CERTIFIED_SLICE
d1-small-reuse24,qwen2.5-0.5b-instruct-fp16-v2,slice-versus-full-cache-v1,record-reuse,24,940101,development,DEVELOPMENT,attempt-e3062f1adbe444078edd4548b198a9e0,candidate,0,1,r002,9db71a904d6ba17ac26b341aa3c05c7e729eaed18bd0d5986039c4e05dfa4a0f,0,2,False,True,SUCCEEDED,True,DUETA,DUETA,"[21547, 20695, 151645]",327358df9646e92b0b0ad1c6a0ca3242178322a63d2d3f13fb47db9d332715fd,91,70,21,150.285,49.131,3,2011461483,1800349243,211112240,1977056064,643,6b337b6e1716946b782bf76ffe735332e5a34a0105a91c156092e38bde9f0a8f,229,34023,CERTIFIED_SLICE
d1-small-reuse24,qwen2.5-0.5b-instruct-fp16-v2,slice-versus-full-cache-v1,record-reuse,24,940101,development,DEVELOPMENT,attempt-e3062f1adbe444078edd4548b198a9e0,candidate,0,1,r003,9db71a904d6ba17ac26b341aa3c05c7e729eaed18bd0d5986039c4e05dfa4a0f,0,3,False,True,SUCCEEDED,False,DKACG,DDEJN,"[35, 1150, 41, 45, 151645]",7e8ffaddc75b5a819d218bad625c174f18aa9054d42201b720ddee39220793c7,94,70,24,168.018,99.618,5,2831129072,2556091502,275037570,2751132043,643,330e0f0ed7e7731d831e49e47e5c09fd9bf4377a8faad5d712c49911c4dfe32c,229,33983,CERTIFIED_SLICE
d1-small-reuse24,qwen2.5-0.5b-instruct-fp16-v2,slice-versus-full-cache-v1,record-reuse,24,940101,development,DEVELOPMENT,attempt-e3062f1adbe444078edd4548b198a9e0,candidate,0,1,r004,9db71a904d6ba17ac26b341aa3c05c7e729eaed18bd0d5986039c4e05dfa4a0f,0,4,False,True,SUCCEEDED,True,DOWUV,DOWUV,"[35, 3307, 22246, 151645]",dcfa3abe20459b3de1db077c959051512a3da06719e98afe5368c20b0a60a7c7,92,70,22,155.675,74.334,4,3077854950,2836027896,241827054,3018011745,643,1660a3f24e4a9f16162e4e373f30fe516d2a8d72ba5f53a74ada96f141abee13,229,37169,CERTIFIED_SLICE
d1-small-reuse24,qwen2.5-0.5b-instruct-fp16-v2,slice-versus-full-cache-v1,record-reuse,24,940101,development,DEVELOPMENT,attempt-e3062f1adbe444078edd4548b198a9e0,candidate,0,1,r005,9db71a904d6ba17ac26b341aa3c05c7e729eaed18bd0d5986039c4e05dfa4a0f,0,5,False,True,SUCCEEDED,True,DCYHN,DCYHN,"[5626, 56, 43165, 151645]",915a48640afcf3f6baf30002a02cea051ccfdaab987715d95a7d2624fbd6f84b,90,70,20,144.964,73.498,4,3799526763,3573704866,225821897,3745045384,643,a0361b15664ed433c45e4c9ff6654a666ec70305791cda9267912fe3ed259363,229,33362,CERTIFIED_SLICE
d1-small-reuse24,qwen2.5-0.5b-instruct-fp16-v2,slice-versus-full-cache-v1,record-reuse,24,940101,development,DEVELOPMENT,attempt-e3062f1adbe444078edd4548b198a9e0,candidate,0,1,r006,9db71a904d6ba17ac26b341aa3c05c7e729eaed18bd0d5986039c4e05dfa4a0f,0,6,False,True,SUCCEEDED,False,DHRAE,DGAEN,"[35, 16128, 953, 151645]",11753f1895de562668e175061d85728c231083cdb4fdb02ba16f0ebce336cf2f,92,70,22,154.981,73.465,4,4043009327,3807272945,235736382,3981356115,643,f13a8ddb3ce8ab74064bd14c6ed8518e599a4d673f4fa45968b98f41750f11c4,229,34013,CERTIFIED_SLICE
d1-small-reuse24,qwen2.5-0.5b-instruct-fp16-v2,slice-versus-full-cache-v1,record-reuse,24,940101,development,DEVELOPMENT,attempt-e3062f1adbe444078edd4548b198a9e0,candidate,0,1,r007,9db71a904d6ba17ac26b341aa3c05c7e729eaed18bd0d5986039c4e05dfa4a0f,0,7,False,True,SUCCEEDED,False,DJCAK,DDOTI,"[4103, 1793, 40, 151645]",a6eb4dfb80d387b3e7caff030445e6b00bfd072383bec34b988778185738f346,92,70,22,154.851,73.282,4,4814038176,4574192779,239845397,4751977306,643,b8d536dc6716e9044c44cfcb21bc6bbf711b9d01aede84861ebfb2f07c8c773e,229,40386,CERTIFIED_SLICE
d1-small-reuse24,qwen2.5-0.5b-instruct-fp16-v2,slice-versus-full-cache-v1,record-reuse,24,940101,development,DEVELOPMENT,attempt-45af48da75a14de98489227a2d528ccc,candidate,1,1,r000,9db71a904d6ba17ac26b341aa3c05c7e729eaed18bd0d5986039c4e05dfa4a0f,0,0,True,True,SUCCEEDED,True,DHQGX,DHQGX,"[51326, 48, 84432, 151645]",ca31958d5b81fe4079a29eaaf2c1dac0bfc0f97c0ecfaa1de053245a3274540d,92,0,92,568.752,78.139,4,1175787937,513303728,662484209,1112903405,643,95afa2d28e279b3a95f209e7609794e9454e43ad394154a212122800f6f4a171,229,71503,CERTIFIED_SLICE
d1-small-reuse24,qwen2.5-0.5b-instruct-fp16-v2,slice-versus-full-cache-v1,record-reuse,24,940101,development,DEVELOPMENT,attempt-45af48da75a14de98489227a2d528ccc,candidate,1,1,r001,9db71a904d6ba17ac26b341aa3c05c7e729eaed18bd0d5986039c4e05dfa4a0f,0,1,False,True,SUCCEEDED,False,DVZRV,DWSJC,"[35, 7433, 58367, 151645]",3e5f006bdb19f29f57642367e20997626f4b0cfe9e5a6b4ad9285f63d5a5f767,92,71,21,150.804,78.111,4,1814058789,1573147258,240911531,1740701212,643,5142e44ff20077c11c72b9bbfd881a296332f5772d8881fa5f778a15eb2326a5,229,37449,CERTIFIED_SLICE
d1-small-reuse24,qwen2.5-0.5b-instruct-fp16-v2,slice-versus-full-cache-v1,record-reuse,24,940101,development,DEVELOPMENT,attempt-45af48da75a14de98489227a2d528ccc,candidate,1,1,r002,9db71a904d6ba17ac26b341aa3c05c7e729eaed18bd0d5986039c4e05dfa4a0f,0,2,False,True,SUCCEEDED,True,DUETA,DUETA,"[21547, 20695, 151645]",327358df9646e92b0b0ad1c6a0ca3242178322a63d2d3f13fb47db9d332715fd,91,70,21,151.903,50.319,3,2032508691,1818109214,214399477,1989834308,643,6b337b6e1716946b782bf76ffe735332e5a34a0105a91c156092e38bde9f0a8f,229,36388,CERTIFIED_SLICE
d1-small-reuse24,qwen2.5-0.5b-instruct-fp16-v2,slice-versus-full-cache-v1,record-reuse,24,940101,development,DEVELOPMENT,attempt-45af48da75a14de98489227a2d528ccc,candidate,1,1,r003,9db71a904d6ba17ac26b341aa3c05c7e729eaed18bd0d5986039c4e05dfa4a0f,0,3,False,True,SUCCEEDED,False,DKACG,DDEJN,"[35, 1150, 41, 45, 151645]",7e8ffaddc75b5a819d218bad625c174f18aa9054d42201b720ddee39220793c7,94,70,24,168.845,101.522,5,2821589384,2544154164,277435220,2721370603,643,330e0f0ed7e7731d831e49e47e5c09fd9bf4377a8faad5d712c49911c4dfe32c,229,34464,CERTIFIED_SLICE
d1-small-reuse24,qwen2.5-0.5b-instruct-fp16-v2,slice-versus-full-cache-v1,record-reuse,24,940101,development,DEVELOPMENT,attempt-45af48da75a14de98489227a2d528ccc,candidate,1,1,r004,9db71a904d6ba17ac26b341aa3c05c7e729eaed18bd0d5986039c4e05dfa4a0f,0,4,False,True,SUCCEEDED,True,DOWUV,DOWUV,"[35, 3307, 22246, 151645]",dcfa3abe20459b3de1db077c959051512a3da06719e98afe5368c20b0a60a7c7,92,70,22,156.193,74.443,4,3071656558,2830193021,241463537,3012774642,643,1660a3f24e4a9f16162e4e373f30fe516d2a8d72ba5f53a74ada96f141abee13,229,33232,CERTIFIED_SLICE
d1-small-reuse24,qwen2.5-0.5b-instruct-fp16-v2,slice-versus-full-cache-v1,record-reuse,24,940101,development,DEVELOPMENT,attempt-45af48da75a14de98489227a2d528ccc,candidate,1,1,r005,9db71a904d6ba17ac26b341aa3c05c7e729eaed18bd0d5986039c4e05dfa4a0f,0,5,False,True,SUCCEEDED,True,DCYHN,DCYHN,"[5626, 56, 43165, 151645]",915a48640afcf3f6baf30002a02cea051ccfdaab987715d95a7d2624fbd6f84b,90,70,20,145.448,74.264,4,3785983878,3559074557,226909321,3720705632,643,a0361b15664ed433c45e4c9ff6654a666ec70305791cda9267912fe3ed259363,229,33613,CERTIFIED_SLICE
d1-small-reuse24,qwen2.5-0.5b-instruct-fp16-v2,slice-versus-full-cache-v1,record-reuse,24,940101,development,DEVELOPMENT,attempt-45af48da75a14de98489227a2d528ccc,candidate,1,1,r006,9db71a904d6ba17ac26b341aa3c05c7e729eaed18bd0d5986039c4e05dfa4a0f,0,6,False,True,SUCCEEDED,False,DHRAE,DGAEN,"[35, 16128, 953, 151645]",11753f1895de562668e175061d85728c231083cdb4fdb02ba16f0ebce336cf2f,92,70,22,156.259,74.977,4,4031197992,3792797834,238400158,3965737357,643,f13a8ddb3ce8ab74064bd14c6ed8518e599a4d673f4fa45968b98f41750f11c4,229,33582,CERTIFIED_SLICE
d1-small-reuse24,qwen2.5-0.5b-instruct-fp16-v2,slice-versus-full-cache-v1,record-reuse,24,940101,development,DEVELOPMENT,attempt-45af48da75a14de98489227a2d528ccc,candidate,1,1,r007,9db71a904d6ba17ac26b341aa3c05c7e729eaed18bd0d5986039c4e05dfa4a0f,0,7,False,True,SUCCEEDED,False,DJCAK,DDOTI,"[4103, 1793, 40, 151645]",a6eb4dfb80d387b3e7caff030445e6b00bfd072383bec34b988778185738f346,92,70,22,154.714,74.308,4,4789633332,4547347946,242285386,4730825945,643,b8d536dc6716e9044c44cfcb21bc6bbf711b9d01aede84861ebfb2f07c8c773e,229,33032,CERTIFIED_SLICE
d1-small-reuse24,qwen2.5-0.5b-instruct-fp16-v2,slice-versus-full-cache-v1,record-reuse,24,940101,development,DEVELOPMENT,attempt-fd6771027773471e953b29a541459d73,baseline,1,1,r000,9db71a904d6ba17ac26b341aa3c05c7e729eaed18bd0d5986039c4e05dfa4a0f,0,0,True,True,SUCCEEDED,False,DHQGX,DQGX,"[35, 48, 84432, 151645]",409cb68e1b9341ca4a62cbb2318b75e023d7c6955baa51ec7ad3ef7d9ed297d4,278,0,278,1759.243,86.518,4,2432890796,579330998,1853559798,2359755663,643,95afa2d28e279b3a95f209e7609794e9454e43ad394154a212122800f6f4a171,643,49642,IDENTITY
d1-small-reuse24,qwen2.5-0.5b-instruct-fp16-v2,slice-versus-full-cache-v1,record-reuse,24,940101,development,DEVELOPMENT,attempt-fd6771027773471e953b29a541459d73,baseline,1,1,r001,9db71a904d6ba17ac26b341aa3c05c7e729eaed18bd0d5986039c4e05dfa4a0f,0,1,False,True,SUCCEEDED,False,DVZRV,DOWUV,"[35, 3307, 22246, 151645]",513ecabb26a53d78cd32e87d52b8412b11a3486ade58fd2e2cb2182d0862d5e5,278,267,11,97.667,85.095,4,2744003180,2554718669,189284511,2663227312,643,5142e44ff20077c11c72b9bbfd881a296332f5772d8881fa5f778a15eb2326a5,643,30317,IDENTITY
d1-small-reuse24,qwen2.5-0.5b-instruct-fp16-v2,slice-versus-full-cache-v1,record-reuse,24,940101,development,DEVELOPMENT,attempt-fd6771027773471e953b29a541459d73,baseline,1,1,r002,9db71a904d6ba17ac26b341aa3c05c7e729eaed18bd0d5986039c4e05dfa4a0f,0,2,False,True,SUCCEEDED,False,DUETA,DRLQZ,"[35, 4728, 48, 57, 151645]",6290ba1bde0f75670f9566d35b9116d5c78494211a0c670e5b9e2486306df56b,278,266,12,105.672,111.762,5,2978745904,2753894262,224851642,2876180107,643,6b337b6e1716946b782bf76ffe735332e5a34a0105a91c156092e38bde9f0a8f,643,25116,IDENTITY
d1-small-reuse24,qwen2.5-0.5b-instruct-fp16-v2,slice-versus-full-cache-v1,record-reuse,24,940101,development,DEVELOPMENT,attempt-fd6771027773471e953b29a541459d73,baseline,1,1,r003,9db71a904d6ba17ac26b341aa3c05c7e729eaed18bd0d5986039c4e05dfa4a0f,0,3,False,True,SUCCEEDED,False,DKACG,DWSJC,"[35, 7433, 58367, 151645]",472f2dc0c19b1370ece26cfcb7c4632bd27e418edaeab5e19729e4cb127a671d,279,266,13,112.479,86.301,4,3191737691,2984486103,207251588,3114288622,643,330e0f0ed7e7731d831e49e47e5c09fd9bf4377a8faad5d712c49911c4dfe32c,643,24015,IDENTITY
d1-small-reuse24,qwen2.5-0.5b-instruct-fp16-v2,slice-versus-full-cache-v1,record-reuse,24,940101,development,DEVELOPMENT,attempt-fd6771027773471e953b29a541459d73,baseline,1,1,r004,9db71a904d6ba17ac26b341aa3c05c7e729eaed18bd0d5986039c4e05dfa4a0f,0,4,False,True,SUCCEEDED,True,DOWUV,DOWUV,"[35, 3307, 22246, 151645]",047a3df4e8d8eadd8835726c417aaad9ffc421b200cce0a297a167883e36eb39,278,266,12,103.25,80.74,4,3754102895,3558621575,195481320,3675579988,643,1660a3f24e4a9f16162e4e373f30fe516d2a8d72ba5f53a74ada96f141abee13,643,22151,IDENTITY
d1-small-reuse24,qwen2.5-0.5b-instruct-fp16-v2,slice-versus-full-cache-v1,record-reuse,24,940101,development,DEVELOPMENT,attempt-fd6771027773471e953b29a541459d73,baseline,1,1,r005,9db71a904d6ba17ac26b341aa3c05c7e729eaed18bd0d5986039c4e05dfa4a0f,0,5,False,True,SUCCEEDED,False,DCYHN,DQGCF,"[35, 48, 38, 9650, 151645]",32d3262fb73e0e14beb2fd54e451d9d80cb66b6be62456d05e9cdeecfc9f0b98,277,266,11,95.091,109.108,5,3973229125,3760453821,212775304,3872973967,643,a0361b15664ed433c45e4c9ff6654a666ec70305791cda9267912fe3ed259363,643,22402,IDENTITY
d1-small-reuse24,qwen2.5-0.5b-instruct-fp16-v2,slice-versus-full-cache-v1,record-reuse,24,940101,development,DEVELOPMENT,attempt-fd6771027773471e953b29a541459d73,baseline,1,1,r006,9db71a904d6ba17ac26b341aa3c05c7e729eaed18bd0d5986039c4e05dfa4a0f,0,6,False,True,SUCCEEDED,False,DHRAE,DGAEN,"[35, 16128, 953, 151645]",523a99e98b1d1223750a6d7570ea35fff3d9c9abc75828f8ea24d3ba0e36bdb0,278,266,12,101.488,77.492,4,4170936968,3981037262,189899706,4106677207,643,f13a8ddb3ce8ab74064bd14c6ed8518e599a4d673f4fa45968b98f41750f11c4,643,23685,IDENTITY
d1-small-reuse24,qwen2.5-0.5b-instruct-fp16-v2,slice-versus-full-cache-v1,record-reuse,24,940101,development,DEVELOPMENT,attempt-fd6771027773471e953b29a541459d73,baseline,1,1,r007,9db71a904d6ba17ac26b341aa3c05c7e729eaed18bd0d5986039c4e05dfa4a0f,0,7,False,True,SUCCEEDED,False,DJCAK,DVGPE,"[35, 46641, 1740, 151645]",4e24093feb41f31023523c0638c2f724386e9cf91af32f76c99a8dc14cf247e8,278,266,12,99.675,79.727,4,4753023272,4566700601,186322671,4680987264,643,b8d536dc6716e9044c44cfcb21bc6bbf711b9d01aede84861ebfb2f07c8c773e,643,21801,IDENTITY
d2-large-reuse24,qwen2.5-14b-instruct-fp16-v1,slice-versus-full-cache-v1,record-reuse,24,940101,development,DEVELOPMENT,attempt-6e1d6aae3bb44acba3d2c26ce412eb3e,baseline,0,1,r000,9db71a904d6ba17ac26b341aa3c05c7e729eaed18bd0d5986039c4e05dfa4a0f,0,0,True,True,SUCCEEDED,True,DHQGX,DHQGX,"[51326, 48, 84432, 151645]",409cb68e1b9341ca4a62cbb2318b75e023d7c6955baa51ec7ad3ef7d9ed297d4,278,0,278,21290.09,2706.289,4,24558490075,536040889,24022449186,21840176862,643,95afa2d28e279b3a95f209e7609794e9454e43ad394154a212122800f6f4a171,643,39543,IDENTITY
d2-large-reuse24,qwen2.5-14b-instruct-fp16-v1,slice-versus-full-cache-v1,record-reuse,24,940101,development,DEVELOPMENT,attempt-6e1d6aae3bb44acba3d2c26ce412eb3e,baseline,0,1,r001,9db71a904d6ba17ac26b341aa3c05c7e729eaed18bd0d5986039c4e05dfa4a0f,0,1,False,True,SUCCEEDED,False,DVZRV,VZRV,"[53, 57, 35281, 151645]",513ecabb26a53d78cd32e87d52b8412b11a3486ade58fd2e2cb2182d0862d5e5,278,267,11,975.193,1898.732,4,27570873561,24671777158,2899096403,25680377283,643,5142e44ff20077c11c72b9bbfd881a296332f5772d8881fa5f778a15eb2326a5,643,12484,IDENTITY
d2-large-reuse24,qwen2.5-14b-instruct-fp16-v1,slice-versus-full-cache-v1,record-reuse,24,940101,development,DEVELOPMENT,attempt-6e1d6aae3bb44acba3d2c26ce412eb3e,baseline,0,1,r002,9db71a904d6ba17ac26b341aa3c05c7e729eaed18bd0d5986039c4e05dfa4a0f,0,2,False,True,SUCCEEDED,False,DUETA,UETA,"[52, 20695, 151645]",6290ba1bde0f75670f9566d35b9116d5c78494211a0c670e5b9e2486306df56b,278,266,12,1042.823,1264.577,3,30015654460,27685528297,2330126163,28743460984,643,6b337b6e1716946b782bf76ffe735332e5a34a0105a91c156092e38bde9f0a8f,643,10880,IDENTITY
d2-large-reuse24,qwen2.5-14b-instruct-fp16-v1,slice-versus-full-cache-v1,record-reuse,24,940101,development,DEVELOPMENT,attempt-6e1d6aae3bb44acba3d2c26ce412eb3e,baseline,0,1,r003,9db71a904d6ba17ac26b341aa3c05c7e729eaed18bd0d5986039c4e05dfa4a0f,0,3,False,True,SUCCEEDED,False,DKACG,KACG,"[42, 1706, 38, 151645]",472f2dc0c19b1370ece26cfcb7c4632bd27e418edaeab5e19729e4cb127a671d,279,266,13,1126.0,1907.568,4,33090696597,30032732376,3057964221,31192022603,643,330e0f0ed7e7731d831e49e47e5c09fd9bf4377a8faad5d712c49911c4dfe32c,643,11261,IDENTITY
d2-large-reuse24,qwen2.5-14b-instruct-fp16-v1,slice-versus-full-cache-v1,record-reuse,24,940101,development,DEVELOPMENT,attempt-6e1d6aae3bb44acba3d2c26ce412eb3e,baseline,0,1,r004,9db71a904d6ba17ac26b341aa3c05c7e729eaed18bd0d5986039c4e05dfa4a0f,0,4,False,True,SUCCEEDED,True,DOWUV,DOWUV,"[35, 3307, 22246, 151645]",047a3df4e8d8eadd8835726c417aaad9ffc421b200cce0a297a167883e36eb39,278,266,12,1051.04,1943.337,4,36114325423,33104536873,3009788550,34178777163,643,1660a3f24e4a9f16162e4e373f30fe516d2a8d72ba5f53a74ada96f141abee13,643,10951,IDENTITY
d2-large-reuse24,qwen2.5-14b-instruct-fp16-v1,slice-versus-full-cache-v1,record-reuse,24,940101,development,DEVELOPMENT,attempt-6e1d6aae3bb44acba3d2c26ce412eb3e,baseline,0,1,r005,9db71a904d6ba17ac26b341aa3c05c7e729eaed18bd0d5986039c4e05dfa4a0f,0,5,False,True,SUCCEEDED,False,DCYHN,C,"[34, 151645]",32d3262fb73e0e14beb2fd54e451d9d80cb66b6be62456d05e9cdeecfc9f0b98,277,266,11,1233.935,642.293,2,38582533785,36683011784,1899522001,37936881338,643,a0361b15664ed433c45e4c9ff6654a666ec70305791cda9267912fe3ed259363,643,11000,IDENTITY
d2-large-reuse24,qwen2.5-14b-instruct-fp16-v1,slice-versus-full-cache-v1,record-reuse,24,940101,development,DEVELOPMENT,attempt-6e1d6aae3bb44acba3d2c26ce412eb3e,baseline,0,1,r006,9db71a904d6ba17ac26b341aa3c05c7e729eaed18bd0d5986039c4e05dfa4a0f,0,6,False,True,SUCCEEDED,True,DHRAE,DHRAE,"[51326, 5609, 36, 151645]",523a99e98b1d1223750a6d7570ea35fff3d9c9abc75828f8ea24d3ba0e36bdb0,278,266,12,1043.616,1924.622,4,41725410949,38732319817,2993091132,39799654907,643,f13a8ddb3ce8ab74064bd14c6ed8518e599a4d673f4fa45968b98f41750f11c4,643,10810,IDENTITY
d2-large-reuse24,qwen2.5-14b-instruct-fp16-v1,slice-versus-full-cache-v1,record-reuse,24,940101,development,DEVELOPMENT,attempt-6e1d6aae3bb44acba3d2c26ce412eb3e,baseline,0,1,r007,9db71a904d6ba17ac26b341aa3c05c7e729eaed18bd0d5986039c4e05dfa4a0f,0,7,False,True,SUCCEEDED,False,DJCAK,JCAK,"[41, 5049, 42, 151645]",4e24093feb41f31023523c0638c2f724386e9cf91af32f76c99a8dc14cf247e8,278,266,12,1046.954,1895.406,4,44708067378,41741668790,2966398588,42809927988,643,b8d536dc6716e9044c44cfcb21bc6bbf711b9d01aede84861ebfb2f07c8c773e,643,10921,IDENTITY
d2-large-reuse24,qwen2.5-14b-instruct-fp16-v1,slice-versus-full-cache-v1,record-reuse,24,940101,development,DEVELOPMENT,attempt-5c47e3d568704c4baee9929ec1e79037,candidate,0,1,r000,9db71a904d6ba17ac26b341aa3c05c7e729eaed18bd0d5986039c4e05dfa4a0f,0,0,True,True,SUCCEEDED,False,DHQGX,H,"[39, 151645]",ca31958d5b81fe4079a29eaaf2c1dac0bfc0f97c0ecfaa1de053245a3274540d,92,0,92,6910.337,650.093,2,8122364103,537242072,7585122031,7476375491,643,95afa2d28e279b3a95f209e7609794e9454e43ad394154a212122800f6f4a171,229,85729,CERTIFIED_SLICE
d2-large-reuse24,qwen2.5-14b-instruct-fp16-v1,slice-versus-full-cache-v1,record-reuse,24,940101,development,DEVELOPMENT,attempt-5c47e3d568704c4baee9929ec1e79037,candidate,0,1,r001,9db71a904d6ba17ac26b341aa3c05c7e729eaed18bd0d5986039c4e05dfa4a0f,0,1,False,True,SUCCEEDED,False,DVZRV,D,"[35, 151645]",3e5f006bdb19f29f57642367e20997626f4b0cfe9e5a6b4ad9285f63d5a5f767,92,71,21,1697.31,627.908,2,10953451806,8604056713,2349395093,10327629061,643,5142e44ff20077c11c72b9bbfd881a296332f5772d8881fa5f778a15eb2326a5,229,43280,CERTIFIED_SLICE
d2-large-reuse24,qwen2.5-14b-instruct-fp16-v1,slice-versus-full-cache-v1,record-reuse,24,940101,development,DEVELOPMENT,attempt-5c47e3d568704c4baee9929ec1e79037,candidate,0,1,r002,9db71a904d6ba17ac26b341aa3c05c7e729eaed18bd0d5986039c4e05dfa4a0f,0,2,False,True,SUCCEEDED,True,DUETA,DUETA,"[21547, 20695, 151645]",327358df9646e92b0b0ad1c6a0ca3242178322a63d2d3f13fb47db9d332715fd,91,70,21,1698.765,1292.918,3,13985491281,10970529341,3014961940,12693875148,643,6b337b6e1716946b782bf76ffe735332e5a34a0105a91c156092e38bde9f0a8f,229,34534,CERTIFIED_SLICE
d2-large-reuse24,qwen2.5-14b-instruct-fp16-v1,slice-versus-full-cache-v1,record-reuse,24,940101,development,DEVELOPMENT,attempt-5c47e3d568704c4baee9929ec1e79037,candidate,0,1,r003,9db71a904d6ba17ac26b341aa3c05c7e729eaed18bd0d5986039c4e05dfa4a0f,0,3,False,True,SUCCEEDED,False,DKACG,D,"[35, 151645]",7e8ffaddc75b5a819d218bad625c174f18aa9054d42201b720ddee39220793c7,94,70,24,1907.333,637.168,2,16572970783,14002564428,2570406355,15939964602,643,330e0f0ed7e7731d831e49e47e5c09fd9bf4377a8faad5d712c49911c4dfe32c,229,35146,CERTIFIED_SLICE
d2-large-reuse24,qwen2.5-14b-instruct-fp16-v1,slice-versus-full-cache-v1,record-reuse,24,940101,development,DEVELOPMENT,attempt-5c47e3d568704c4baee9929ec1e79037,candidate,0,1,r004,9db71a904d6ba17ac26b341aa3c05c7e729eaed18bd0d5986039c4e05dfa4a0f,0,4,False,True,SUCCEEDED,False,DOWUV,D,"[35, 151645]",dcfa3abe20459b3de1db077c959051512a3da06719e98afe5368c20b0a60a7c7,92,70,22,1781.914,624.333,2,19083746498,16653237176,2430509322,18467502785,643,1660a3f24e4a9f16162e4e373f30fe516d2a8d72ba5f53a74ada96f141abee13,229,37400,CERTIFIED_SLICE
d2-large-reuse24,qwen2.5-14b-instruct-fp16-v1,slice-versus-full-cache-v1,record-reuse,24,940101,development,DEVELOPMENT,attempt-5c47e3d568704c4baee9929ec1e79037,candidate,0,1,r005,9db71a904d6ba17ac26b341aa3c05c7e729eaed18bd0d5986039c4e05dfa4a0f,0,5,False,True,SUCCEEDED,False,DCYHN,D,"[35, 151645]",915a48640afcf3f6baf30002a02cea051ccfdaab987715d95a7d2624fbd6f84b,90,70,20,1627.064,625.727,2,21889333142,19611937670,2277395472,21265692846,643,a0361b15664ed433c45e4c9ff6654a666ec70305791cda9267912fe3ed259363,229,37139,CERTIFIED_SLICE
d2-large-reuse24,qwen2.5-14b-instruct-fp16-v1,slice-versus-full-cache-v1,record-reuse,24,940101,development,DEVELOPMENT,attempt-5c47e3d568704c4baee9929ec1e79037,candidate,0,1,r006,9db71a904d6ba17ac26b341aa3c05c7e729eaed18bd0d5986039c4e05dfa4a0f,0,6,False,True,SUCCEEDED,False,DHRAE,D,"[35, 151645]",11753f1895de562668e175061d85728c231083cdb4fdb02ba16f0ebce336cf2f,92,70,22,1765.768,625.9,2,24320002342,21904753536,2415248806,23703292132,643,f13a8ddb3ce8ab74064bd14c6ed8518e599a4d673f4fa45968b98f41750f11c4,229,37340,CERTIFIED_SLICE
d2-large-reuse24,qwen2.5-14b-instruct-fp16-v1,slice-versus-full-cache-v1,record-reuse,24,940101,development,DEVELOPMENT,attempt-5c47e3d568704c4baee9929ec1e79037,candidate,0,1,r007,9db71a904d6ba17ac26b341aa3c05c7e729eaed18bd0d5986039c4e05dfa4a0f,0,7,False,True,SUCCEEDED,False,DJCAK,D,"[35, 151645]",a6eb4dfb80d387b3e7caff030445e6b00bfd072383bec34b988778185738f346,92,70,22,1881.354,624.979,2,27185333389,24655062453,2530270936,26567699822,643,b8d536dc6716e9044c44cfcb21bc6bbf711b9d01aede84861ebfb2f07c8c773e,229,36498,CERTIFIED_SLICE
d2-large-reuse24,qwen2.5-14b-instruct-fp16-v1,slice-versus-full-cache-v1,record-reuse,24,940101,development,DEVELOPMENT,attempt-53cedc1e12bd4444b72ec00d9834c3b3,candidate,1,1,r000,9db71a904d6ba17ac26b341aa3c05c7e729eaed18bd0d5986039c4e05dfa4a0f,0,0,True,True,SUCCEEDED,False,DHQGX,H,"[39, 151645]",ca31958d5b81fe4079a29eaaf2c1dac0bfc0f97c0ecfaa1de053245a3274540d,92,0,92,6859.703,628.082,2,8046878293,533257793,7513620500,7418495558,643,95afa2d28e279b3a95f209e7609794e9454e43ad394154a212122800f6f4a171,229,72795,CERTIFIED_SLICE
d2-large-reuse24,qwen2.5-14b-instruct-fp16-v1,slice-versus-full-cache-v1,record-reuse,24,940101,development,DEVELOPMENT,attempt-53cedc1e12bd4444b72ec00d9834c3b3,candidate,1,1,r001,9db71a904d6ba17ac26b341aa3c05c7e729eaed18bd0d5986039c4e05dfa4a0f,0,1,False,True,SUCCEEDED,False,DVZRV,D,"[35, 151645]",3e5f006bdb19f29f57642367e20997626f4b0cfe9e5a6b4ad9285f63d5a5f767,92,71,21,1671.05,625.049,2,10894389434,8576684568,2317704866,10280314595,643,5142e44ff20077c11c72b9bbfd881a296332f5772d8881fa5f778a15eb2326a5,229,43140,CERTIFIED_SLICE
d2-large-reuse24,qwen2.5-14b-instruct-fp16-v1,slice-versus-full-cache-v1,record-reuse,24,940101,development,DEVELOPMENT,attempt-53cedc1e12bd4444b72ec00d9834c3b3,candidate,1,1,r002,9db71a904d6ba17ac26b341aa3c05c7e729eaed18bd0d5986039c4e05dfa4a0f,0,2,False,True,SUCCEEDED,True,DUETA,DUETA,"[21547, 20695, 151645]",327358df9646e92b0b0ad1c6a0ca3242178322a63d2d3f13fb47db9d332715fd,91,70,21,1677.384,1246.949,3,13851287856,10908222335,2943065521,12618236693,643,6b337b6e1716946b782bf76ffe735332e5a34a0105a91c156092e38bde9f0a8f,229,38381,CERTIFIED_SLICE
d2-large-reuse24,qwen2.5-14b-instruct-fp16-v1,slice-versus-full-cache-v1,record-reuse,24,940101,development,DEVELOPMENT,attempt-53cedc1e12bd4444b72ec00d9834c3b3,candidate,1,1,r003,9db71a904d6ba17ac26b341aa3c05c7e729eaed18bd0d5986039c4e05dfa4a0f,0,3,False,True,SUCCEEDED,False,DKACG,D,"[35, 151645]",7e8ffaddc75b5a819d218bad625c174f18aa9054d42201b720ddee39220793c7,94,70,24,1885.325,627.025,2,16404174374,13867565684,2536608690,15780733780,643,330e0f0ed7e7731d831e49e47e5c09fd9bf4377a8faad5d712c49911c4dfe32c,229,37610,CERTIFIED_SLICE
d2-large-reuse24,qwen2.5-14b-instruct-fp16-v1,slice-versus-full-cache-v1,record-reuse,24,940101,development,DEVELOPMENT,attempt-53cedc1e12bd4444b72ec00d9834c3b3,candidate,1,1,r004,9db71a904d6ba17ac26b341aa3c05c7e729eaed18bd0d5986039c4e05dfa4a0f,0,4,False,True,SUCCEEDED,False,DOWUV,D,"[35, 151645]",dcfa3abe20459b3de1db077c959051512a3da06719e98afe5368c20b0a60a7c7,92,70,22,1753.268,631.661,2,19033612557,16628452551,2405160006,18402570739,643,1660a3f24e4a9f16162e4e373f30fe516d2a8d72ba5f53a74ada96f141abee13,229,34884,CERTIFIED_SLICE
d2-large-reuse24,qwen2.5-14b-instruct-fp16-v1,slice-versus-full-cache-v1,record-reuse,24,940101,development,DEVELOPMENT,attempt-53cedc1e12bd4444b72ec00d9834c3b3,candidate,1,1,r005,9db71a904d6ba17ac26b341aa3c05c7e729eaed18bd0d5986039c4e05dfa4a0f,0,5,False,True,SUCCEEDED,False,DCYHN,D,"[35, 151645]",915a48640afcf3f6baf30002a02cea051ccfdaab987715d95a7d2624fbd6f84b,90,70,20,1624.391,628.942,2,21326849817,19053936739,2272913078,20697586826,643,a0361b15664ed433c45e4c9ff6654a666ec70305791cda9267912fe3ed259363,229,35486,CERTIFIED_SLICE
d2-large-reuse24,qwen2.5-14b-instruct-fp16-v1,slice-versus-full-cache-v1,record-reuse,24,940101,development,DEVELOPMENT,attempt-53cedc1e12bd4444b72ec00d9834c3b3,candidate,1,1,r006,9db71a904d6ba17ac26b341aa3c05c7e729eaed18bd0d5986039c4e05dfa4a0f,0,6,False,True,SUCCEEDED,False,DHRAE,D,"[35, 151645]",11753f1895de562668e175061d85728c231083cdb4fdb02ba16f0ebce336cf2f,92,70,22,1923.289,630.011,2,24197932389,21630933299,2566999090,23587577797,643,f13a8ddb3ce8ab74064bd14c6ed8518e599a4d673f4fa45968b98f41750f11c4,229,36618,CERTIFIED_SLICE
d2-large-reuse24,qwen2.5-14b-instruct-fp16-v1,slice-versus-full-cache-v1,record-reuse,24,940101,development,DEVELOPMENT,attempt-53cedc1e12bd4444b72ec00d9834c3b3,candidate,1,1,r007,9db71a904d6ba17ac26b341aa3c05c7e729eaed18bd0d5986039c4e05dfa4a0f,0,7,False,True,SUCCEEDED,False,DJCAK,D,"[35, 151645]",a6eb4dfb80d387b3e7caff030445e6b00bfd072383bec34b988778185738f346,92,70,22,1757.446,625.655,2,27056326287,24650007846,2406318441,26440700914,643,b8d536dc6716e9044c44cfcb21bc6bbf711b9d01aede84861ebfb2f07c8c773e,229,35105,CERTIFIED_SLICE
d2-large-reuse24,qwen2.5-14b-instruct-fp16-v1,slice-versus-full-cache-v1,record-reuse,24,940101,development,DEVELOPMENT,attempt-27208fbbabd54825b71bef1ce6b90514,baseline,1,1,r000,9db71a904d6ba17ac26b341aa3c05c7e729eaed18bd0d5986039c4e05dfa4a0f,0,0,True,True,SUCCEEDED,True,DHQGX,DHQGX,"[51326, 48, 84432, 151645]",409cb68e1b9341ca4a62cbb2318b75e023d7c6955baa51ec7ad3ef7d9ed297d4,278,0,278,20974.906,1918.073,4,23452461682,534525511,22917936171,21545052695,643,95afa2d28e279b3a95f209e7609794e9454e43ad394154a212122800f6f4a171,643,35476,IDENTITY
d2-large-reuse24,qwen2.5-14b-instruct-fp16-v1,slice-versus-full-cache-v1,record-reuse,24,940101,development,DEVELOPMENT,attempt-27208fbbabd54825b71bef1ce6b90514,baseline,1,1,r001,9db71a904d6ba17ac26b341aa3c05c7e729eaed18bd0d5986039c4e05dfa4a0f,0,1,False,True,SUCCEEDED,False,DVZRV,VZRV,"[53, 57, 35281, 151645]",513ecabb26a53d78cd32e87d52b8412b11a3486ade58fd2e2cb2182d0862d5e5,278,267,11,1000.014,1904.576,4,26596036002,23666034392,2930001610,24689538991,643,5142e44ff20077c11c72b9bbfd881a296332f5772d8881fa5f778a15eb2326a5,643,18775,IDENTITY
d2-large-reuse24,qwen2.5-14b-instruct-fp16-v1,slice-versus-full-cache-v1,record-reuse,24,940101,development,DEVELOPMENT,attempt-27208fbbabd54825b71bef1ce6b90514,baseline,1,1,r002,9db71a904d6ba17ac26b341aa3c05c7e729eaed18bd0d5986039c4e05dfa4a0f,0,2,False,True,SUCCEEDED,False,DUETA,UETA,"[52, 20695, 151645]",6290ba1bde0f75670f9566d35b9116d5c78494211a0c670e5b9e2486306df56b,278,266,12,1053.618,1271.468,3,29005788647,26661915873,2343872774,27737152796,643,6b337b6e1716946b782bf76ffe735332e5a34a0105a91c156092e38bde9f0a8f,643,17102,IDENTITY
d2-large-reuse24,qwen2.5-14b-instruct-fp16-v1,slice-versus-full-cache-v1,record-reuse,24,940101,development,DEVELOPMENT,attempt-27208fbbabd54825b71bef1ce6b90514,baseline,1,1,r003,9db71a904d6ba17ac26b341aa3c05c7e729eaed18bd0d5986039c4e05dfa4a0f,0,3,False,True,SUCCEEDED,False,DKACG,KACG,"[42, 1706, 38, 151645]",472f2dc0c19b1370ece26cfcb7c4632bd27e418edaeab5e19729e4cb127a671d,279,266,13,1118.583,1898.165,4,32069107696,29022865541,3046242155,30168141429,643,330e0f0ed7e7731d831e49e47e5c09fd9bf4377a8faad5d712c49911c4dfe32c,643,15559,IDENTITY
d2-large-reuse24,qwen2.5-14b-instruct-fp16-v1,slice-versus-full-cache-v1,record-reuse,24,940101,development,DEVELOPMENT,attempt-27208fbbabd54825b71bef1ce6b90514,baseline,1,1,r004,9db71a904d6ba17ac26b341aa3c05c7e729eaed18bd0d5986039c4e05dfa4a0f,0,4,False,True,SUCCEEDED,True,DOWUV,DOWUV,"[35, 3307, 22246, 151645]",047a3df4e8d8eadd8835726c417aaad9ffc421b200cce0a297a167883e36eb39,278,266,12,1059.286,1944.007,4,35098419800,32083928845,3014490955,33169165703,643,1660a3f24e4a9f16162e4e373f30fe516d2a8d72ba5f53a74ada96f141abee13,643,13255,IDENTITY
d2-large-reuse24,qwen2.5-14b-instruct-fp16-v1,slice-versus-full-cache-v1,record-reuse,24,940101,development,DEVELOPMENT,attempt-27208fbbabd54825b71bef1ce6b90514,baseline,1,1,r005,9db71a904d6ba17ac26b341aa3c05c7e729eaed18bd0d5986039c4e05dfa4a0f,0,5,False,True,SUCCEEDED,False,DCYHN,C,"[34, 151645]",32d3262fb73e0e14beb2fd54e451d9d80cb66b6be62456d05e9cdeecfc9f0b98,277,266,11,975.716,634.822,2,37294620483,35658900282,1635720201,36670084262,643,a0361b15664ed433c45e4c9ff6654a666ec70305791cda9267912fe3ed259363,643,12864,IDENTITY
d2-large-reuse24,qwen2.5-14b-instruct-fp16-v1,slice-versus-full-cache-v1,record-reuse,24,940101,development,DEVELOPMENT,attempt-27208fbbabd54825b71bef1ce6b90514,baseline,1,1,r006,9db71a904d6ba17ac26b341aa3c05c7e729eaed18bd0d5986039c4e05dfa4a0f,0,6,False,True,SUCCEEDED,True,DHRAE,DHRAE,"[51326, 5609, 36, 151645]",523a99e98b1d1223750a6d7570ea35fff3d9c9abc75828f8ea24d3ba0e36bdb0,278,266,12,1048.962,1922.18,4,40675419835,37679807114,2995612721,38761133069,643,f13a8ddb3ce8ab74064bd14c6ed8518e599a4d673f4fa45968b98f41750f11c4,643,16390,IDENTITY
d2-large-reuse24,qwen2.5-14b-instruct-fp16-v1,slice-versus-full-cache-v1,record-reuse,24,940101,development,DEVELOPMENT,attempt-27208fbbabd54825b71bef1ce6b90514,baseline,1,1,r007,9db71a904d6ba17ac26b341aa3c05c7e729eaed18bd0d5986039c4e05dfa4a0f,0,7,False,True,SUCCEEDED,False,DJCAK,JCAK,"[41, 5049, 42, 151645]",4e24093feb41f31023523c0638c2f724386e9cf91af32f76c99a8dc14cf247e8,278,266,12,1052.911,1946.275,4,43738504387,40719397920,3019106467,41790869242,643,b8d536dc6716e9044c44cfcb21bc6bbf711b9d01aede84861ebfb2f07c8c773e,643,11421,IDENTITY
h1-small-reuse24,qwen2.5-0.5b-instruct-fp16-v2,slice-versus-full-cache-v1,record-reuse,24,940129,confirmation,MEASUREMENT,attempt-36efaceb8d1842688115037ab1bc6551,baseline,0,1,r000,e2bbcf7fdcde8b11629d90c05f4882448617accadbe671b62961f35e85473931,0,0,True,True,SUCCEEDED,True,CLOTH,CLOTH,"[34, 1593, 3617, 151645]",788ef520e39794fca88a99cee3895e1f39664a7fee0c3ab48765522656138474,278,0,278,1659.545,76.929,4,2445751324,701294908,1744456416,2391752550,643,95ab229aad631d13ffd5b08cbb36506b1a9660794f2011ed6d9c927f18a9fa4d,643,33703,IDENTITY
h1-small-reuse24,qwen2.5-0.5b-instruct-fp16-v2,slice-versus-full-cache-v1,record-reuse,24,940129,confirmation,MEASUREMENT,attempt-36efaceb8d1842688115037ab1bc6551,baseline,0,1,r001,e2bbcf7fdcde8b11629d90c05f4882448617accadbe671b62961f35e85473931,0,1,False,True,SUCCEEDED,False,CQERS,CXSLN,"[65240, 7984, 45, 151645]",dcfacdb81f248db54ef96a44869270b1dabd62d5c6c8310ab02c66fab34ae57b,278,266,12,97.687,76.528,4,2942903377,2761356660,181546717,2875920548,643,15b407d07db478933af53f9fba2f42db625139de79f5b1c376a3202e0d5c641f,643,12143,IDENTITY
h1-small-reuse24,qwen2.5-0.5b-instruct-fp16-v2,slice-versus-full-cache-v1,record-reuse,24,940129,confirmation,MEASUREMENT,attempt-36efaceb8d1842688115037ab1bc6551,baseline,0,1,r002,e2bbcf7fdcde8b11629d90c05f4882448617accadbe671b62961f35e85473931,0,2,False,True,SUCCEEDED,False,CZDGI,CQERS,"[34, 48, 4321, 151645]",fed68538240390e6c8f00752c8d399476e62d6e84e90cd78420a530c5726f1e6,278,267,11,92.138,77.16,4,3126135027,2949185318,176949709,3068575361,643,ed491892ecd440055f89d77b4d3bd2dcfa08bcfad66c5538aaaedf97394b42ef,643,11121,IDENTITY
h1-small-reuse24,qwen2.5-0.5b-instruct-fp16-v2,slice-versus-full-cache-v1,record-reuse,24,940129,confirmation,MEASUREMENT,attempt-36efaceb8d1842688115037ab1bc6551,baseline,0,1,r003,e2bbcf7fdcde8b11629d90c05f4882448617accadbe671b62961f35e85473931,0,3,False,True,SUCCEEDED,False,COJDO,CJZKM,"[34, 41, 57, 65651, 151645]",e03aa324f584fec84e3a4ba33b0ed2a93e6283d12fb83ebb4d6a16db7f82aefd,278,267,11,91.872,102.401,5,3973020198,3771279429,201740769,3873808588,643,3c26b8fb55d8e5d6e7e41576a3addc7c2a7ac0ec79abdea8de87d3da749badd4,643,10649,IDENTITY
h1-small-reuse24,qwen2.5-0.5b-instruct-fp16-v2,slice-versus-full-cache-v1,record-reuse,24,940129,confirmation,MEASUREMENT,attempt-36efaceb8d1842688115037ab1bc6551,baseline,0,1,r004,e2bbcf7fdcde8b11629d90c05f4882448617accadbe671b62961f35e85473931,0,4,False,True,SUCCEEDED,False,CYEYZ,CQEYZ,"[34, 48, 36, 40209, 151645]",bf4c4aca34f51f0ed303b3a4cff9e9c1b4c5521c5de7b02574ad8c369b982619,279,266,13,105.701,102.215,5,4196132358,3979962097,216170261,4101414054,643,197d603cadaf4bdf250c519cd2f35de45c2c1f0ac294125859e75f83511ede75,643,10840,IDENTITY
h1-small-reuse24,qwen2.5-0.5b-instruct-fp16-v2,slice-versus-full-cache-v1,record-reuse,24,940129,confirmation,MEASUREMENT,attempt-36efaceb8d1842688115037ab1bc6551,baseline,0,1,r005,e2bbcf7fdcde8b11629d90c05f4882448617accadbe671b62961f35e85473931,0,5,False,True,SUCCEEDED,True,CDPLE,CDPLE,"[6484, 9515, 151645]",e07f2b170d479db6f415134775aaff11eb8b5d4b5e3b38b2b23ce8038742df9f,279,266,13,105.147,51.13,3,4928802169,4759436243,169365926,4891771609,643,20133fe664ed5f322f48fa97a94a4c56d59dfc9f593da3c66329a681617614f3,643,10800,IDENTITY
h1-small-reuse24,qwen2.5-0.5b-instruct-fp16-v2,slice-versus-full-cache-v1,record-reuse,24,940129,confirmation,MEASUREMENT,attempt-36efaceb8d1842688115037ab1bc6551,baseline,0,1,r006,e2bbcf7fdcde8b11629d90c05f4882448617accadbe671b62961f35e85473931,0,6,False,True,SUCCEEDED,False,CZSRO,CXEKM,"[65240, 36, 65651, 151645]",e41e5e5f767000682921c7304c5bd31d8f1665835a0fc407c237469463699ac2,278,266,12,97.935,77.236,4,5124566494,4941944488,182622006,5075565173,643,6e8616009c1ea00489e114b1db743596dbf3181c0d99a3599796be32ef0801cd,643,11151,IDENTITY
h1-small-reuse24,qwen2.5-0.5b-instruct-fp16-v2,slice-versus-full-cache-v1,record-reuse,24,940129,confirmation,MEASUREMENT,attempt-36efaceb8d1842688115037ab1bc6551,baseline,0,1,r007,e2bbcf7fdcde8b11629d90c05f4882448617accadbe671b62961f35e85473931,0,7,False,True,SUCCEEDED,True,CGCND,CGCND,"[8798, 34, 8065, 151645]",3e7297c93a295e92b282495f036363d612874361f905ffddc7a5ce65b90e45f5,278,266,12,97.571,76.825,4,5964830934,5783188309,181642625,5897882880,643,091b9f3bad44fffe877757da1b98ba32d8c64d4882bfb1c07cbf20d2ba9d188c,643,10439,IDENTITY
h1-small-reuse24,qwen2.5-0.5b-instruct-fp16-v2,slice-versus-full-cache-v1,record-reuse,24,940129,confirmation,MEASUREMENT,attempt-36efaceb8d1842688115037ab1bc6551,baseline,0,1,r008,5a1ee5278b6015963dfae3285b51acf7892b79a0d9029eedd2291b9ef4f8aa2d,1,0,True,True,SUCCEEDED,False,CSKBE,CGXQE,"[8798, 55, 98025, 151645]",513e93d7e2cf863451d8e8db35613db70a40fee74f230d1f8c772b1e0620bc26,276,70,206,1245.279,76.967,4,7300422954,5970889640,1329533314,7247031059,643,2b1ffad0f3a92f5df01835e964e8cecca4359dde5d9dbd0dc4d500583c9617f3,643,10489,IDENTITY
h1-small-reuse24,qwen2.5-0.5b-instruct-fp16-v2,slice-versus-full-cache-v1,record-reuse,24,940129,confirmation,MEASUREMENT,attempt-36efaceb8d1842688115037ab1bc6551,baseline,0,1,r009,5a1ee5278b6015963dfae3285b51acf7892b79a0d9029eedd2291b9ef4f8aa2d,1,1,False,True,SUCCEEDED,False,CRHWH,CGRDR,"[8798, 49, 7687, 151645]",9612c5255031ca5baec43a3521f8628b5f6bde8b9290691e2e929f18c53c0d20,276,264,12,97.819,76.942,4,7962021524,7779802207,182219317,7893689827,643,09b956c9107b42490ec184110d5d565a3cc45e30b76b2531efdb1d5d8a2c2b03,643,10259,IDENTITY
h1-small-reuse24,qwen2.5-0.5b-instruct-fp16-v2,slice-versus-full-cache-v1,record-reuse,24,940129,confirmation,MEASUREMENT,attempt-36efaceb8d1842688115037ab1bc6551,baseline,0,1,r010,5a1ee5278b6015963dfae3285b51acf7892b79a0d9029eedd2291b9ef4f8aa2d,1,2,False,True,SUCCEEDED,True,COMCC,COMCC,"[8696, 3706, 151645]",fd32aa2f6ff06fc1f996fe561a8d35ae5a62db61330a86a942cb5d6459d31d73,276,264,12,98.946,51.947,3,8129815597,7967517955,162297642,8093657719,643,3186075e6e03bc1287aa92d1cdca4c70c44dc6444c4015fa42e726c67e8d3b5c,643,10400,IDENTITY
h1-small-reuse24,qwen2.5-0.5b-instruct-fp16-v2,slice-versus-full-cache-v1,record-reuse,24,940129,confirmation,MEASUREMENT,attempt-36efaceb8d1842688115037ab1bc6551,baseline,0,1,r011,5a1ee5278b6015963dfae3285b51acf7892b79a0d9029eedd2291b9ef4f8aa2d,1,3,False,True,SUCCEEDED,True,COXXI,COXXI,"[8281, 6148, 40, 151645]",53a7d6c04103096f1da26cbd7ee252190ad6030f644e4cb7c0dbf448cdf376c0,276,264,12,97.962,76.96,4,8950466274,8768227280,182238994,8875625162,643,22c3f85971c08a15fa1121e8bb49491b93272d151ee9ebafbdd1efd0af9fa376,643,10430,IDENTITY
h1-small-reuse24,qwen2.5-0.5b-instruct-fp16-v2,slice-versus-full-cache-v1,record-reuse,24,940129,confirmation,MEASUREMENT,attempt-36efaceb8d1842688115037ab1bc6551,baseline,0,1,r012,5a1ee5278b6015963dfae3285b51acf7892b79a0d9029eedd2291b9ef4f8aa2d,1,4,False,True,SUCCEEDED,True,CKAEX,CKAEX,"[34, 26444, 3257, 151645]",c54aa9f9c21268af8ae4a8ea666b0f2cdce20ee11eacba69a5ef1a61685fc2a5,276,264,12,100.77,82.118,4,9146002925,8956102144,189900781,9082628687,643,3f4f75f2eb8e4b1cef4e393ef2a751fa41762153fb714969936cad020c879860,643,10299,IDENTITY
h1-small-reuse24,qwen2.5-0.5b-instruct-fp16-v2,slice-versus-full-cache-v1,record-reuse,24,940129,confirmation,MEASUREMENT,attempt-36efaceb8d1842688115037ab1bc6551,baseline,0,1,r013,5a1ee5278b6015963dfae3285b51acf7892b79a0d9029eedd2291b9ef4f8aa2d,1,5,False,True,SUCCEEDED,True,CDLRR,CDLRR,"[6484, 43, 8106, 151645]",c7b427e5ae26f234745bf0ee65822dd541c19b3030c51f70759a834462954e38,276,264,12,97.915,76.846,4,9981935750,9797202669,184733081,9911571704,643,42e04a6014f00e7ff5251140474e0c1f5b6884ff68071b045dd7f6ca55dd8c4c,643,10429,IDENTITY
h1-small-reuse24,qwen2.5-0.5b-instruct-fp16-v2,slice-versus-full-cache-v1,record-reuse,24,940129,confirmation,MEASUREMENT,attempt-36efaceb8d1842688115037ab1bc6551,baseline,0,1,r014,5a1ee5278b6015963dfae3285b51acf7892b79a0d9029eedd2291b9ef4f8aa2d,1,6,False,True,SUCCEEDED,True,CTHDY,CTHDY,"[34, 3617, 69916, 151645]",c42ff85516b472ee8e867c7b101b56c3aa1c224f1399b29b91d65638276d29d3,276,264,12,105.632,82.831,4,10191407275,9995792678,195614597,10127801696,643,b602eb49cf0800c05f3bc3a217b0b27e62ba28b02ef103ed55d21dea013546b4,643,10520,IDENTITY
h1-small-reuse24,qwen2.5-0.5b-instruct-fp16-v2,slice-versus-full-cache-v1,record-reuse,24,940129,confirmation,MEASUREMENT,attempt-36efaceb8d1842688115037ab1bc6551,baseline,0,1,r015,5a1ee5278b6015963dfae3285b51acf7892b79a0d9029eedd2291b9ef4f8aa2d,1,7,False,True,SUCCEEDED,False,CRUIG,CGUIG,"[8798, 52, 1914, 151645]",00751ce1370bf9fef8cc846f3d74137f9d6a28de57dec77b6f97cca204e6784c,276,264,12,97.467,76.705,4,11004979960,10823375666,181604294,10936951036,643,ea1e0ecd3e15ff747b6020b0ab143ed8a370ef3af7b66dd74788c6530a908d23,643,10429,IDENTITY
h1-small-reuse24,qwen2.5-0.5b-instruct-fp16-v2,slice-versus-full-cache-v1,record-reuse,24,940129,confirmation,MEASUREMENT,attempt-36efaceb8d1842688115037ab1bc6551,baseline,0,1,r016,4b2234251b56f044b6c9d6572412a4f70ddf4d9d40746b2f7ff5b754c458c9a3,2,0,True,True,SUCCEEDED,True,CXNOB,CXNOB,"[65240, 8996, 33, 151645]",1fb40aab3623f55fb03eec299c3ed8f6b5142e24f0fb715586b569bf7fd5f80c,273,71,202,1215.186,76.629,4,12310435739,11011072849,1299362890,12256060846,643,d0961bc853dff1fa34a81a1b7dce92c2ef2fdc4fe933b0b3bc5e66b0717d078a,643,10459,IDENTITY
h1-small-reuse24,qwen2.5-0.5b-instruct-fp16-v2,slice-versus-full-cache-v1,record-reuse,24,940129,confirmation,MEASUREMENT,attempt-36efaceb8d1842688115037ab1bc6551,baseline,0,1,r017,4b2234251b56f044b6c9d6572412a4f70ddf4d9d40746b2f7ff5b754c458c9a3,2,1,False,True,SUCCEEDED,False,CYYZH,CDYGG,"[6484, 56, 22254, 151645]",9009ca9d6e7c1fcd1a74407e2059c85fca725386b2d6686affbf13ec270ca200,273,261,12,97.632,76.521,4,12970262725,12788775750,181486975,12901443141,643,51a699edf6f3e52da6762bddd413c80e8841ea9bff21d777d89d7b578a193ee3,643,10410,IDENTITY
h1-small-reuse24,qwen2.5-0.5b-instruct-fp16-v2,slice-versus-full-cache-v1,record-reuse,24,940129,confirmation,MEASUREMENT,attempt-36efaceb8d1842688115037ab1bc6551,baseline,0,1,r018,4b2234251b56f044b6c9d6572412a4f70ddf4d9d40746b2f7ff5b754c458c9a3,2,2,False,True,SUCCEEDED,True,CQSRC,CQSRC,"[34, 48, 56017, 151645]",f26acba12a83a3b79b68c3db635cca13ce5ee58e5c155041d3f9599535b3c9ca,273,261,12,97.88,77.45,4,13159468434,12976765157,182703277,13114409835,643,4457ae32617d66fa92e6637fe5afaedcaf327786f984bf3d3fda8013baea4e24,643,10650,IDENTITY
h1-small-reuse24,qwen2.5-0.5b-instruct-fp16-v2,slice-versus-full-cache-v1,record-reuse,24,940129,confirmation,MEASUREMENT,attempt-36efaceb8d1842688115037ab1bc6551,baseline,0,1,r019,4b2234251b56f044b6c9d6572412a4f70ddf4d9d40746b2f7ff5b754c458c9a3,2,3,False,True,SUCCEEDED,True,COTKX,COTKX,"[34, 1793, 42, 55, 151645]",0df9b4fb47906b3cd4256453877b9fa0d7e347c333488c7ed09a46fbd0580be3,273,261,12,97.623,102.163,5,14002377942,13794951100,207426842,13908663625,643,9eea2154396bc87a7f32f0950b3258e976886610a9bfc9605bf7323efc6471ce,643,10479,IDENTITY
h1-small-reuse24,qwen2.5-0.5b-instruct-fp16-v2,slice-versus-full-cache-v1,record-reuse,24,940129,confirmation,MEASUREMENT,attempt-36efaceb8d1842688115037ab1bc6551,baseline,0,1,r020,4b2234251b56f044b6c9d6572412a4f70ddf4d9d40746b2f7ff5b754c458c9a3,2,4,False,True,SUCCEEDED,False,COOPA,COPA,"[34, 3067, 32, 151645]",0a27728c9ef4a72809ba0d28dc5cf1c55ff2462161e7f9fa75f2c5d065fdb9ad,273,261,12,97.81,76.961,4,14194115259,14011948349,182166910,14125585985,643,45535628379364b71ad0ce2811ef66b1e2dd4a60108907e11f5e5c3aec0c4f8c,643,10650,IDENTITY
h1-small-reuse24,qwen2.5-0.5b-instruct-fp16-v2,slice-versus-full-cache-v1,record-reuse,24,940129,confirmation,MEASUREMENT,attempt-36efaceb8d1842688115037ab1bc6551,baseline,0,1,r021,4b2234251b56f044b6c9d6572412a4f70ddf4d9d40746b2f7ff5b754c458c9a3,2,5,False,True,SUCCEEDED,False,CEKQD,CCHCDG,"[34, 2149, 6484, 38, 151645]",85192b42509a28f510fb6e6230e6a62629bd391c985eb3b8e7166fae545e792f,273,261,12,97.55,102.116,5,14987049405,14779880343,207169062,14892408285,643,ba3ae339bdcee0d39ce3a8b6747212f9a14e48877b46b4de70a7bcdd751a3580,643,10560,IDENTITY
h1-small-reuse24,qwen2.5-0.5b-instruct-fp16-v2,slice-versus-full-cache-v1,record-reuse,24,940129,confirmation,MEASUREMENT,attempt-36efaceb8d1842688115037ab1bc6551,baseline,0,1,r022,4b2234251b56f044b6c9d6572412a4f70ddf4d9d40746b2f7ff5b754c458c9a3,2,6,False,True,SUCCEEDED,True,CDXSN,CDXSN,"[6484, 55, 18966, 151645]",06286f47de5bf37bfee0cb4609ae2cc5974fcbe98aeb771dceae09adc8871a3d,273,261,12,97.767,76.914,4,15175302743,14993224358,182078385,15107564660,643,c64068d11d7a34d1cf0e7a74858833dbc27809a3c39689de931231e2ed7555d8,643,10660,IDENTITY
h1-small-reuse24,qwen2.5-0.5b-instruct-fp16-v2,slice-versus-full-cache-v1,record-reuse,24,940129,confirmation,MEASUREMENT,attempt-36efaceb8d1842688115037ab1bc6551,baseline,0,1,r023,4b2234251b56f044b6c9d6572412a4f70ddf4d9d40746b2f7ff5b754c458c9a3,2,7,False,True,SUCCEEDED,False,CMDLC,CQSRC,"[34, 48, 56017, 151645]",35c94caf1ef5f17726ba2f41e67c5f363b577bff8b4f0107624e79e245f32a63,273,261,12,97.489,76.649,4,15985955579,15804406227,181549352,15909700398,643,a489f82a51600d64d2b7ff17640354f1832f1d3d2b2ac07706e9c438561d358e,643,10690,IDENTITY
h1-small-reuse24,qwen2.5-0.5b-instruct-fp16-v2,slice-versus-full-cache-v1,record-reuse,24,940129,confirmation,MEASUREMENT,attempt-36efaceb8d1842688115037ab1bc6551,baseline,0,1,r024,de7452659b7303feb075caac1c0e06e99c3f8c11f8563dcadf86a93adf7e608d,3,0,True,True,SUCCEEDED,True,CIBOO,CIBOO,"[34, 3256, 19499, 151645]",b722ace7dcb6aeaeca54e83704360072ed693b16bb4c0f6e032bc991b6e16163,281,70,211,1268.778,77.835,4,17346009717,15992045884,1353963833,17282728432,643,804e4c5ca88794f28a136f9f98ff59af099696e3012b620728a7d8e9ad832d74,643,10890,IDENTITY
h1-small-reuse24,qwen2.5-0.5b-instruct-fp16-v2,slice-versus-full-cache-v1,record-reuse,24,940129,confirmation,MEASUREMENT,attempt-36efaceb8d1842688115037ab1bc6551,baseline,0,1,r025,de7452659b7303feb075caac1c0e06e99c3f8c11f8563dcadf86a93adf7e608d,3,1,False,True,SUCCEEDED,False,CEJHB,CGBGK,"[34, 5381, 38, 42, 151645]",ab6bd2f5df41ce309f022719c861375bad4198e2cc8707abfa88411ac22049fd,282,269,13,104.886,102.105,5,18023729145,17809298128,214431017,17940341421,643,24a79ce864966f9cfa3f676e9be79629db9d76ed4b509a3aa7a4ef7ecb1436f4,643,10389,IDENTITY
h1-small-reuse24,qwen2.5-0.5b-instruct-fp16-v2,slice-versus-full-cache-v1,record-reuse,24,940129,confirmation,MEASUREMENT,attempt-36efaceb8d1842688115037ab1bc6551,baseline,0,1,r026,de7452659b7303feb075caac1c0e06e99c3f8c11f8563dcadf86a93adf7e608d,3,2,False,True,SUCCEEDED,False,CPZQF,CXBRC,"[65240, 33, 7380, 151645]",5bcf0d84518b8975c948730e3ed801d2faa1d51823118303173685e3f776bdff,281,269,12,98.186,76.797,4,18213443630,18027466916,185976714,18151720092,643,cc6677c3cd0935929b5a229e3ed0d8b246a6f445f4d718204f5eb55ed04faff3,643,10299,IDENTITY
h1-small-reuse24,qwen2.5-0.5b-instruct-fp16-v2,slice-versus-full-cache-v1,record-reuse,24,940129,confirmation,MEASUREMENT,attempt-36efaceb8d1842688115037ab1bc6551,baseline,0,1,r027,de7452659b7303feb075caac1c0e06e99c3f8c11f8563dcadf86a93adf7e608d,3,3,False,True,SUCCEEDED,False,COCQP,CXRXD,"[65240, 45813, 35, 151645]",24db9ac12df8786dc8977cd54fafb7cddb6b470ffd5ecea20864a9cdd0abfabb,280,269,11,91.935,76.49,4,18992239626,18815809614,176430012,18920699753,643,53f7be0dba6bb218ee3cbb2282076e9756161be889d3e9f19ae169c39f8734dd,643,10489,IDENTITY
h1-small-reuse24,qwen2.5-0.5b-instruct-fp16-v2,slice-versus-full-cache-v1,record-reuse,24,940129,confirmation,MEASUREMENT,attempt-36efaceb8d1842688115037ab1bc6551,baseline,0,1,r028,de7452659b7303feb075caac1c0e06e99c3f8c11f8563dcadf86a93adf7e608d,3,4,False,True,SUCCEEDED,False,CITVX,CDODC,"[6484, 2069, 34, 151645]",cb324cc3e1b94e2b3856f23fd75d4520d264ddc1e6980a5b895432a266cd3a69,281,269,12,98.11,77.345,4,19182789083,18998470372,184318711,19122636326,643,6b9192f273f25831c1d907f0e76697325b72015848a75d2a12ace7e4911d8850,643,10128,IDENTITY
h1-small-reuse24,qwen2.5-0.5b-instruct-fp16-v2,slice-versus-full-cache-v1,record-reuse,24,940129,confirmation,MEASUREMENT,attempt-36efaceb8d1842688115037ab1bc6551,baseline,0,1,r029,de7452659b7303feb075caac1c0e06e99c3f8c11f8563dcadf86a93adf7e608d,3,5,False,True,SUCCEEDED,True,CXRXD,CXRXD,"[65240, 45813, 35, 151645]",f5dc4126f460f1e11c7d2646efe6ac36adb598cb1c55b5814237ae52e51076b4,282,269,13,104.931,76.802,4,20000050458,19811128086,188922372,19942795429,643,74ab8604ee2c126df4ca0887606b73d37908232a000de16eef3aaa51c4931f88,643,10589,IDENTITY
h1-small-reuse24,qwen2.5-0.5b-instruct-fp16-v2,slice-versus-full-cache-v1,record-reuse,24,940129,confirmation,MEASUREMENT,attempt-36efaceb8d1842688115037ab1bc6551,baseline,0,1,r030,de7452659b7303feb075caac1c0e06e99c3f8c11f8563dcadf86a93adf7e608d,3,6,False,True,SUCCEEDED,False,CZLKP,CJTIH,"[34, 41, 26614, 39, 151645]",a40f196cda94c8dcab14b57e7919271c3700e6b42b37dcfd6b338c9bfc2e73ad,281,269,12,98.269,106.527,5,20216011981,20003898964,212113017,20133476511,643,4722e7aec06b204b2d7585809368a508746b4db559c5242297ee1eede5d223d9,643,10680,IDENTITY
h1-small-reuse24,qwen2.5-0.5b-instruct-fp16-v2,slice-versus-full-cache-v1,record-reuse,24,940129,confirmation,MEASUREMENT,attempt-36efaceb8d1842688115037ab1bc6551,baseline,0,1,r031,de7452659b7303feb075caac1c0e06e99c3f8c11f8563dcadf86a93adf7e608d,3,7,False,True,SUCCEEDED,False,COLQZ,CXBRC,"[65240, 33, 7380, 151645]",0349c1959656581cf842a3ad336497e0cd60b4c8a9336e8d8400db3254d678d1,282,269,13,104.9,76.654,4,21021428058,20832654012,188774046,20963896985,643,bfe36c31897268a400384f46c9adacac65123f5a0d1e55b76c6f11bbedc3aa3d,643,10640,IDENTITY
h1-small-reuse24,qwen2.5-0.5b-instruct-fp16-v2,slice-versus-full-cache-v1,record-reuse,24,940129,confirmation,MEASUREMENT,attempt-36efaceb8d1842688115037ab1bc6551,baseline,0,1,r032,465aba40aeff43f68e362d37f102e2178ab71d65fb90a666b41011b524868280,4,0,True,True,SUCCEEDED,False,CEGNJ,CCTJJ,"[34, 1162, 63391, 151645]",4c309b5a4766ce5f53f9ca1eba07b4c3b4cfd6a96e577bad2242d1e100a9ec78,276,70,206,1241.986,76.834,4,22353315809,21025277797,1328038012,22291812951,643,e6542de337d508444f85db84ef32a290dc82821041414315c4ab128dfe08a3d5,643,10499,IDENTITY
h1-small-reuse24,qwen2.5-0.5b-instruct-fp16-v2,slice-versus-full-cache-v1,record-reuse,24,940129,confirmation,MEASUREMENT,attempt-36efaceb8d1842688115037ab1bc6551,baseline,0,1,r033,465aba40aeff43f68e362d37f102e2178ab71d65fb90a666b41011b524868280,4,1,False,True,SUCCEEDED,False,CHIHK,CQXSP,"[34, 48, 55, 4592, 151645]",316b5663813bf4daf1c2db0efbf1dd1098fb51e326221799da350f3c4f469807,276,265,11,91.997,101.992,5,23015551675,22814185893,201365782,22924737731,643,cff41e028ffd7f3b1f0e85e6c65b9fcc0c70b06064b6af45ffce1cd2e69907ba,643,10490,IDENTITY
h1-small-reuse24,qwen2.5-0.5b-instruct-fp16-v2,slice-versus-full-cache-v1,record-reuse,24,940129,confirmation,MEASUREMENT,attempt-36efaceb8d1842688115037ab1bc6551,baseline,0,1,r034,465aba40aeff43f68e362d37f102e2178ab71d65fb90a666b41011b524868280,4,2,False,True,SUCCEEDED,False,CWXJI,CULJS,"[34, 1094, 12545, 151645]",778352bcd4d1beaed5ed4b1c40dd64a0f3a3190501c721632aeae71b8ecde910,276,264,12,97.986,76.744,4,23206859823,23022394720,184465103,23147736981,643,9784194228e61c195592952e8fe07937929742e7798d3c1fe951618f744d24f4,643,10519,IDENTITY
h1-small-reuse24,qwen2.5-0.5b-instruct-fp16-v2,slice-versus-full-cache-v1,record-reuse,24,940129,confirmation,MEASUREMENT,attempt-36efaceb8d1842688115037ab1bc6551,baseline,0,1,r035,465aba40aeff43f68e362d37f102e2178ab71d65fb90a666b41011b524868280,4,3,False,True,SUCCEEDED,False,CRQHV,CQGXL,"[34, 48, 38, 36530, 151645]",9984b2b28e90bf13f45b1949e9bd35837c739187da36c5be25fb57da504fd572,276,264,12,97.703,102.264,5,24024010922,23816776178,207234744,23935796933,643,53cc5ebae51cf49a7c677be9611b18fdc16030f9c0b864421b58d15681cf7c12,643,10390,IDENTITY
h1-small-reuse24,qwen2.5-0.5b-instruct-fp16-v2,slice-versus-full-cache-v1,record-reuse,24,940129,confirmation,MEASUREMENT,attempt-36efaceb8d1842688115037ab1bc6551,baseline,0,1,r036,465aba40aeff43f68e362d37f102e2178ab71d65fb90a666b41011b524868280,4,4,False,True,SUCCEEDED,True,CBRTA,CBRTA,"[12979, 5350, 32, 151645]",6583d751d2b7a528e46410628cfd31ba55e07e8c4f42548d5617156e048913af,276,264,12,98.194,77.147,4,24212470033,24029974101,182495932,24154935524,643,9e770932713a2e8407aeea1d5a460f34c785f3c0dd934af19c9f3f42c482f26d,643,10489,IDENTITY
h1-small-reuse24,qwen2.5-0.5b-instruct-fp16-v2,slice-versus-full-cache-v1,record-reuse,24,940129,confirmation,MEASUREMENT,attempt-36efaceb8d1842688115037ab1bc6551,baseline,0,1,r037,465aba40aeff43f68e362d37f102e2178ab71d65fb90a666b41011b524868280,4,5,False,True,SUCCEEDED,True,CULJS,CULJS,"[34, 1094, 12545, 151645]",62a9b77149bfbc7a7759401fa4c2c667d7aa12cd8c1af6e186948d92d133f366,275,264,11,91.793,76.634,4,25009787250,24834173085,175614165,24938452900,643,f311a85ffa5636e4a0ce0ac1292379cfd1b996798d0e24cdabd5abb8019acfa7,643,10660,IDENTITY
h1-small-reuse24,qwen2.5-0.5b-instruct-fp16-v2,slice-versus-full-cache-v1,record-reuse,24,940129,confirmation,MEASUREMENT,attempt-36efaceb8d1842688115037ab1bc6551,baseline,0,1,r038,465aba40aeff43f68e362d37f102e2178ab71d65fb90a666b41011b524868280,4,6,False,True,SUCCEEDED,False,CDEGZ,CCTJJ,"[34, 1162, 63391, 151645]",3445422e739750147c8be544a37567f51619ab890883f25e7ee97d877a463556,276,264,12,97.869,76.959,4,25201239947,25017032092,184207855,25139967347,643,8729e96251c2c78c47790705f77db40e5ac37650558f40ef4abafafc54c45e07,643,10299,IDENTITY
h1-small-reuse24,qwen2.5-0.5b-instruct-fp16-v2,slice-versus-full-cache-v1,record-reuse,24,940129,confirmation,MEASUREMENT,attempt-36efaceb8d1842688115037ab1bc6551,baseline,0,1,r039,465aba40aeff43f68e362d37f102e2178ab71d65fb90a666b41011b524868280,4,7,False,True,SUCCEEDED,False,CDVDM,CHOYT,"[30498, 78345, 151645]",4c852a9f55af93f8b619f37cf34c9689265084111f02245f7acd962c5d53a96c,276,264,12,97.71,51.147,3,25977514203,25821349035,156165168,25926653615,643,4573e23525359a140f1fd3e86755d7e2bc5f7ae6466e0fc9bb953e1c78d19980,643,10469,IDENTITY
h1-small-reuse24,qwen2.5-0.5b-instruct-fp16-v2,slice-versus-full-cache-v1,record-reuse,24,940129,confirmation,MEASUREMENT,attempt-36efaceb8d1842688115037ab1bc6551,baseline,0,1,r040,ce6da994793097e8265f857fad5e4e835b9ff468e4bbf067e735e140b309694e,5,0,True,True,SUCCEEDED,True,CMHPA,CMHPA,"[9985, 6610, 32, 151645]",67912ba631d2e49ea90087c8ff6944b2cb124efb5b1389512810273aa57bccb9,270,70,200,1207.066,76.753,4,27279909903,25987291405,1292618498,27222001569,643,2f61e4d2cc043827a92071488a37547279a32a5439f0c6d45f985c110eb6a0da,643,10409,IDENTITY
h1-small-reuse24,qwen2.5-0.5b-instruct-fp16-v2,slice-versus-full-cache-v1,record-reuse,24,940129,confirmation,MEASUREMENT,attempt-36efaceb8d1842688115037ab1bc6551,baseline,0,1,r041,ce6da994793097e8265f857fad5e4e835b9ff468e4bbf067e735e140b309694e,5,1,False,True,SUCCEEDED,True,CYWXU,CYWXU,"[34525, 65376, 52, 151645]",27f114535c13dd1b6c233496385c13b2411f1164528bdbd7a50396a15b1a94d3,271,259,12,97.599,76.785,4,28014860996,27832860526,182000470,27944943871,643,a5029ad07815708fc1499c63bea6d636ab16e870fe1473296740630041efc10d,643,15209,IDENTITY
h1-small-reuse24,qwen2.5-0.5b-instruct-fp16-v2,slice-versus-full-cache-v1,record-reuse,24,940129,confirmation,MEASUREMENT,attempt-36efaceb8d1842688115037ab1bc6551,baseline,0,1,r042,ce6da994793097e8265f857fad5e4e835b9ff468e4bbf067e735e140b309694e,5,2,False,True,SUCCEEDED,False,CRAHS,CGLFA,"[34, 3825, 3627, 151645]",d5e342ca408efb19bc31fd9c745408ac269943c368293d0f7bfe5c9e89903040,270,259,11,91.959,77.214,4,28197102044,28020494572,176607472,28142230758,643,7e44b067a1f2cc57694e7d9b1d10690ea825c0f6f0f512bce39cce754ac44b90,643,14277,IDENTITY
h1-small-reuse24,qwen2.5-0.5b-instruct-fp16-v2,slice-versus-full-cache-v1,record-reuse,24,940129,confirmation,MEASUREMENT,attempt-36efaceb8d1842688115037ab1bc6551,baseline,0,1,r043,ce6da994793097e8265f857fad5e4e835b9ff468e4bbf067e735e140b309694e,5,3,False,True,SUCCEEDED,False,CHJDO,CFSYH,"[34, 8485, 56, 39, 151645]",4b5f2387fd89ee8f6e081f90c2cf61c608b9b054656eee9b39776393c25aeb42,271,259,12,97.651,102.139,5,29047112417,28840106648,207005769,28950916816,643,6b432f28966f7d1e0e2277d4f120ffa0eacaaab3453edd5013ff3bd7f2a12728,643,13245,IDENTITY
h1-small-reuse24,qwen2.5-0.5b-instruct-fp16-v2,slice-versus-full-cache-v1,record-reuse,24,940129,confirmation,MEASUREMENT,attempt-36efaceb8d1842688115037ab1bc6551,baseline,0,1,r044,ce6da994793097e8265f857fad5e4e835b9ff468e4bbf067e735e140b309694e,5,4,False,True,SUCCEEDED,False,CSRBI,CZZMK,"[34, 33536, 44140, 151645]",33dc55cfc22a127b8266e40fff4b32308a1a495847b70a41cf5bde4ea35335f2,271,259,12,98.857,76.958,4,29242212857,29059254025,182958832,29174445009,643,5e1df64bd03c81bb66609589f95976569aaf3e87ec678d4d546fbbe5ad52bb31,643,10961,IDENTITY
h1-small-reuse24,qwen2.5-0.5b-instruct-fp16-v2,slice-versus-full-cache-v1,record-reuse,24,940129,confirmation,MEASUREMENT,attempt-36efaceb8d1842688115037ab1bc6551,baseline,0,1,r045,ce6da994793097e8265f857fad5e4e835b9ff468e4bbf067e735e140b309694e,5,5,False,True,SUCCEEDED,False,CWUXI,CMLWS,"[34, 2668, 7433, 151645]",b8b3b24885fb30d9c047e48542c058a3a8c72c5331d3fdb289f8e33dad05fd60,271,259,12,97.464,76.777,4,29998892186,29817514153,181378033,29930353474,643,4547d7de1ebf1002599935e192dbf6be72b61a26ccded471b04fcdc73e1662d6,643,10560,IDENTITY
h1-small-reuse24,qwen2.5-0.5b-instruct-fp16-v2,slice-versus-full-cache-v1,record-reuse,24,940129,confirmation,MEASUREMENT,attempt-36efaceb8d1842688115037ab1bc6551,baseline,0,1,r046,ce6da994793097e8265f857fad5e4e835b9ff468e4bbf067e735e140b309694e,5,6,False,True,SUCCEEDED,True,CZZMK,CZZMK,"[34, 33536, 44140, 151645]",95ebd4a8b02591ef2cc89c602380745345dc620168f9bda278cf42695a9ad67e,271,259,12,97.811,76.784,4,30189533294,30005111511,184421783,30130435709,643,251713514f46617cd01fd3fc41ddbcdcff311b143d4dd49505863c884165e9b8,643,10569,IDENTITY
h1-small-reuse24,qwen2.5-0.5b-instruct-fp16-v2,slice-versus-full-cache-v1,record-reuse,24,940129,confirmation,MEASUREMENT,attempt-36efaceb8d1842688115037ab1bc6551,baseline,0,1,r047,ce6da994793097e8265f857fad5e4e835b9ff468e4bbf067e735e140b309694e,5,7,False,True,SUCCEEDED,True,CBARL,CBARL,"[12979, 934, 43, 151645]",bfae9b962c7cf076b75d4ea20457b8e964fe03394d7e332f10cd1e4fc2bfe3e9,271,259,12,97.351,76.584,4,31023526322,30842278641,181247681,30953976219,643,f4d9f141155f66bc5e231de48f8e89a5bf73992ccd3c616d46770733b6bf217f,643,10590,IDENTITY
h1-small-reuse24,qwen2.5-0.5b-instruct-fp16-v2,slice-versus-full-cache-v1,record-reuse,24,940129,confirmation,MEASUREMENT,attempt-36efaceb8d1842688115037ab1bc6551,baseline,0,1,r048,31c273a31cd186f5a8a683fcd5738d3b6ca032eb15fcf924351121440bf92fa2,6,0,True,True,SUCCEEDED,True,CFPEJ,CFPEJ,"[9650, 1740, 41, 151645]",69879c8e68e57d72875df6864972fe2c3a7fda3843aaea389a88b90cdf44becd,272,70,202,1216.782,76.793,4,32336786053,31029870369,1306915684,32272936892,643,0ce4427f285f6c99e3f6475ead8af1fb01f52ac04b77f5d403ad4f11b605c3ee,643,10630,IDENTITY
h1-small-reuse24,qwen2.5-0.5b-instruct-fp16-v2,slice-versus-full-cache-v1,record-reuse,24,940129,confirmation,MEASUREMENT,attempt-36efaceb8d1842688115037ab1bc6551,baseline,0,1,r049,31c273a31cd186f5a8a683fcd5738d3b6ca032eb15fcf924351121440bf92fa2,6,1,False,True,SUCCEEDED,True,CQWEV,CQWEV,"[34, 48, 12457, 53, 151645]",ed5cf49c0f0a39c9bbfb2a07df437589b5772b94a4f99e1f9a9089dfee4165f4,272,260,12,97.65,102.147,5,33056477891,32849120158,207357733,32962957966,643,ed6b22b83a949ca46961f3aba1bdd25afd2c51ee0f4b742089e05f7dba1d30b5,643,10900,IDENTITY
h1-small-reuse24,qwen2.5-0.5b-instruct-fp16-v2,slice-versus-full-cache-v1,record-reuse,24,940129,confirmation,MEASUREMENT,attempt-36efaceb8d1842688115037ab1bc6551,baseline,0,1,r050,31c273a31cd186f5a8a683fcd5738d3b6ca032eb15fcf924351121440bf92fa2,6,2,False,True,SUCCEEDED,False,CHRWQ,CWOET,"[34, 22681, 1348, 151645]",01c576b02831661e9b90e78db59d8b0e64df96e607d594e7254337448edf3aae,272,260,12,97.951,76.802,4,33244397018,33062135732,182261286,33176503937,643,fcf8aec58a502f3935e9c900a6f95111f318c8dada559032cd3d058170d0ca56,643,10960,IDENTITY
h1-small-reuse24,qwen2.5-0.5b-instruct-fp16-v2,slice-versus-full-cache-v1,record-reuse,24,940129,confirmation,MEASUREMENT,attempt-36efaceb8d1842688115037ab1bc6551,baseline,0,1,r051,31c273a31cd186f5a8a683fcd5738d3b6ca032eb15fcf924351121440bf92fa2,6,3,False,True,SUCCEEDED,True,CPTND,CPTND,"[34, 2828, 8065, 151645]",c59f7c11c99634d82e302454877a36012b234707c677256a3b489d990eeef764,271,260,11,91.798,76.642,4,34028742453,33853005360,175737093,33956729210,643,f66abecec89295c0ef8572bc9ceab2bd2d98dc8cc6028a17ef4f0a21d8473ac5,643,10430,IDENTITY
h1-small-reuse24,qwen2.5-0.5b-instruct-fp16-v2,slice-versus-full-cache-v1,record-reuse,24,940129,confirmation,MEASUREMENT,attempt-36efaceb8d1842688115037ab1bc6551,baseline,0,1,r052,31c273a31cd186f5a8a683fcd5738d3b6ca032eb15fcf924351121440bf92fa2,6,4,False,True,SUCCEEDED,True,CBYGB,CBYGB,"[34, 19912, 5381, 151645]",3fa9e2492d77fee83d4ce3e03431c8ebaf630583501a3a89f40d7a8a993c1768,272,260,12,97.979,76.815,4,34217347264,34035363685,181983579,34159812886,643,1872676294de46d2ffedc4713e5cd1e6013d8c56d07aae21fc59ae2d99a6165a,643,10419,IDENTITY
h1-small-reuse24,qwen2.5-0.5b-instruct-fp16-v2,slice-versus-full-cache-v1,record-reuse,24,940129,confirmation,MEASUREMENT,attempt-36efaceb8d1842688115037ab1bc6551,baseline,0,1,r053,31c273a31cd186f5a8a683fcd5738d3b6ca032eb15fcf924351121440bf92fa2,6,5,False,True,SUCCEEDED,True,CQCIC,CQCIC,"[34, 61042, 1317, 151645]",14decc4305f7be80ec5bc785dc95950721e1d1c7c1b536a60adaaf5ec01726c3,272,260,12,97.577,76.755,4,35044102092,34859791746,184310346,34973535119,643,4d472bf2c746443a728d87df4012486f9e71772438978abd1d34cf27965ab367,643,10510,IDENTITY
h1-small-reuse24,qwen2.5-0.5b-instruct-fp16-v2,slice-versus-full-cache-v1,record-reuse,24,940129,confirmation,MEASUREMENT,attempt-36efaceb8d1842688115037ab1bc6551,baseline,0,1,r054,31c273a31cd186f5a8a683fcd5738d3b6ca032eb15fcf924351121440bf92fa2,6,6,False,True,SUCCEEDED,True,CLOHE,CLOHE,"[34, 1593, 1799, 151645]",3baeff80be1df5452fc07a56887dd5ce0e9f47b1123e1a9ec54d4e9772364713,271,260,11,92.007,77.054,4,35231427575,35052842325,178585250,35172438281,643,783b72b430578947eb0d791b7fa138dc3d02c5bd1de376cb326f2c04ab20cc1e,643,10880,IDENTITY
h1-small-reuse24,qwen2.5-0.5b-instruct-fp16-v2,slice-versus-full-cache-v1,record-reuse,24,940129,confirmation,MEASUREMENT,attempt-36efaceb8d1842688115037ab1bc6551,baseline,0,1,r055,31c273a31cd186f5a8a683fcd5738d3b6ca032eb15fcf924351121440bf92fa2,6,7,False,True,SUCCEEDED,False,CAMWX,CWNOD,"[34, 36919, 2069, 151645]",7ddc8309568afd01cd9c875b7f43f136c300fdc53390209c6be2622cab6a32d1,272,260,12,97.647,76.461,4,36050040212,35868762095,181278117,35981630760,643,2f0578a16c15102d8c3bf3b45d2898d16c85fd0ec6408b19e37698b18fe8e926,643,11061,IDENTITY
h1-small-reuse24,qwen2.5-0.5b-instruct-fp16-v2,slice-versus-full-cache-v1,record-reuse,24,940129,confirmation,MEASUREMENT,attempt-36efaceb8d1842688115037ab1bc6551,baseline,0,1,r056,ce463ecae5f51b8506fc3a430b267bad026cb4a2f4a1a80ab72faeb6f40b2987,7,0,True,True,SUCCEEDED,False,CHKEZ,CROJX,"[34, 1285, 41, 55, 151645]",c15fd9d95e53b62efb3d0fa35ef78a815f8fcd2c80da959f9c39bba85570a5cc,280,70,210,1262.534,103.489,5,37429440195,36056203743,1373236452,37346865082,643,4a414c4ca4f5b1ed344a71118d8e4c4f0fad6695e3505513a2d76c68da4e3c9b,643,10680,IDENTITY
h1-small-reuse24,qwen2.5-0.5b-instruct-fp16-v2,slice-versus-full-cache-v1,record-reuse,24,940129,confirmation,MEASUREMENT,attempt-36efaceb8d1842688115037ab1bc6551,baseline,0,1,r057,ce463ecae5f51b8506fc3a430b267bad026cb4a2f4a1a80ab72faeb6f40b2987,7,1,False,True,SUCCEEDED,True,CAXSG,CAXSG,"[34, 2954, 7783, 151645]",f2231b96112429c0edfca1dd3c4749bb3a2f28fa50c490828423bee449ee8a36,280,268,12,98.773,78.534,4,38049349582,37864894076,184455506,37989813802,643,ec9cb18ca4089cbd5f0fccb41dcefbc3404667807f8fb517b33e5645619527b6,643,10870,IDENTITY
h1-small-reuse24,qwen2.5-0.5b-instruct-fp16-v2,slice-versus-full-cache-v1,record-reuse,24,940129,confirmation,MEASUREMENT,attempt-36efaceb8d1842688115037ab1bc6551,baseline,0,1,r058,ce463ecae5f51b8506fc3a430b267bad026cb4a2f4a1a80ab72faeb6f40b2987,7,2,False,True,SUCCEEDED,False,CFHFV,CLOA,"[34, 1593, 32, 151645]",858fa7bdf0fca5be0fa4fbc582a996ae115140b91ee213fd4a8b5b06dba1df83,280,268,12,98.558,76.877,4,38244795004,38061704156,183090848,38186839011,643,c4c7d93c1990902125f2651b0d58f78868e89900cc83fb686f73fd48968001d1,643,11190,IDENTITY
h1-small-reuse24,qwen2.5-0.5b-instruct-fp16-v2,slice-versus-full-cache-v1,record-reuse,24,940129,confirmation,MEASUREMENT,attempt-36efaceb8d1842688115037ab1bc6551,baseline,0,1,r059,ce463ecae5f51b8506fc3a430b267bad026cb4a2f4a1a80ab72faeb6f40b2987,7,3,False,True,SUCCEEDED,True,CROQS,CROQS,"[34, 1285, 70810, 151645]",1147b0696cdd1766869a31e90226792bdf2cd8b96a317c0b1a0f4dc501f0bddf,280,268,12,97.822,76.682,4,39051992463,38870077572,181914891,38984216250,643,cf9afe3d8e7f96e604fbd45a7d53f743e82e22baaa2c690a25a00970015b4c13,643,10901,IDENTITY
h1-small-reuse24,qwen2.5-0.5b-instruct-fp16-v2,slice-versus-full-cache-v1,record-reuse,24,940129,confirmation,MEASUREMENT,attempt-36efaceb8d1842688115037ab1bc6551,baseline,0,1,r060,ce463ecae5f51b8506fc3a430b267bad026cb4a2f4a1a80ab72faeb6f40b2987,7,4,False,True,SUCCEEDED,True,CEZML,CEZML,"[2104, 57, 2668, 151645]",a306f95a342d6af32cfacee597fecc28397a1bfbec8f993a48bf7263f04660e5,280,268,12,98.271,77.373,4,39241851067,39057717319,184133748,39180511342,643,f442d5bb1c8552ed47d76cea879e13cdc025631a06f0167c1d34145c9b4c8b2d,643,11081,IDENTITY
h1-small-reuse24,qwen2.5-0.5b-instruct-fp16-v2,slice-versus-full-cache-v1,record-reuse,24,940129,confirmation,MEASUREMENT,attempt-36efaceb8d1842688115037ab1bc6551,baseline,0,1,r061,ce463ecae5f51b8506fc3a430b267bad026cb4a2f4a1a80ab72faeb6f40b2987,7,5,False,True,SUCCEEDED,False,CRHIR,CROQS,"[34, 1285, 70810, 151645]",bcdfade3666164a47bec13c3c5d7abd2a4dfb518d00057378744ceefb6429ca7,280,268,12,97.938,76.764,4,40061860942,39875834635,186026307,39989783049,643,c28dc826c8367b92c76e12a86f0e893eb4a7e49b3120100d18d6f1abfb1c9288,643,10810,IDENTITY
h1-small-reuse24,qwen2.5-0.5b-instruct-fp16-v2,slice-versus-full-cache-v1,record-reuse,24,940129,confirmation,MEASUREMENT,attempt-36efaceb8d1842688115037ab1bc6551,baseline,0,1,r062,ce463ecae5f51b8506fc3a430b267bad026cb4a2f4a1a80ab72faeb6f40b2987,7,6,False,True,SUCCEEDED,True,CGLQI,CGLQI,"[34, 3825, 48, 40, 151645]",ee53f15fed34ae1e6ed6607769cb524c33ebf8dbb03dae828439fab2f948f4df,280,268,12,98.148,106.838,5,40281128613,40068489829,212638784,40192828434,643,76a7a247456e607735e44257db3808465471c26a07434d5d1cd66802329fefd1,643,10690,IDENTITY
h1-small-reuse24,qwen2.5-0.5b-instruct-fp16-v2,slice-versus-full-cache-v1,record-reuse,24,940129,confirmation,MEASUREMENT,attempt-36efaceb8d1842688115037ab1bc6551,baseline,0,1,r063,ce463ecae5f51b8506fc3a430b267bad026cb4a2f4a1a80ab72faeb6f40b2987,7,7,False,True,SUCCEEDED,False,CRBJR,CROJX,"[34, 1285, 41, 55, 151645]",3d5e5d4a44fa22a1e40b7d85a823ed1110db3c42a2360c8a59d0fd544bc0c316,280,268,12,97.817,102.225,5,41082327207,40874089607,208237600,40988190555,643,42256bc662484a2f8c12e715541c813b1acbc728a054bd8a3275ba5666f00a9d,643,11011,IDENTITY
h1-small-reuse24,qwen2.5-0.5b-instruct-fp16-v2,slice-versus-full-cache-v1,record-reuse,24,940129,confirmation,MEASUREMENT,attempt-36efaceb8d1842688115037ab1bc6551,baseline,0,1,r064,56d9cfb76db81890e3f27be0447bd2a04a2fcdf8ac5ea1dc287b177c12fc4fcc,8,0,True,True,SUCCEEDED,False,CKWQP,CVMXH,"[34, 11187, 55, 39, 151645]",409f0e95a59c88d5c77134fb306478fd84fff114d5a8f88715f9750957559abe,278,70,208,1250.924,102.268,5,42448184948,41087335080,1360849868,42367992716,643,022dab25a87e4d8182adcd811fcc2c282898a5d5b5dbe26b2f6b76b45ca28260,643,10970,IDENTITY
h1-small-reuse24,qwen2.5-0.5b-instruct-fp16-v2,slice-versus-full-cache-v1,record-reuse,24,940129,confirmation,MEASUREMENT,attempt-36efaceb8d1842688115037ab1bc6551,baseline,0,1,r065,56d9cfb76db81890e3f27be0447bd2a04a2fcdf8ac5ea1dc287b177c12fc4fcc,8,1,False,True,SUCCEEDED,True,CUEIE,CUEIE,"[34, 2230, 5371, 151645]",a5cf22e173487541d3d9cd89d2a0db3446d3a1aa94079fc26e5e38d55a5a590a,280,267,13,104.84,76.755,4,43060785444,42872068494,188716950,43003673200,643,e0c169e480aa663f4c84029ba059f859461f9adc71ba6023c80a1b615d26ceaf,643,10750,IDENTITY
h1-small-reuse24,qwen2.5-0.5b-instruct-fp16-v2,slice-versus-full-cache-v1,record-reuse,24,940129,confirmation,MEASUREMENT,attempt-36efaceb8d1842688115037ab1bc6551,baseline,0,1,r066,56d9cfb76db81890e3f27be0447bd2a04a2fcdf8ac5ea1dc287b177c12fc4fcc,8,2,False,True,SUCCEEDED,True,CRYRU,CRYRU,"[34, 11242, 36003, 151645]",358f1cda728164ff236872ed4c7433b01d6f1e69e7c85a0e359eae965c613606,280,268,12,98.137,77.046,4,43247083375,43064727744,182355631,43195137429,643,60b9088e6e08f62247d2f06f28246eb936c351a0b4e48c58348e953aa815a9d7,643,10620,IDENTITY
h1-small-reuse24,qwen2.5-0.5b-instruct-fp16-v2,slice-versus-full-cache-v1,record-reuse,24,940129,confirmation,MEASUREMENT,attempt-36efaceb8d1842688115037ab1bc6551,baseline,0,1,r067,56d9cfb76db81890e3f27be0447bd2a04a2fcdf8ac5ea1dc287b177c12fc4fcc,8,3,False,True,SUCCEEDED,False,CYVDC,CGRWX,"[8798, 56368, 55, 151645]",0b6d82ff4cd2bcfc76e305fa0262c854b203e04b341a4cf12b9ea161edf72790,279,267,12,97.845,76.452,4,44073605490,43892095482,181510008,44006796475,643,1c723ed5b0e7d5a961b24b0c42f59c2b787a17a8db4f9fa41044cd174f7ebf66,643,10539,IDENTITY
h1-small-reuse24,qwen2.5-0.5b-instruct-fp16-v2,slice-versus-full-cache-v1,record-reuse,24,940129,confirmation,MEASUREMENT,attempt-36efaceb8d1842688115037ab1bc6551,baseline,0,1,r068,56d9cfb76db81890e3f27be0447bd2a04a2fcdf8ac5ea1dc287b177c12fc4fcc,8,4,False,True,SUCCEEDED,False,CLZEF,CQNVV,"[34, 48, 36326, 53, 151645]",a3948e2a02211aaade9c916a0bf658bf7044f2a300b809f57f5f9d0eb46506da,279,267,12,97.963,102.871,5,44287671649,44079669336,208002313,44203848354,643,6653be220686e1ebf24c1ddbe94ab9d577626c9047466954209646505fe07e58,643,10569,IDENTITY
h1-small-reuse24,qwen2.5-0.5b-instruct-fp16-v2,slice-versus-full-cache-v1,record-reuse,24,940129,confirmation,MEASUREMENT,attempt-36efaceb8d1842688115037ab1bc6551,baseline,0,1,r069,56d9cfb76db81890e3f27be0447bd2a04a2fcdf8ac5ea1dc287b177c12fc4fcc,8,5,False,True,SUCCEEDED,True,CGUYW,CGUYW,"[8798, 31301, 54, 151645]",e0d2a692110b2209c231118c4ff948c3acbee63bc7ac374d251aa531982ead9d,279,267,12,97.827,76.686,4,45064739230,44882853223,181886007,44996773684,643,08e2ac5453e0d64533b6918fb173705e59e12b031be698b6ff9ac5652ab99312,643,11060,IDENTITY
h1-small-reuse24,qwen2.5-0.5b-instruct-fp16-v2,slice-versus-full-cache-v1,record-reuse,24,940129,confirmation,MEASUREMENT,attempt-36efaceb8d1842688115037ab1bc6551,baseline,0,1,r070,56d9cfb76db81890e3f27be0447bd2a04a2fcdf8ac5ea1dc287b177c12fc4fcc,8,6,False,True,SUCCEEDED,False,CGQBF,CWWCX,"[34, 18985, 65240, 151645]",d250cda8fed65e3a9b32fc999c159dec87711b38cccba114d6994cd248900ec9,279,267,12,97.921,76.98,4,45256201896,45074198761,182003135,45198852421,643,c0e924fda9771bec5fd5a725e7faa08a11eeed616f75782c8782b9fff869cb7f,643,10570,IDENTITY
h1-small-reuse24,qwen2.5-0.5b-instruct-fp16-v2,slice-versus-full-cache-v1,record-reuse,24,940129,confirmation,MEASUREMENT,attempt-36efaceb8d1842688115037ab1bc6551,baseline,0,1,r071,56d9cfb76db81890e3f27be0447bd2a04a2fcdf8ac5ea1dc287b177c12fc4fcc,8,7,False,True,SUCCEEDED,False,CYAND,CYZEF,"[34525, 57, 14884, 151645]",249385953ea122c49c081ac36255108536304618158f6424d537bcf17ab97b7c,279,267,12,97.786,76.527,4,46073510879,45892118259,181392620,46006161479,643,070fa72212066672e37b047b431f2bbbe08893cd08282b48e9189d5045f26841,643,11121,IDENTITY
h1-small-reuse24,qwen2.5-0.5b-instruct-fp16-v2,slice-versus-full-cache-v1,record-reuse,24,940129,confirmation,MEASUREMENT,attempt-36efaceb8d1842688115037ab1bc6551,baseline,0,1,r072,7dfce28e2c90ec4cf02b6faa00cc10bfbe877bc0128c2dc426154a4072defced,9,0,True,True,SUCCEEDED,False,CZRYR,CXRYR,"[65240, 11242, 49, 151645]",d91b46b08532011c04e464e5497e417c11d7371003f382dd84eb1e6959b1f3bd,277,70,207,1250.594,76.992,4,47414821973,46079577891,1335244082,47355278569,643,8c62b6a1214c115701729666f0edd2d62ba484c3ae1036feaaf5b71949c8c2fe,643,10800,IDENTITY
h1-small-reuse24,qwen2.5-0.5b-instruct-fp16-v2,slice-versus-full-cache-v1,record-reuse,24,940129,confirmation,MEASUREMENT,attempt-36efaceb8d1842688115037ab1bc6551,baseline,0,1,r073,7dfce28e2c90ec4cf02b6faa00cc10bfbe877bc0128c2dc426154a4072defced,9,1,False,True,SUCCEEDED,False,CSOMH,CXVBA,"[65240, 53, 7064, 151645]",0ce241b9e2467e90229e3782f508734155c213f395842a1364d76c368eba52aa,277,265,12,97.711,76.584,4,48073441344,47889523508,183917836,48013856242,643,6eda43ed70ef5f5306de23efb983e3a57fad07553a43758580b2e1d820a156fb,643,10750,IDENTITY
h1-small-reuse24,qwen2.5-0.5b-instruct-fp16-v2,slice-versus-full-cache-v1,record-reuse,24,940129,confirmation,MEASUREMENT,attempt-36efaceb8d1842688115037ab1bc6551,baseline,0,1,r074,7dfce28e2c90ec4cf02b6faa00cc10bfbe877bc0128c2dc426154a4072defced,9,2,False,True,SUCCEEDED,False,CJFCT,CQUFR,"[34, 5757, 10504, 151645]",91675d7bfd6d2d2ca3ed33c12e0ebdb661b4f83230dc3a757fcbaddec7047cf1,277,265,12,98.088,76.982,4,48261920151,48077051607,184868544,48202656026,643,a7a130a3d07333c5ef62caee8d55e7530bdccd5f4853fd1cfcd836739244a6de,643,10780,IDENTITY
h1-small-reuse24,qwen2.5-0.5b-instruct-fp16-v2,slice-versus-full-cache-v1,record-reuse,24,940129,confirmation,MEASUREMENT,attempt-36efaceb8d1842688115037ab1bc6551,baseline,0,1,r075,7dfce28e2c90ec4cf02b6faa00cc10bfbe877bc0128c2dc426154a4072defced,9,3,False,True,SUCCEEDED,False,CKROV,CFOQ,"[34, 3788, 48, 151645]",ef7f570ab48850f39c3ea2cb30f6f57855936394fb4284093fd0604e6de222a0,278,265,13,104.764,76.785,4,49086919004,48899543819,187375185,49030758009,643,fa891a3ea2ad037ae6effe67c0da4e623811fb8dc55a8f211faf3c93a5830c3e,643,12192,IDENTITY
h1-small-reuse24,qwen2.5-0.5b-instruct-fp16-v2,slice-versus-full-cache-v1,record-reuse,24,940129,confirmation,MEASUREMENT,attempt-36efaceb8d1842688115037ab1bc6551,baseline,0,1,r076,7dfce28e2c90ec4cf02b6faa00cc10bfbe877bc0128c2dc426154a4072defced,9,4,False,True,SUCCEEDED,True,CTFPK,CTFPK,"[34, 10808, 22242, 151645]",5ba9b3fcff2fcfe9849e27808abe5af1901e4e5fccb558aaf76dbc33428b7842,277,265,12,97.973,76.762,4,49275974804,49092175118,183799686,49216796408,643,aff1bcd8ae83f96df4aa03f53d09f586983480dc38f2e7bab8a927efe9eee2f0,643,11231,IDENTITY
h1-small-reuse24,qwen2.5-0.5b-instruct-fp16-v2,slice-versus-full-cache-v1,record-reuse,24,940129,confirmation,MEASUREMENT,attempt-36efaceb8d1842688115037ab1bc6551,baseline,0,1,r077,7dfce28e2c90ec4cf02b6faa00cc10bfbe877bc0128c2dc426154a4072defced,9,5,False,True,SUCCEEDED,True,CQUFR,CQUFR,"[34, 5757, 10504, 151645]",834c41b0d7885b7f4f254645822cd7b04d5ad15b40b812d4d1d9d3a6fd8ffec3,277,265,12,97.732,76.503,4,50081458637,49900033216,181425421,50014075925,643,5847c4364350cd9b84407cb8e3459e70ead8d0b108d145425627b2ee1b8389a7,643,10900,IDENTITY
h1-small-reuse24,qwen2.5-0.5b-instruct-fp16-v2,slice-versus-full-cache-v1,record-reuse,24,940129,confirmation,MEASUREMENT,attempt-36efaceb8d1842688115037ab1bc6551,baseline,0,1,r078,7dfce28e2c90ec4cf02b6faa00cc10bfbe877bc0128c2dc426154a4072defced,9,6,False,True,SUCCEEDED,True,CVDZC,CVDZC,"[34, 12474, 57, 34, 151645]",ebb9af117685fc7377e1e2d6453e7f9bca1aff0991619ab2051bc1784f4aa48a,277,265,12,97.953,102.693,5,50295225979,50087429180,207796799,50220263943,643,43a6cddf188ff7fe2d66ccaa7211b642c551863a4057ccfd49715751375179ea,643,10620,IDENTITY
h1-small-reuse24,qwen2.5-0.5b-instruct-fp16-v2,slice-versus-full-cache-v1,record-reuse,24,940129,confirmation,MEASUREMENT,attempt-36efaceb8d1842688115037ab1bc6551,baseline,0,1,r079,7dfce28e2c90ec4cf02b6faa00cc10bfbe877bc0128c2dc426154a4072defced,9,7,False,True,SUCCEEDED,True,CUBFP,CUBFP,"[34, 4493, 11698, 151645]",4e20f340e5453c9368b5a5b5f6949a6b61ada9e0cb19d85ec412f00d847b1f00,276,265,11,91.916,76.662,4,51090151068,50914344626,175806442,51016146653,643,0cfccf528bcfc1388bbb7076cac955b09eda05c74e8fd2554942c21417baa143,643,11031,IDENTITY
h1-small-reuse24,qwen2.5-0.5b-instruct-fp16-v2,slice-versus-full-cache-v1,record-reuse,24,940129,confirmation,MEASUREMENT,attempt-36efaceb8d1842688115037ab1bc6551,baseline,0,1,r080,b74e2f13ac0461af186d9e3d4ae5ae77a0a95f703d5ec928740df1bab8cf56d3,10,0,True,True,SUCCEEDED,False,CHQWC,CQMYH,"[34, 48, 19159, 39, 151645]",6837dc6ffb0b4b32f971d213007dacd541f14b547e20a7bd93317212c29bf48e,273,70,203,1221.585,102.413,5,52428127131,51096971060,1331156071,52348142495,643,3262c68f725a417aa60f30ce113b0c9637517111cf0aa9148e6b8f9e11eff702,643,10439,IDENTITY
h1-small-reuse24,qwen2.5-0.5b-instruct-fp16-v2,slice-versus-full-cache-v1,record-reuse,24,940129,confirmation,MEASUREMENT,attempt-36efaceb8d1842688115037ab1bc6551,baseline,0,1,r081,b74e2f13ac0461af186d9e3d4ae5ae77a0a95f703d5ec928740df1bab8cf56d3,10,1,False,True,SUCCEEDED,True,CXGMH,CXGMH,"[65240, 20637, 39, 151645]",4a7859cb49bef99db243281c899ee69966e84218000bd13b824c1523bc0952c2,273,262,11,91.805,76.652,4,53092361223,52916767666,175593557,53019459688,643,b6ce6e55cc167f869b6c7ae1285e8fb21d0ac636508ac0740115fd1da74ee513,643,11121,IDENTITY
h1-small-reuse24,qwen2.5-0.5b-instruct-fp16-v2,slice-versus-full-cache-v1,record-reuse,24,940129,confirmation,MEASUREMENT,attempt-36efaceb8d1842688115037ab1bc6551,baseline,0,1,r082,b74e2f13ac0461af186d9e3d4ae5ae77a0a95f703d5ec928740df1bab8cf56d3,10,2,False,True,SUCCEEDED,False,CUWVD,CRLQZ,"[34, 4728, 48, 57, 151645]",dc2b0e3264cf8aa6fbcf7b9cf1d345054b1431f3a0dd989e1c56ffcdceb49d41,273,261,12,97.809,102.162,5,53306392286,53099148804,207243482,53223803808,643,d62896ccff8bd983dfe16a39657e1023dc8686c660258112e22b6d10b3c4046b,643,10910,IDENTITY
h1-small-reuse24,qwen2.5-0.5b-instruct-fp16-v2,slice-versus-full-cache-v1,record-reuse,24,940129,confirmation,MEASUREMENT,attempt-36efaceb8d1842688115037ab1bc6551,baseline,0,1,r083,b74e2f13ac0461af186d9e3d4ae5ae77a0a95f703d5ec928740df1bab8cf56d3,10,3,False,True,SUCCEEDED,False,CPUEI,CCCKO,"[3706, 3021, 46, 151645]",8c7be66853170046201fc2b4a5bc36da14cc2801b4515dda5efa22f4044aaaad,273,261,12,97.587,76.617,4,54103600580,53918107315,185493265,54031969979,643,3f6a3e63f13c0e47a90d1842db005e20859d06cc0b15c49fb64bc7b4f444ff3e,643,10690,IDENTITY
h1-small-reuse24,qwen2.5-0.5b-instruct-fp16-v2,slice-versus-full-cache-v1,record-reuse,24,940129,confirmation,MEASUREMENT,attempt-36efaceb8d1842688115037ab1bc6551,baseline,0,1,r084,b74e2f13ac0461af186d9e3d4ae5ae77a0a95f703d5ec928740df1bab8cf56d3,10,4,False,True,SUCCEEDED,False,CCTRS,CMTMC,"[34, 8505, 11604, 151645]",713ae791746711821f04af83009fdabc75761761acf9d9c871394e38fe5ac808,272,261,11,92.157,77.077,4,54287141315,54110707426,176433889,54224357254,643,ccad43365038de58dc3784a8b0bcbc7a7d881964539441b9025ae549ef69ee7b,643,10670,IDENTITY
h1-small-reuse24,qwen2.5-0.5b-instruct-fp16-v2,slice-versus-full-cache-v1,record-reuse,24,940129,confirmation,MEASUREMENT,attempt-36efaceb8d1842688115037ab1bc6551,baseline,0,1,r085,b74e2f13ac0461af186d9e3d4ae5ae77a0a95f703d5ec928740df1bab8cf56d3,10,5,False,True,SUCCEEDED,False,CBKDF,CRLQZ,"[34, 4728, 48, 57, 151645]",b8cd6957f9f4de626e2506ec1e427e7f092a90abf7c635dc077b6fcdffadec85,272,261,11,91.764,101.812,5,55123650701,54922880869,200769832,55028973714,643,6c65ef9e03dde530e4aea54df16488642fcb46f462fc333a76d92ec59f13de96,643,11191,IDENTITY
h1-small-reuse24,qwen2.5-0.5b-instruct-fp16-v2,slice-versus-full-cache-v1,record-reuse,24,940129,confirmation,MEASUREMENT,attempt-36efaceb8d1842688115037ab1bc6551,baseline,0,1,r086,b74e2f13ac0461af186d9e3d4ae5ae77a0a95f703d5ec928740df1bab8cf56d3,10,6,False,True,SUCCEEDED,True,CGNXX,CGNXX,"[8798, 45, 6148, 151645]",c14951523b353ba524c9be9285a80809eb7a546e6f286cf7f5cc26afa2992544,273,261,12,97.86,76.741,4,55312523982,55130764741,181759241,55254827272,643,c903982b4515cb8b049680c88538080382d8cdeb37145f16b056df5cb50b2b22,643,10730,IDENTITY
h1-small-reuse24,qwen2.5-0.5b-instruct-fp16-v2,slice-versus-full-cache-v1,record-reuse,24,940129,confirmation,MEASUREMENT,attempt-36efaceb8d1842688115037ab1bc6551,baseline,0,1,r087,b74e2f13ac0461af186d9e3d4ae5ae77a0a95f703d5ec928740df1bab8cf56d3,10,7,False,True,SUCCEEDED,True,CACBD,CACBD,"[34, 1706, 9548, 151645]",3ba2cbd656e764f528a8be5ca65f3683adfb88febcd75f1949373856eea320b9,273,261,12,97.562,76.617,4,56100159576,55918822409,181337167,56032196384,643,421cc322f0bd466b4df0de195cdc7098256cd61239e34abb8666e96d43f11e35,643,10790,IDENTITY
h1-small-reuse24,qwen2.5-0.5b-instruct-fp16-v2,slice-versus-full-cache-v1,record-reuse,24,940129,confirmation,MEASUREMENT,attempt-36efaceb8d1842688115037ab1bc6551,baseline,0,1,r088,5a349e401fff133aa08cf08ac9effdaaf2656297fb7ec4f69fd66df1d01f4756,11,0,True,True,SUCCEEDED,True,CGYZA,CGYZA,"[8798, 40209, 32, 151645]",68cba7f739882086a0d66661e0cb53cdd2f0f219ecdc58566c8951f051bc3d31,283,70,213,1279.729,76.949,4,57473198460,56106693736,1366504724,57416978466,643,da3e53c1b56b1746f9ea52ee37028aec9f3c906a27ee7a2205861c9d266b666e,643,10770,IDENTITY
h1-small-reuse24,qwen2.5-0.5b-instruct-fp16-v2,slice-versus-full-cache-v1,record-reuse,24,940129,confirmation,MEASUREMENT,attempt-36efaceb8d1842688115037ab1bc6551,baseline,0,1,r089,5a349e401fff133aa08cf08ac9effdaaf2656297fb7ec4f69fd66df1d01f4756,11,1,False,True,SUCCEEDED,False,CZAFG,CEROM,"[34, 640, 1898, 151645]",30a51960c9a23ab8eb433a4b39090bdfadb131c90fd8be099e9661a387db8a85,283,272,11,92.125,76.673,4,58098014331,57921675178,176339153,58027915358,643,86e96deb390bd54c02133c345e68f8ef3983aff0c66cbfdb67fdc818e11b0de8,643,12443,IDENTITY
h1-small-reuse24,qwen2.5-0.5b-instruct-fp16-v2,slice-versus-full-cache-v1,record-reuse,24,940129,confirmation,MEASUREMENT,attempt-36efaceb8d1842688115037ab1bc6551,baseline,0,1,r090,5a349e401fff133aa08cf08ac9effdaaf2656297fb7ec4f69fd66df1d01f4756,11,2,False,True,SUCCEEDED,False,CKOZB,COWZB,"[34, 3307, 57, 33, 151645]",190b6945a6cf01a7cd0bddcbde89ad821165c11a3a338c1d4039c396c4566248,283,271,12,98.17,102.71,5,58311910012,58103788779,208121233,58231608497,643,eaeb8c0c0208e17fdd37e5f829cf69debe77f705e7bfa27105e7eb0fd55bbf2a,643,10790,IDENTITY
h1-small-reuse24,qwen2.5-0.5b-instruct-fp16-v2,slice-versus-full-cache-v1,record-reuse,24,940129,confirmation,MEASUREMENT,attempt-36efaceb8d1842688115037ab1bc6551,baseline,0,1,r091,5a349e401fff133aa08cf08ac9effdaaf2656297fb7ec4f69fd66df1d01f4756,11,3,False,True,SUCCEEDED,True,CCWDX,CCWDX,"[3706, 54, 16591, 151645]",741760660a63c109dcce2eccde80bed1fd4236039f5c53056f8bb7b88c10a362,283,271,12,97.91,76.517,4,59125233484,58943430922,181802562,59057321347,643,9b69c294c25c70a3b1799af15430fb066882c6fac05732991509ccddbc308854,643,10700,IDENTITY
h1-small-reuse24,qwen2.5-0.5b-instruct-fp16-v2,slice-versus-full-cache-v1,record-reuse,24,940129,confirmation,MEASUREMENT,attempt-36efaceb8d1842688115037ab1bc6551,baseline,0,1,r092,5a349e401fff133aa08cf08ac9effdaaf2656297fb7ec4f69fd66df1d01f4756,11,4,False,True,SUCCEEDED,True,CEMGY,CEMGY,"[34, 2716, 41470, 151645]",d7500fe34c3673b05039b7902bb0ef41bacf563c2d5618581a3f166e5ced75fc,283,271,12,98.137,76.9,4,59313312127,59130905371,182406756,59255906467,643,ad966d08b0a2b9d052ceaffa27cbe8c21fec3ecf4a012c573fd9f26fd6477829,643,10850,IDENTITY
h1-small-reuse24,qwen2.5-0.5b-instruct-fp16-v2,slice-versus-full-cache-v1,record-reuse,24,940129,confirmation,MEASUREMENT,attempt-36efaceb8d1842688115037ab1bc6551,baseline,0,1,r093,5a349e401fff133aa08cf08ac9effdaaf2656297fb7ec4f69fd66df1d01f4756,11,5,False,True,SUCCEEDED,True,COFPW,COFPW,"[8281, 11698, 54, 151645]",3e68c52e7813a8e6b60049a28fe9bde7205b2e884493c91259e58cbc5d019cee,283,271,12,97.905,76.622,4,60108063993,59925869682,182194311,60034126723,643,04e1eb5f59508c213feae9ea30c80a6830fe6b715644095295f239c2de8f0d3b,643,10730,IDENTITY
h1-small-reuse24,qwen2.5-0.5b-instruct-fp16-v2,slice-versus-full-cache-v1,record-reuse,24,940129,confirmation,MEASUREMENT,attempt-36efaceb8d1842688115037ab1bc6551,baseline,0,1,r094,5a349e401fff133aa08cf08ac9effdaaf2656297fb7ec4f69fd66df1d01f4756,11,6,False,True,SUCCEEDED,False,CIKRZ,CQOGU,"[34, 48, 12223, 52, 151645]",4639cbba9d6a9cf5407134f2221221af60497f681e617740abaaec2e931e79b6,284,271,13,105.323,102.615,5,60329690631,60113527373,216163258,60244826792,643,9319c8be6d5d4f2f609cca268ebdf943a34139b16839ad21a1fb96766d564e2d,643,15950,IDENTITY
h1-small-reuse24,qwen2.5-0.5b-instruct-fp16-v2,slice-versus-full-cache-v1,record-reuse,24,940129,confirmation,MEASUREMENT,attempt-36efaceb8d1842688115037ab1bc6551,baseline,0,1,r095,5a349e401fff133aa08cf08ac9effdaaf2656297fb7ec4f69fd66df1d01f4756,11,7,False,True,SUCCEEDED,False,CJPLA,CYUGK,"[34525, 2941, 42, 151645]",d7fd413e5dab3230795d6dcba50b20d7660ee93b91325bd7a96256827a7ba130,283,271,12,97.946,76.829,4,61119604120,60936768426,182835694,61050239272,643,897bce8c658aa021279767a1f8d5b01a9452732fcededadf73c1c0138cac3a60,643,10550,IDENTITY
h1-small-reuse24,qwen2.5-0.5b-instruct-fp16-v2,slice-versus-full-cache-v1,record-reuse,24,940129,confirmation,MEASUREMENT,attempt-36efaceb8d1842688115037ab1bc6551,baseline,0,1,r096,edefefb0bcf5d7dd4f9b5205bc5c43ac53d77498099c84e68441a5f68437daf8,12,0,True,True,SUCCEEDED,False,CMJJQ,CJJQ,"[34, 63391, 48, 151645]",b090940acbdd3c4c0afe5bb6d26b9128ba15060e64d17c5d2bfcf7fda6df5b8d,275,70,205,1234.926,76.893,4,62448432653,61128862827,1319569826,62392996356,643,8490d794a6f3139ba6d5c147946d566a7ba77063919a2b668f4c103bbe2cf774,643,11121,IDENTITY
h1-small-reuse24,qwen2.5-0.5b-instruct-fp16-v2,slice-versus-full-cache-v1,record-reuse,24,940129,confirmation,MEASUREMENT,attempt-36efaceb8d1842688115037ab1bc6551,baseline,0,1,r097,edefefb0bcf5d7dd4f9b5205bc5c43ac53d77498099c84e68441a5f68437daf8,12,1,False,True,SUCCEEDED,True,CJPES,CJPES,"[34, 27188, 1570, 151645]",a5e75150e18ac8810b9783684bd963fdc23192c588aa4a1b845515b557489813,276,263,13,104.744,76.618,4,63134643321,62946103971,188539350,63076752930,643,3c0a0954c2cd75f07adeb3c7c6af445ebe68f1eed106b4de228d0472582ce8eb,643,10530,IDENTITY
h1-small-reuse24,qwen2.5-0.5b-instruct-fp16-v2,slice-versus-full-cache-v1,record-reuse,24,940129,confirmation,MEASUREMENT,attempt-36efaceb8d1842688115037ab1bc6551,baseline,0,1,r098,edefefb0bcf5d7dd4f9b5205bc5c43ac53d77498099c84e68441a5f68437daf8,12,2,False,True,SUCCEEDED,True,CPARE,CPARE,"[7123, 4477, 151645]",ba1db44cf81e2331ce4022c1adeca838803f24716f49dadcdf3a23d4307891f5,276,263,13,104.979,51.541,3,63305578164,63138739207,166838957,63260876158,643,871444be0a27224b81fce5ab17fcbfafcedf9dcd78f83a958332e2978348b608,643,10810,IDENTITY
h1-small-reuse24,qwen2.5-0.5b-instruct-fp16-v2,slice-versus-full-cache-v1,record-reuse,24,940129,confirmation,MEASUREMENT,attempt-36efaceb8d1842688115037ab1bc6551,baseline,0,1,r099,edefefb0bcf5d7dd4f9b5205bc5c43ac53d77498099c84e68441a5f68437daf8,12,3,False,True,SUCCEEDED,False,CYFGU,CIGCC,"[34, 1914, 3706, 151645]",a233fc94f4832a365911c759991795e958c6a36498fa90f08952ea75b52a945a,275,263,12,97.532,76.735,4,64118941209,63937479981,181461228,64051587070,643,7258bb07ac93fc7da8dffe7209595f08c293479ad9235ad55bb1fd9beb52b32d,643,10590,IDENTITY
h1-small-reuse24,qwen2.5-0.5b-instruct-fp16-v2,slice-versus-full-cache-v1,record-reuse,24,940129,confirmation,MEASUREMENT,attempt-36efaceb8d1842688115037ab1bc6551,baseline,0,1,r100,edefefb0bcf5d7dd4f9b5205bc5c43ac53d77498099c84e68441a5f68437daf8,12,4,False,True,SUCCEEDED,False,CLUSN,CMLGO,"[34, 2668, 15513, 151645]",9a572567435434f28f239f1156ed1def022353d9bffa93805154ddf4d55006af,275,263,12,97.959,76.826,4,64307120659,64125143012,181977647,64250016331,643,7f861e45ba05d36de92e59dda6694de093bed8a94ef796019c9a766fefe2e93f,643,10730,IDENTITY
h1-small-reuse24,qwen2.5-0.5b-instruct-fp16-v2,slice-versus-full-cache-v1,record-reuse,24,940129,confirmation,MEASUREMENT,attempt-36efaceb8d1842688115037ab1bc6551,baseline,0,1,r101,edefefb0bcf5d7dd4f9b5205bc5c43ac53d77498099c84e68441a5f68437daf8,12,5,False,True,SUCCEEDED,False,CIAON,CCHVM,"[34, 2149, 11187, 151645]",ab744657b703882069a142c6a3f91138b553205c9f7e9a4838418a5b25c706e6,275,263,12,97.662,76.815,4,65123251722,64941161895,182089827,65054816332,643,92ba87a527cb8e37902b15b6be8330794414c5323401025016efd89b57b85a59,643,10961,IDENTITY
h1-small-reuse24,qwen2.5-0.5b-instruct-fp16-v2,slice-versus-full-cache-v1,record-reuse,24,940129,confirmation,MEASUREMENT,attempt-36efaceb8d1842688115037ab1bc6551,baseline,0,1,r102,edefefb0bcf5d7dd4f9b5205bc5c43ac53d77498099c84e68441a5f68437daf8,12,6,False,True,SUCCEEDED,True,CCRSL,CCRSL,"[34, 8973, 7984, 151645]",5c58627012350939dd83098bbcde0ba3e22f390b5abfa89407e6dfdff9515368,275,263,12,97.904,77.3,4,65313752589,65128676569,185076020,65262297565,643,21af11ec1b95f3a4136b8d34ce24d275fd578d7c9009331d94308fae7e9323a9,643,10589,IDENTITY
h1-small-reuse24,qwen2.5-0.5b-instruct-fp16-v2,slice-versus-full-cache-v1,record-reuse,24,940129,confirmation,MEASUREMENT,attempt-36efaceb8d1842688115037ab1bc6551,baseline,0,1,r103,edefefb0bcf5d7dd4f9b5205bc5c43ac53d77498099c84e68441a5f68437daf8,12,7,False,True,SUCCEEDED,False,CTRLT,CIVKK,"[34, 3090, 50457, 151645]",0f03b7339273b52dc2150054cb04c853b040884e97ea252be87ae2a8b936cf63,274,263,11,91.687,76.691,4,66132795316,65957234410,175560906,66060219597,643,ede482cf25e727d909bcb19e27eca8fbc4fe39b0a262602f6847d5a149fd1c31,643,10891,IDENTITY
h1-small-reuse24,qwen2.5-0.5b-instruct-fp16-v2,slice-versus-full-cache-v1,record-reuse,24,940129,confirmation,MEASUREMENT,attempt-36efaceb8d1842688115037ab1bc6551,baseline,0,1,r104,c7aab0ddac869462273e075103bd0ef7393b6afd4edf83ad4c92dd6a7c739030,13,0,True,True,SUCCEEDED,False,CNWXK,CVOCI,"[19589, 63983, 151645]",e0b8ee6220149346e75544c78291a2d69a34735835e20cb485d9a21556590000,273,70,203,1222.789,51.477,3,67425309680,66139646276,1285663404,67388851324,643,de3d38118c7b5f0d839cadb697c66545626af4313ad52d972b5568dc163feb62,643,14938,IDENTITY
h1-small-reuse24,qwen2.5-0.5b-instruct-fp16-v2,slice-versus-full-cache-v1,record-reuse,24,940129,confirmation,MEASUREMENT,attempt-36efaceb8d1842688115037ab1bc6551,baseline,0,1,r105,c7aab0ddac869462273e075103bd0ef7393b6afd4edf83ad4c92dd6a7c739030,13,1,False,True,SUCCEEDED,True,CYDCB,CYDCB,"[34525, 5626, 33, 151645]",19392903f8fd0a0e4bc457224e902dff53873254b4369dd8b01ec90e7dafe3fc,274,262,12,97.636,76.63,4,68132826729,67951420103,181406626,68064779280,643,8ddcb109454e01072ec8993d954e29f62e386224d2ee13ed05872b7ae19cee72,643,10870,IDENTITY
h1-small-reuse24,qwen2.5-0.5b-instruct-fp16-v2,slice-versus-full-cache-v1,record-reuse,24,940129,confirmation,MEASUREMENT,attempt-36efaceb8d1842688115037ab1bc6551,baseline,0,1,r106,c7aab0ddac869462273e075103bd0ef7393b6afd4edf83ad4c92dd6a7c739030,13,2,False,True,SUCCEEDED,False,CSRYE,CUCBL,"[34, 5459, 9389, 151645]",73f233a6f43bfe2a7161b80b739e4947ad9f7df2588bd3181412e7c5f59db036,274,262,12,97.889,76.778,4,68320971745,68138882309,182089436,68256858353,643,a7c1b8b2838f8d3e6920ef4a29863583a2ae4bc18e719de4032a38f1934a0b8f,643,10881,IDENTITY
h1-small-reuse24,qwen2.5-0.5b-instruct-fp16-v2,slice-versus-full-cache-v1,record-reuse,24,940129,confirmation,MEASUREMENT,attempt-36efaceb8d1842688115037ab1bc6551,baseline,0,1,r107,c7aab0ddac869462273e075103bd0ef7393b6afd4edf83ad4c92dd6a7c739030,13,3,False,True,SUCCEEDED,False,CCFHB,CQOHG,"[34, 48, 46761, 38, 151645]",ce6c58641f189b8519f42d10841f6ba78efb781f357e5449fbf094bbd0540add,274,262,12,97.505,102.241,5,69165636227,68958635547,207000680,69071452737,643,d345a01e195b13e8eab20336c5064d2d16f0edbb63d8c7995b9b0a6c73280a5f,643,10750,IDENTITY
h1-small-reuse24,qwen2.5-0.5b-instruct-fp16-v2,slice-versus-full-cache-v1,record-reuse,24,940129,confirmation,MEASUREMENT,attempt-36efaceb8d1842688115037ab1bc6551,baseline,0,1,r108,c7aab0ddac869462273e075103bd0ef7393b6afd4edf83ad4c92dd6a7c739030,13,4,False,True,SUCCEEDED,False,CGVXQ,CHOJU,"[30498, 41, 52, 151645]",95e49abf7ca971a0360891fdd2bd5c82f632480fb68e54afb5b10b39487795ae,274,262,12,98.084,76.889,4,69353860801,69171783719,182077082,69285830495,643,d38121b195a01a8c1b7521ee8a33597fab66e0c73887687b4ad143647d11c37c,643,10960,IDENTITY
h1-small-reuse24,qwen2.5-0.5b-instruct-fp16-v2,slice-versus-full-cache-v1,record-reuse,24,940129,confirmation,MEASUREMENT,attempt-36efaceb8d1842688115037ab1bc6551,baseline,0,1,r109,c7aab0ddac869462273e075103bd0ef7393b6afd4edf83ad4c92dd6a7c739030,13,5,False,True,SUCCEEDED,False,CTCIU,CCTND,"[34, 1162, 8065, 151645]",3a06fabac4bfd6cba9cd01df860daad567169c3e59ea1a62c278402afb5eaf88,273,262,11,91.852,76.972,4,70142100688,69960965858,181134830,70064289033,643,242150965e3bc149afaba70f44e5b44642fbf0f1f45c47212fc7b98ae2d4aec1,643,11000,IDENTITY
h1-small-reuse24,qwen2.5-0.5b-instruct-fp16-v2,slice-versus-full-cache-v1,record-reuse,24,940129,confirmation,MEASUREMENT,attempt-36efaceb8d1842688115037ab1bc6551,baseline,0,1,r110,c7aab0ddac869462273e075103bd0ef7393b6afd4edf83ad4c92dd6a7c739030,13,6,False,True,SUCCEEDED,False,CBPRC,CQILO,"[34, 48, 40, 1593, 151645]",9149a7011acf1e2de1c21a99b6400cb5601ec1b60c0bd10e2989e67214ed6611,275,262,13,104.87,102.5,5,70372753010,70158120899,214632111,70289831031,643,4ca807cdb8ed78563a955cf11326ab8061f0dd7b05b4ca9e7c382ed3be1c786b,643,10650,IDENTITY
h1-small-reuse24,qwen2.5-0.5b-instruct-fp16-v2,slice-versus-full-cache-v1,record-reuse,24,940129,confirmation,MEASUREMENT,attempt-36efaceb8d1842688115037ab1bc6551,baseline,0,1,r111,c7aab0ddac869462273e075103bd0ef7393b6afd4edf83ad4c92dd6a7c739030,13,7,False,True,SUCCEEDED,False,CCTYS,CQILO,"[34, 48, 40, 1593, 151645]",dcfcf2090063baef6b2ea28c0deb518145501d328f422086cc2db7b749c8b28a,274,262,12,97.73,102.148,5,71165905252,70958664666,207240586,71072881218,643,36051d32d379a6517de54645de2a27e659325db9c31f613ce849f7185c5d668d,643,10600,IDENTITY
h1-small-reuse24,qwen2.5-0.5b-instruct-fp16-v2,slice-versus-full-cache-v1,record-reuse,24,940129,confirmation,MEASUREMENT,attempt-36efaceb8d1842688115037ab1bc6551,baseline,0,1,r112,8072f457b97eb28dfeab619075dbb71df9d5b884ad0d9061be00f5ea028355ea,14,0,True,True,SUCCEEDED,False,CYHRT,CCTFC,"[34, 1162, 6754, 151645]",b6c4a6160c535b534b2c144fb353cfa7666df81c2050b54f589b8ee157c9fc20,276,70,206,1240.927,76.692,4,72499308651,71171850818,1327457833,72441075964,643,84acbbbebcd57e9b4de667d4329dd13091f7c8b8d74af296ea4fd367c384372a,643,10480,IDENTITY
h1-small-reuse24,qwen2.5-0.5b-instruct-fp16-v2,slice-versus-full-cache-v1,record-reuse,24,940129,confirmation,MEASUREMENT,attempt-36efaceb8d1842688115037ab1bc6551,baseline,0,1,r113,8072f457b97eb28dfeab619075dbb71df9d5b884ad0d9061be00f5ea028355ea,14,1,False,True,SUCCEEDED,False,CEOMH,CAXQT,"[34, 2954, 43678, 151645]",724a6d57770fa21a8a2873062433658ec5ad173adae8e406306b5c5ffaf3671e,276,264,12,99.847,79.066,4,73148186146,72961944489,186241657,73079257530,643,269fbfd4966045752d2f9aa68a408cd81c97bae199975398ac1ea94f2ead9ccf,643,10540,IDENTITY
h1-small-reuse24,qwen2.5-0.5b-instruct-fp16-v2,slice-versus-full-cache-v1,record-reuse,24,940129,confirmation,MEASUREMENT,attempt-36efaceb8d1842688115037ab1bc6551,baseline,0,1,r114,8072f457b97eb28dfeab619075dbb71df9d5b884ad0d9061be00f5ea028355ea,14,2,False,True,SUCCEEDED,False,CZGJC,CCTFC,"[34, 1162, 6754, 151645]",a35a43f66270f1dafc65ef95ecaa08f0af1f88c28300a7029d341921fc794cfe,276,264,12,99.178,80.384,4,73344468054,73154983637,189484417,73288848957,643,7a74b508cf4884b74a8e90d4e7c8325571671b7e271d5045d73bc589e0c9c77e,643,10629,IDENTITY
h1-small-reuse24,qwen2.5-0.5b-instruct-fp16-v2,slice-versus-full-cache-v1,record-reuse,24,940129,confirmation,MEASUREMENT,attempt-36efaceb8d1842688115037ab1bc6551,baseline,0,1,r115,8072f457b97eb28dfeab619075dbb71df9d5b884ad0d9061be00f5ea028355ea,14,3,False,True,SUCCEEDED,False,CPNPW,CJPQ,"[34, 27188, 48, 151645]",f6b733fbc5a423a4ad495f73ceb6a96e11045f9eae31dc456974948e0f221b71,276,264,12,98.965,77.742,4,74138990834,73954256590,184734244,74069502497,643,efb01adde249fd29253741fc2b60489f4b485872a7c24fcc7e970781b0749321,643,10519,IDENTITY
h1-small-reuse24,qwen2.5-0.5b-instruct-fp16-v2,slice-versus-full-cache-v1,record-reuse,24,940129,confirmation,MEASUREMENT,attempt-36efaceb8d1842688115037ab1bc6551,baseline,0,1,r116,8072f457b97eb28dfeab619075dbb71df9d5b884ad0d9061be00f5ea028355ea,14,4,False,True,SUCCEEDED,True,CGQIU,CGQIU,"[8798, 48, 80000, 151645]",f08f6b5d8a6d54d4d22f1448189433dd23450652de14ec8706fa6af220fcf5e9,276,264,12,98.758,78.228,4,74334045880,74143695673,190350207,74268787499,643,40b85eff7aa016e70f565a7a3a178a0b94cbf4cd99cf9b539c6d742493aa98a3,643,10430,IDENTITY
h1-small-reuse24,qwen2.5-0.5b-instruct-fp16-v2,slice-versus-full-cache-v1,record-reuse,24,940129,confirmation,MEASUREMENT,attempt-36efaceb8d1842688115037ab1bc6551,baseline,0,1,r117,8072f457b97eb28dfeab619075dbb71df9d5b884ad0d9061be00f5ea028355ea,14,5,False,True,SUCCEEDED,True,CMTLQ,CMTLQ,"[34, 8505, 43, 48, 151645]",00202746156704eba947b45017ea08b91cedd93be0df91b1152fa451afad7c7c,276,265,11,92.25,104.659,5,75159534734,74955444256,204090478,75057263675,643,e1ba65c8a31b4b4f7cc493abf70c538fb98cef72dab08e95d8eb3905d287307c,643,10329,IDENTITY
h1-small-reuse24,qwen2.5-0.5b-instruct-fp16-v2,slice-versus-full-cache-v1,record-reuse,24,940129,confirmation,MEASUREMENT,attempt-36efaceb8d1842688115037ab1bc6551,baseline,0,1,r118,8072f457b97eb28dfeab619075dbb71df9d5b884ad0d9061be00f5ea028355ea,14,6,False,True,SUCCEEDED,True,CCPBI,CCPBI,"[3706, 47, 8598, 151645]",4a44bc222e5015b532612b2384d5ca274e28bc331f1790f7eef04dec123ea61e,276,264,12,98.641,77.759,4,75349789474,75163676275,186113199,75288607442,643,0b523b50a80a1a436d323e992f7c3e5d1c9811719e1591d386d09d7143301940,643,10429,IDENTITY
h1-small-reuse24,qwen2.5-0.5b-instruct-fp16-v2,slice-versus-full-cache-v1,record-reuse,24,940129,confirmation,MEASUREMENT,attempt-36efaceb8d1842688115037ab1bc6551,baseline,0,1,r119,8072f457b97eb28dfeab619075dbb71df9d5b884ad0d9061be00f5ea028355ea,14,7,False,True,SUCCEEDED,True,CSHDI,CSHDI,"[34, 8590, 17625, 151645]",7dd4f5b896faa5cf6524c7de3d6b973b0f3faad12f9fb7b5a3835c102a3d4061,275,264,11,92.236,76.73,4,76129005480,75952934887,176070593,76057994151,643,5f7bd1d1c0c6a804e4fe69b768a9d2e38b47a3c7f9535537369362fa9faf9f29,643,10619,IDENTITY
h1-small-reuse24,qwen2.5-0.5b-instruct-fp16-v2,slice-versus-full-cache-v1,record-reuse,24,940129,confirmation,MEASUREMENT,attempt-36efaceb8d1842688115037ab1bc6551,baseline,0,1,r120,8f5d398b8c2e9af3d3281a2bd74b8562743308cf4e7ea1f1fed4a9810c4542b3,15,0,True,True,SUCCEEDED,False,CJUWD,CRLDJ,"[34, 4728, 53272, 151645]",4d253a1bc378bd103252adf3ee779c64ea4fbb9b789028169e5a302486324e2b,278,70,208,1262.957,76.759,4,77484295219,76135272835,1349022384,77428007549,643,f25aeceeb49c3c77b9fa64d871b9302ac1527bd87c649dbbdde1ccb8235f8abd,643,17563,IDENTITY
h1-small-reuse24,qwen2.5-0.5b-instruct-fp16-v2,slice-versus-full-cache-v1,record-reuse,24,940129,confirmation,MEASUREMENT,attempt-36efaceb8d1842688115037ab1bc6551,baseline,0,1,r121,8f5d398b8c2e9af3d3281a2bd74b8562743308cf4e7ea1f1fed4a9810c4542b3,15,1,False,True,SUCCEEDED,False,CVZBE,CZCHB,"[34, 57, 2149, 33, 151645]",59a9a05aad1012155872eeb0f774b07b5b62751fcabe1aa82e666515851ac860,278,266,12,97.801,102.17,5,78200719451,77993405659,207313792,78106499524,643,b57fdf36271231edf891294caffe98ec3f48f63d1fe5482372106fb6df3afd59,643,10499,IDENTITY
h1-small-reuse24,qwen2.5-0.5b-instruct-fp16-v2,slice-versus-full-cache-v1,record-reuse,24,940129,confirmation,MEASUREMENT,attempt-36efaceb8d1842688115037ab1bc6551,baseline,0,1,r122,8f5d398b8c2e9af3d3281a2bd74b8562743308cf4e7ea1f1fed4a9810c4542b3,15,2,False,True,SUCCEEDED,False,CJGIR,CPEEZ,"[34, 1740, 97278, 151645]",1f45b7070b3440f80e44eb97be13b759b334281d1f2e937cc1e4fdeafe162062,278,266,12,98.224,77.071,4,78400171974,78206627167,193544807,78321582383,643,feb84228a6e96c4319b90cb31eb71d3997c9a28557ca6504d0a96a8e2c043892,643,10410,IDENTITY
h1-small-reuse24,qwen2.5-0.5b-instruct-fp16-v2,slice-versus-full-cache-v1,record-reuse,24,940129,confirmation,MEASUREMENT,attempt-36efaceb8d1842688115037ab1bc6551,baseline,0,1,r123,8f5d398b8c2e9af3d3281a2bd74b8562743308cf4e7ea1f1fed4a9810c4542b3,15,3,False,True,SUCCEEDED,False,CRGDH,CPEEZ,"[34, 1740, 97278, 151645]",c343f2297970b8b4d686f2128beb45346edcd087bbc888aa0797cb8c91f005e5,278,266,12,97.759,77.139,4,79172613193,78990249558,182363635,79099642320,643,299abd23598ae14c0a78ab564f0f356e1a2d6662aec0f4dae75b91257777490d,643,10509,IDENTITY
h1-small-reuse24,qwen2.5-0.5b-instruct-fp16-v2,slice-versus-full-cache-v1,record-reuse,24,940129,confirmation,MEASUREMENT,attempt-36efaceb8d1842688115037ab1bc6551,baseline,0,1,r124,8f5d398b8c2e9af3d3281a2bd74b8562743308cf4e7ea1f1fed4a9810c4542b3,15,4,False,True,SUCCEEDED,True,CTSVU,CTSVU,"[34, 9951, 53, 52, 151645]",628b236a95cd43ec35d3f67c7f3e2bfe8a9650d6d31a37c35feb68c1e066ba78,278,266,12,98.03,102.497,5,79385566101,79177702758,207863343,79293845441,643,ff5ca4459dc6de154f40b04ed6247baac98962c7fc57bf250b6d16b0ca491234,643,10370,IDENTITY
h1-small-reuse24,qwen2.5-0.5b-instruct-fp16-v2,slice-versus-full-cache-v1,record-reuse,24,940129,confirmation,MEASUREMENT,attempt-36efaceb8d1842688115037ab1bc6551,baseline,0,1,r125,8f5d398b8c2e9af3d3281a2bd74b8562743308cf4e7ea1f1fed4a9810c4542b3,15,5,False,True,SUCCEEDED,True,CMCHW,CMCHW,"[9985, 2149, 54, 151645]",9127321bea4769e62d8ef14f24a31787bb29c26a67e13425c599e9a598fb8425,278,266,12,97.748,76.724,4,80167296193,79985395268,181900925,80097955210,643,b950bdc762910fb2e4121ef3f3fdfb34d2a5eb35d125139eaa051f838b629ac2,643,10390,IDENTITY
h1-small-reuse24,qwen2.5-0.5b-instruct-fp16-v2,slice-versus-full-cache-v1,record-reuse,24,940129,confirmation,MEASUREMENT,attempt-36efaceb8d1842688115037ab1bc6551,baseline,0,1,r126,8f5d398b8c2e9af3d3281a2bd74b8562743308cf4e7ea1f1fed4a9810c4542b3,15,6,False,True,SUCCEEDED,True,CGSNJ,CGSNJ,"[8798, 18966, 41, 151645]",c1410853bbd0b4f0643248c2cc489229d5eb80d3cf1518fe45ebbd06064b8d67,278,266,12,98.05,77.534,4,80356341604,80173357154,182984450,80304352247,643,5b3b8212dc64a6cbdd94b59a81217193a55d06a6ab9e0df4b7e6198ff2f901bd,643,10820,IDENTITY
h1-small-reuse24,qwen2.5-0.5b-instruct-fp16-v2,slice-versus-full-cache-v1,record-reuse,24,940129,confirmation,MEASUREMENT,attempt-36efaceb8d1842688115037ab1bc6551,baseline,0,1,r127,8f5d398b8c2e9af3d3281a2bd74b8562743308cf4e7ea1f1fed4a9810c4542b3,15,7,False,True,SUCCEEDED,False,CFKKM,CREQP,"[34, 28966, 47, 151645]",6703d2dbe5abdc3e56c610de220ab37f6259181289d1eeec9a70860c55e6c7d3,278,266,12,97.761,76.988,4,81182631477,81000499182,182132295,81114533776,643,c88bdf1d20bd1bb76e5e1af68f2534cde619f8a0990ed83a88da3bc0a8927d68,643,10369,IDENTITY
h1-small-reuse24,qwen2.5-0.5b-instruct-fp16-v2,slice-versus-full-cache-v1,record-reuse,24,940129,confirmation,MEASUREMENT,attempt-ff6938a7a7ae4dd0936f03029d240865,candidate,0,1,r000,e2bbcf7fdcde8b11629d90c05f4882448617accadbe671b62961f35e85473931,0,0,True,True,SUCCEEDED,False,CLOTH,CLJMH,"[3140, 41, 48202, 151645]",c9005f48d02d324c4693edc2b10b056d2dd7dc1dfecb33395d94110f40cf297a,92,0,92,562.504,73.634,4,1355121506,710739771,644381735,1300264125,643,95ab229aad631d13ffd5b08cbb36506b1a9660794f2011ed6d9c927f18a9fa4d,229,80069,CERTIFIED_SLICE
h1-small-reuse24,qwen2.5-0.5b-instruct-fp16-v2,slice-versus-full-cache-v1,record-reuse,24,940129,confirmation,MEASUREMENT,attempt-ff6938a7a7ae4dd0936f03029d240865,candidate,0,1,r001,e2bbcf7fdcde8b11629d90c05f4882448617accadbe671b62961f35e85473931,0,1,False,True,SUCCEEDED,True,CQERS,CQERS,"[34, 48, 4321, 151645]",b65813010a1e2485eb89e356858f0efa1ca2b003850ce7b54fa7ebc7da0b8c96,92,70,22,157.238,73.259,4,2014621193,1775007317,239613876,1953184989,643,15b407d07db478933af53f9fba2f42db625139de79f5b1c376a3202e0d5c641f,229,40525,CERTIFIED_SLICE
h1-small-reuse24,qwen2.5-0.5b-instruct-fp16-v2,slice-versus-full-cache-v1,record-reuse,24,940129,confirmation,MEASUREMENT,attempt-ff6938a7a7ae4dd0936f03029d240865,candidate,0,1,r002,e2bbcf7fdcde8b11629d90c05f4882448617accadbe671b62961f35e85473931,0,2,False,True,SUCCEEDED,False,CZDGI,CIXVR,"[34, 5396, 18800, 151645]",cdcbdc5dccac41601318b06076be70550969281c62d65e0fff8f053f6fcabf57,92,71,21,153.397,74.952,4,2254591141,2019093349,235497792,2199311034,643,ed491892ecd440055f89d77b4d3bd2dcfa08bcfad66c5538aaaedf97394b42ef,229,36338,CERTIFIED_SLICE
h1-small-reuse24,qwen2.5-0.5b-instruct-fp16-v2,slice-versus-full-cache-v1,record-reuse,24,940129,confirmation,MEASUREMENT,attempt-ff6938a7a7ae4dd0936f03029d240865,candidate,0,1,r003,e2bbcf7fdcde8b11629d90c05f4882448617accadbe671b62961f35e85473931,0,3,False,True,SUCCEEDED,True,COJDO,COJDO,"[8281, 41, 5865, 151645]",9b2b4a0d361932d75a27ba9f5854d632b598710136068ed221c2496c3d414076,92,71,21,150.545,73.245,4,3016590803,2784619198,231971605,2956259553,643,3c26b8fb55d8e5d6e7e41576a3addc7c2a7ac0ec79abdea8de87d3da749badd4,229,35496,CERTIFIED_SLICE
h1-small-reuse24,qwen2.5-0.5b-instruct-fp16-v2,slice-versus-full-cache-v1,record-reuse,24,940129,confirmation,MEASUREMENT,attempt-ff6938a7a7ae4dd0936f03029d240865,candidate,0,1,r004,e2bbcf7fdcde8b11629d90c05f4882448617accadbe671b62961f35e85473931,0,4,False,True,SUCCEEDED,False,CYEYZ,CZEYZ,"[34, 52867, 40209, 151645]",1f0b6692a61bb106850c5579716219bc0b98b72db6cefaf4fe2c68a4053c680e,94,70,24,168.919,74.428,4,3274166189,3023646593,250519596,3219346418,643,197d603cadaf4bdf250c519cd2f35de45c2c1f0ac294125859e75f83511ede75,229,34915,CERTIFIED_SLICE
h1-small-reuse24,qwen2.5-0.5b-instruct-fp16-v2,slice-versus-full-cache-v1,record-reuse,24,940129,confirmation,MEASUREMENT,attempt-ff6938a7a7ae4dd0936f03029d240865,candidate,0,1,r005,e2bbcf7fdcde8b11629d90c05f4882448617accadbe671b62961f35e85473931,0,5,False,True,SUCCEEDED,True,CDPLE,CDPLE,"[6484, 9515, 151645]",1c70cf94edfbdf51f0629415c7f7dde44910ab79263c5ced0e62b9513f3691dc,93,70,23,161.393,49.27,3,3995254343,3773050142,222204201,3961324098,643,20133fe664ed5f322f48fa97a94a4c56d59dfc9f593da3c66329a681617614f3,229,34625,CERTIFIED_SLICE
h1-small-reuse24,qwen2.5-0.5b-instruct-fp16-v2,slice-versus-full-cache-v1,record-reuse,24,940129,confirmation,MEASUREMENT,attempt-ff6938a7a7ae4dd0936f03029d240865,candidate,0,1,r006,e2bbcf7fdcde8b11629d90c05f4882448617accadbe671b62961f35e85473931,0,6,False,True,SUCCEEDED,False,CZSRO,CZEK,"[34, 52867, 42, 151645]",3758e17886955e5197d8c129a7cc4c06193b8022916b59a0d3e51228b706e686,92,70,22,157.466,74.286,4,4246662000,4005260761,241401239,4189362198,643,6e8616009c1ea00489e114b1db743596dbf3181c0d99a3599796be32ef0801cd,229,34184,CERTIFIED_SLICE
h1-small-reuse24,qwen2.5-0.5b-instruct-fp16-v2,slice-versus-full-cache-v1,record-reuse,24,940129,confirmation,MEASUREMENT,attempt-ff6938a7a7ae4dd0936f03029d240865,candidate,0,1,r007,e2bbcf7fdcde8b11629d90c05f4882448617accadbe671b62961f35e85473931,0,7,False,True,SUCCEEDED,False,CGCND,CJPJR,"[34, 27188, 84692, 151645]",d7c1a3923a213c5b0ff9b576e521f95dd3ec85183c62696860fd1821cf781a99,92,70,22,157.14,73.362,4,5024598438,4786733454,237864984,4970401776,643,091b9f3bad44fffe877757da1b98ba32d8c64d4882bfb1c07cbf20d2ba9d188c,229,32600,CERTIFIED_SLICE
h1-small-reuse24,qwen2.5-0.5b-instruct-fp16-v2,slice-versus-full-cache-v1,record-reuse,24,940129,confirmation,MEASUREMENT,attempt-ff6938a7a7ae4dd0936f03029d240865,candidate,0,1,r008,5a1ee5278b6015963dfae3285b51acf7892b79a0d9029eedd2291b9ef4f8aa2d,1,0,True,True,SUCCEEDED,True,CSKBE,CSKBE,"[6412, 42, 11594, 151645]",cca5716efdfb51f000be5f1602a22c849b03982fffac982a10137117d04b9673,92,70,22,157.753,74.416,4,5271638733,5030959406,240679327,5215342187,643,2b1ffad0f3a92f5df01835e964e8cecca4359dde5d9dbd0dc4d500583c9617f3,229,33332,CERTIFIED_SLICE
h1-small-reuse24,qwen2.5-0.5b-instruct-fp16-v2,slice-versus-full-cache-v1,record-reuse,24,940129,confirmation,MEASUREMENT,attempt-ff6938a7a7ae4dd0936f03029d240865,candidate,0,1,r009,5a1ee5278b6015963dfae3285b51acf7892b79a0d9029eedd2291b9ef4f8aa2d,1,1,False,True,SUCCEEDED,False,CRHWH,CXCOW,"[34, 37946, 3307, 151645]",9a52c8e37dfa7a9f3aefe01a502e0851f2d2426d7d597871a0ae5e5334e94550,92,70,22,157.199,73.351,4,6025616598,5786894260,238722338,5965241517,643,09b956c9107b42490ec184110d5d565a3cc45e30b76b2531efdb1d5d8a2c2b03,229,33362,CERTIFIED_SLICE
h1-small-reuse24,qwen2.5-0.5b-instruct-fp16-v2,slice-versus-full-cache-v1,record-reuse,24,940129,confirmation,MEASUREMENT,attempt-ff6938a7a7ae4dd0936f03029d240865,candidate,0,1,r010,5a1ee5278b6015963dfae3285b51acf7892b79a0d9029eedd2291b9ef4f8aa2d,1,2,False,True,SUCCEEDED,True,COMCC,COMCC,"[8696, 3706, 151645]",c1e6c2fb0be323ff4c1f8fb80e58060298307b3bbb893d27edf8e028150aba3c,91,70,21,151.395,50.18,3,6242922180,6030855631,212066549,6209718336,643,3186075e6e03bc1287aa92d1cdca4c70c44dc6444c4015fa42e726c67e8d3b5c,229,36087,CERTIFIED_SLICE
h1-small-reuse24,qwen2.5-0.5b-instruct-fp16-v2,slice-versus-full-cache-v1,record-reuse,24,940129,confirmation,MEASUREMENT,attempt-ff6938a7a7ae4dd0936f03029d240865,candidate,0,1,r011,5a1ee5278b6015963dfae3285b51acf7892b79a0d9029eedd2291b9ef4f8aa2d,1,3,False,True,SUCCEEDED,True,COXXI,COXXI,"[8281, 6148, 40, 151645]",e43a87397e96d9628867b3b97e851276372ab580670ed488efa92c58fe72fceb,92,70,22,157.209,73.601,4,7036400619,6798452270,237948349,6976174595,643,22c3f85971c08a15fa1121e8bb49491b93272d151ee9ebafbdd1efd0af9fa376,229,34394,CERTIFIED_SLICE
h1-small-reuse24,qwen2.5-0.5b-instruct-fp16-v2,slice-versus-full-cache-v1,record-reuse,24,940129,confirmation,MEASUREMENT,attempt-ff6938a7a7ae4dd0936f03029d240865,candidate,0,1,r012,5a1ee5278b6015963dfae3285b51acf7892b79a0d9029eedd2291b9ef4f8aa2d,1,4,False,True,SUCCEEDED,True,CKAEX,CKAEX,"[34, 26444, 3257, 151645]",0b1fd9371aa84f6becb57c6e13fe695b204c30fe82c3742b68ad536a6b24aadf,92,70,22,158.023,75.03,4,7291437465,7047068837,244368628,7229707825,643,3f4f75f2eb8e4b1cef4e393ef2a751fa41762153fb714969936cad020c879860,229,38151,CERTIFIED_SLICE
h1-small-reuse24,qwen2.5-0.5b-instruct-fp16-v2,slice-versus-full-cache-v1,record-reuse,24,940129,confirmation,MEASUREMENT,attempt-ff6938a7a7ae4dd0936f03029d240865,candidate,0,1,r013,5a1ee5278b6015963dfae3285b51acf7892b79a0d9029eedd2291b9ef4f8aa2d,1,5,False,True,SUCCEEDED,True,CDLRR,CDLRR,"[6484, 43, 8106, 151645]",a681be5e44dc9548e563c6732f32ec733acd3cf76ebf5467c214033a67ca7ae7,92,70,22,160.979,78.489,4,8077238938,7830542662,246696276,8006405610,643,42e04a6014f00e7ff5251140474e0c1f5b6884ff68071b045dd7f6ca55dd8c4c,229,33422,CERTIFIED_SLICE
h1-small-reuse24,qwen2.5-0.5b-instruct-fp16-v2,slice-versus-full-cache-v1,record-reuse,24,940129,confirmation,MEASUREMENT,attempt-ff6938a7a7ae4dd0936f03029d240865,candidate,0,1,r014,5a1ee5278b6015963dfae3285b51acf7892b79a0d9029eedd2291b9ef4f8aa2d,1,6,False,True,SUCCEEDED,True,CTHDY,CTHDY,"[34, 3617, 69916, 151645]",1d9bb3c217343c99227e5bc3a8306ff30f11ff6e126f2beff142a0794be23567,92,70,22,157.876,73.086,4,9022644173,8785670878,236973295,8954809491,643,b602eb49cf0800c05f3bc3a217b0b27e62ba28b02ef103ed55d21dea013546b4,229,33643,CERTIFIED_SLICE
h1-small-reuse24,qwen2.5-0.5b-instruct-fp16-v2,slice-versus-full-cache-v1,record-reuse,24,940129,confirmation,MEASUREMENT,attempt-ff6938a7a7ae4dd0936f03029d240865,candidate,0,1,r015,5a1ee5278b6015963dfae3285b51acf7892b79a0d9029eedd2291b9ef4f8aa2d,1,7,False,True,SUCCEEDED,True,CRUIG,CRUIG,"[8973, 52, 1914, 151645]",0458f32ac2a6cc47ffaf1194bdc599f1e2775a6abd29c461c2f20eebcdd4dec5,92,70,22,158.553,75.188,4,9271005025,9030120917,240884108,9215112559,643,ea1e0ecd3e15ff747b6020b0ab143ed8a370ef3af7b66dd74788c6530a908d23,229,34143,CERTIFIED_SLICE
h1-small-reuse24,qwen2.5-0.5b-instruct-fp16-v2,slice-versus-full-cache-v1,record-reuse,24,940129,confirmation,MEASUREMENT,attempt-ff6938a7a7ae4dd0936f03029d240865,candidate,0,1,r016,4b2234251b56f044b6c9d6572412a4f70ddf4d9d40746b2f7ff5b754c458c9a3,2,0,True,True,SUCCEEDED,False,CXNOB,CNJTN,"[28668, 41, 29171, 151645]",ff06a3ccb605ceb08470fb8cb475cedd7971c37932ba4d4b3bbfe75c3bfea09f,92,70,22,157.274,73.477,4,10047081744,9807442611,239639133,9986232221,643,d0961bc853dff1fa34a81a1b7dce92c2ef2fdc4fe933b0b3bc5e66b0717d078a,229,34013,CERTIFIED_SLICE
h1-small-reuse24,qwen2.5-0.5b-instruct-fp16-v2,slice-versus-full-cache-v1,record-reuse,24,940129,confirmation,MEASUREMENT,attempt-ff6938a7a7ae4dd0936f03029d240865,candidate,0,1,r017,4b2234251b56f044b6c9d6572412a4f70ddf4d9d40746b2f7ff5b754c458c9a3,2,1,False,True,SUCCEEDED,False,CYYZH,CNGTX,"[34, 6140, 22867, 151645]",37d270e2c4c660fcb686cecaf65121d488417ddbd5e68025dfac9c93fe453126,92,70,22,157.884,74.379,4,10292021453,10051876800,240144653,10236323249,643,51a699edf6f3e52da6762bddd413c80e8841ea9bff21d777d89d7b578a193ee3,229,40786,CERTIFIED_SLICE
h1-small-reuse24,qwen2.5-0.5b-instruct-fp16-v2,slice-versus-full-cache-v1,record-reuse,24,940129,confirmation,MEASUREMENT,attempt-ff6938a7a7ae4dd0936f03029d240865,candidate,0,1,r018,4b2234251b56f044b6c9d6572412a4f70ddf4d9d40746b2f7ff5b754c458c9a3,2,2,False,True,SUCCEEDED,True,CQSRC,CQSRC,"[34, 48, 56017, 151645]",3f09e191dfc9b67bfad0cf38dc58c2f6ff909259f1f459572c88a16a1e776b15,92,70,22,157.296,73.378,4,11055397885,10817068789,238329096,10992148750,643,4457ae32617d66fa92e6637fe5afaedcaf327786f984bf3d3fda8013baea4e24,229,38973,CERTIFIED_SLICE
h1-small-reuse24,qwen2.5-0.5b-instruct-fp16-v2,slice-versus-full-cache-v1,record-reuse,24,940129,confirmation,MEASUREMENT,attempt-ff6938a7a7ae4dd0936f03029d240865,candidate,0,1,r019,4b2234251b56f044b6c9d6572412a4f70ddf4d9d40746b2f7ff5b754c458c9a3,2,3,False,True,SUCCEEDED,True,COTKX,COTKX,"[34, 1793, 42, 55, 151645]",08f67140e32833084886c6fb9760432595b37f3b4e41908e59468693d856d90d,93,70,23,163.393,98.138,5,11332005783,11061250478,270755305,11251140069,643,9eea2154396bc87a7f32f0950b3258e976886610a9bfc9605bf7323efc6471ce,229,33302,CERTIFIED_SLICE
h1-small-reuse24,qwen2.5-0.5b-instruct-fp16-v2,slice-versus-full-cache-v1,record-reuse,24,940129,confirmation,MEASUREMENT,attempt-ff6938a7a7ae4dd0936f03029d240865,candidate,0,1,r020,4b2234251b56f044b6c9d6572412a4f70ddf4d9d40746b2f7ff5b754c458c9a3,2,4,False,True,SUCCEEDED,True,COOPA,COOPA,"[8281, 3067, 32, 151645]",5c3e8ecb1bcdac16fec58bbc745d31e4e84e0251b6c6b219e1175e47dc5a5ea1,92,70,22,157.369,73.347,4,12066823649,11828696578,238127071,12005852259,643,45535628379364b71ad0ce2811ef66b1e2dd4a60108907e11f5e5c3aec0c4f8c,229,37440,CERTIFIED_SLICE
h1-small-reuse24,qwen2.5-0.5b-instruct-fp16-v2,slice-versus-full-cache-v1,record-reuse,24,940129,confirmation,MEASUREMENT,attempt-ff6938a7a7ae4dd0936f03029d240865,candidate,0,1,r021,4b2234251b56f044b6c9d6572412a4f70ddf4d9d40746b2f7ff5b754c458c9a3,2,5,False,True,SUCCEEDED,False,CEKQD,CVGYV,"[19589, 41470, 53, 151645]",dba0d74d422dcd8e84bffb62af99728a19105926d6f66136f62e889bc7afd97b,93,70,23,161.318,73.56,4,13053663424,12810727080,242936344,12998751452,643,ba3ae339bdcee0d39ce3a8b6747212f9a14e48877b46b4de70a7bcdd751a3580,229,37710,CERTIFIED_SLICE
h1-small-reuse24,qwen2.5-0.5b-instruct-fp16-v2,slice-versus-full-cache-v1,record-reuse,24,940129,confirmation,MEASUREMENT,attempt-ff6938a7a7ae4dd0936f03029d240865,candidate,0,1,r022,4b2234251b56f044b6c9d6572412a4f70ddf4d9d40746b2f7ff5b754c458c9a3,2,6,False,True,SUCCEEDED,True,CDXSN,CDXSN,"[6484, 55, 18966, 151645]",16010ad25649b7c93b6032d0d29409be874bd54ee67a4303835bcc9c02e7998e,92,70,22,157.648,74.418,4,13303413118,13064031885,239381233,13238523322,643,c64068d11d7a34d1cf0e7a74858833dbc27809a3c39689de931231e2ed7555d8,229,35246,CERTIFIED_SLICE
h1-small-reuse24,qwen2.5-0.5b-instruct-fp16-v2,slice-versus-full-cache-v1,record-reuse,24,940129,confirmation,MEASUREMENT,attempt-ff6938a7a7ae4dd0936f03029d240865,candidate,0,1,r023,4b2234251b56f044b6c9d6572412a4f70ddf4d9d40746b2f7ff5b754c458c9a3,2,7,False,True,SUCCEEDED,False,CMDLC,VALUE CYVTM,"[23832, 29569, 20457, 44, 151645]",94eef2bb48cff4dadcc40b33c6b6119ca33b1333db533625b4a78da165d8005e,91,70,21,150.552,97.945,5,14079953940,13824215891,255738049,13998955519,643,a489f82a51600d64d2b7ff17640354f1832f1d3d2b2ac07706e9c438561d358e,229,33322,CERTIFIED_SLICE
h1-small-reuse24,qwen2.5-0.5b-instruct-fp16-v2,slice-versus-full-cache-v1,record-reuse,24,940129,confirmation,MEASUREMENT,attempt-ff6938a7a7ae4dd0936f03029d240865,candidate,0,1,r024,de7452659b7303feb075caac1c0e06e99c3f8c11f8563dcadf86a93adf7e608d,3,0,True,True,SUCCEEDED,False,CIBOO,CBUMK,"[12979, 2794, 42, 151645]",64fb5f871e6fd7d77dbbed1faef19bdc3ef30a0e4dfee19fb8b3c811a8a81b7c,92,70,22,157.377,73.58,4,15070005017,14832012105,237992912,15015017494,643,804e4c5ca88794f28a136f9f98ff59af099696e3012b620728a7d8e9ad832d74,229,34053,CERTIFIED_SLICE
h1-small-reuse24,qwen2.5-0.5b-instruct-fp16-v2,slice-versus-full-cache-v1,record-reuse,24,940129,confirmation,MEASUREMENT,attempt-ff6938a7a7ae4dd0936f03029d240865,candidate,0,1,r025,de7452659b7303feb075caac1c0e06e99c3f8c11f8563dcadf86a93adf7e608d,3,1,False,True,SUCCEEDED,False,CEJHB,CGBGK,"[34, 5381, 38, 42, 151645]",2c7a163c1fe65d5bb3660ce8d914df4f6d27ba29f8dbd8775846551c963d561b,94,70,24,181.385,98.613,5,15363360879,15076234230,287126649,15288713728,643,24a79ce864966f9cfa3f676e9be79629db9d76ed4b509a3aa7a4ef7ecb1436f4,229,33552,CERTIFIED_SLICE
h1-small-reuse24,qwen2.5-0.5b-instruct-fp16-v2,slice-versus-full-cache-v1,record-reuse,24,940129,confirmation,MEASUREMENT,attempt-ff6938a7a7ae4dd0936f03029d240865,candidate,0,1,r026,de7452659b7303feb075caac1c0e06e99c3f8c11f8563dcadf86a93adf7e608d,3,2,False,True,SUCCEEDED,True,CPZQF,CPZQF,"[7123, 57, 48, 37, 151645]",3990bca70d7b76ada27993ac4ebe6c000eea14b2eba751c994cc73b82205656a,93,70,23,161.479,98.31,5,16113347161,15846449630,266897531,16034685445,643,cc6677c3cd0935929b5a229e3ed0d8b246a6f445f4d718204f5eb55ed04faff3,229,37309,CERTIFIED_SLICE
h1-small-reuse24,qwen2.5-0.5b-instruct-fp16-v2,slice-versus-full-cache-v1,record-reuse,24,940129,confirmation,MEASUREMENT,attempt-ff6938a7a7ae4dd0936f03029d240865,candidate,0,1,r027,de7452659b7303feb075caac1c0e06e99c3f8c11f8563dcadf86a93adf7e608d,3,3,False,True,SUCCEEDED,True,COCQP,COCQP,"[8281, 34, 66520, 151645]",39cc251ed7337986d3a0ca3b05c30b711edb42e392a3d2dd543b11435fb6ddce,90,70,20,147.185,73.569,4,17077909260,16850180124,227729136,17023129193,643,53f7be0dba6bb218ee3cbb2282076e9756161be889d3e9f19ae169c39f8734dd,229,39664,CERTIFIED_SLICE
h1-small-reuse24,qwen2.5-0.5b-instruct-fp16-v2,slice-versus-full-cache-v1,record-reuse,24,940129,confirmation,MEASUREMENT,attempt-ff6938a7a7ae4dd0936f03029d240865,candidate,0,1,r028,de7452659b7303feb075caac1c0e06e99c3f8c11f8563dcadf86a93adf7e608d,3,4,False,True,SUCCEEDED,True,CITVX,CITVX,"[34, 952, 53, 55, 151645]",b9a53f017c95851cb716f64530647c0560b1313bb636946546d14fb51ef2b438,92,70,22,157.983,98.7,5,17347740025,17083981151,263758874,17259982676,643,6b9192f273f25831c1d907f0e76697325b72015848a75d2a12ace7e4911d8850,229,33332,CERTIFIED_SLICE
h1-small-reuse24,qwen2.5-0.5b-instruct-fp16-v2,slice-versus-full-cache-v1,record-reuse,24,940129,confirmation,MEASUREMENT,attempt-ff6938a7a7ae4dd0936f03029d240865,candidate,0,1,r029,de7452659b7303feb075caac1c0e06e99c3f8c11f8563dcadf86a93adf7e608d,3,5,False,True,SUCCEEDED,False,CXRXD,CQVUR,"[34, 48, 53, 1511, 151645]",ca99e03035d09916e4ce9ac3e312b999604b9497916cc8ce43b303c402851482,94,70,24,167.592,97.797,5,18089932014,17817387171,272544843,18010919255,643,74ab8604ee2c126df4ca0887606b73d37908232a000de16eef3aaa51c4931f88,229,33683,CERTIFIED_SLICE
h1-small-reuse24,qwen2.5-0.5b-instruct-fp16-v2,slice-versus-full-cache-v1,record-reuse,24,940129,confirmation,MEASUREMENT,attempt-ff6938a7a7ae4dd0936f03029d240865,candidate,0,1,r030,de7452659b7303feb075caac1c0e06e99c3f8c11f8563dcadf86a93adf7e608d,3,6,False,True,SUCCEEDED,False,CZLKP,CFYZR,"[9650, 40209, 49, 151645]",90a76d4ec33000a220734fc8bfe0f492a985fec4098d8885f41d9b94ab43bb46,92,70,22,157.295,73.388,4,19075188865,18837325645,237863220,19020942020,643,4722e7aec06b204b2d7585809368a508746b4db559c5242297ee1eede5d223d9,229,33833,CERTIFIED_SLICE
h1-small-reuse24,qwen2.5-0.5b-instruct-fp16-v2,slice-versus-full-cache-v1,record-reuse,24,940129,confirmation,MEASUREMENT,attempt-ff6938a7a7ae4dd0936f03029d240865,candidate,0,1,r031,de7452659b7303feb075caac1c0e06e99c3f8c11f8563dcadf86a93adf7e608d,3,7,False,True,SUCCEEDED,False,COLQZ,CSDHJ,"[34, 5491, 39, 41, 151645]",c598354e7be0f80c079b4a22b71244db7b699bf0e4b3065d171883c9353d1080,94,70,24,168.024,98.37,5,19355513635,19081880809,273632826,19281707028,643,bfe36c31897268a400384f46c9adacac65123f5a0d1e55b76c6f11bbedc3aa3d,229,34023,CERTIFIED_SLICE
h1-small-reuse24,qwen2.5-0.5b-instruct-fp16-v2,slice-versus-full-cache-v1,record-reuse,24,940129,confirmation,MEASUREMENT,attempt-ff6938a7a7ae4dd0936f03029d240865,candidate,0,1,r032,465aba40aeff43f68e362d37f102e2178ab71d65fb90a666b41011b524868280,4,0,True,True,SUCCEEDED,False,CEGNJ,CDMVP,"[34, 8395, 13378, 151645]",56bbe1015764fb9d4734d4a9a578743083354a8eac4d993d604a583014b967f1,92,71,21,150.797,73.402,4,20084411342,19853041637,231369705,20030279110,643,e6542de337d508444f85db84ef32a290dc82821041414315c4ab128dfe08a3d5,229,33582,CERTIFIED_SLICE
h1-small-reuse24,qwen2.5-0.5b-instruct-fp16-v2,slice-versus-full-cache-v1,record-reuse,24,940129,confirmation,MEASUREMENT,attempt-ff6938a7a7ae4dd0936f03029d240865,candidate,0,1,r033,465aba40aeff43f68e362d37f102e2178ab71d65fb90a666b41011b524868280,4,1,False,True,SUCCEEDED,True,CHIHK,CHIHK,"[2149, 40, 57447, 151645]",3d0f44458702aa62f2d7f7b9934a350c79e2ef81cffd8e79036ff586206bac38,92,71,21,151.202,73.54,4,20328954103,20094433559,234520544,20273181501,643,cff41e028ffd7f3b1f0e85e6c65b9fcc0c70b06064b6af45ffce1cd2e69907ba,229,34194,CERTIFIED_SLICE
h1-small-reuse24,qwen2.5-0.5b-instruct-fp16-v2,slice-versus-full-cache-v1,record-reuse,24,940129,confirmation,MEASUREMENT,attempt-ff6938a7a7ae4dd0936f03029d240865,candidate,0,1,r034,465aba40aeff43f68e362d37f102e2178ab71d65fb90a666b41011b524868280,4,2,False,True,SUCCEEDED,False,CWXJI,CSZYP,"[6412, 57, 9954, 151645]",9ef0c910a174e3c7ceadce0fd34e0d07b81ebac1a4061f4eefb52fa30665d855,92,70,22,157.244,73.638,4,21085337401,20847450768,237886633,21031126624,643,9784194228e61c195592952e8fe07937929742e7798d3c1fe951618f744d24f4,229,33452,CERTIFIED_SLICE
h1-small-reuse24,qwen2.5-0.5b-instruct-fp16-v2,slice-versus-full-cache-v1,record-reuse,24,940129,confirmation,MEASUREMENT,attempt-ff6938a7a7ae4dd0936f03029d240865,candidate,0,1,r035,465aba40aeff43f68e362d37f102e2178ab71d65fb90a666b41011b524868280,4,3,False,True,SUCCEEDED,False,CRQHV,CQHV,"[34, 48, 78196, 151645]",6ec214b68287d799fd00475fb3d7b86a1cc84342769aee84d3f3fc7e3e0dbc10,92,70,22,159.306,73.839,4,21333662456,21091570432,242092024,21275875538,643,53cc5ebae51cf49a7c677be9611b18fdc16030f9c0b864421b58d15681cf7c12,229,32821,CERTIFIED_SLICE
h1-small-reuse24,qwen2.5-0.5b-instruct-fp16-v2,slice-versus-full-cache-v1,record-reuse,24,940129,confirmation,MEASUREMENT,attempt-ff6938a7a7ae4dd0936f03029d240865,candidate,0,1,r036,465aba40aeff43f68e362d37f102e2178ab71d65fb90a666b41011b524868280,4,4,False,True,SUCCEEDED,False,CBRTA,CCYMH,"[3706, 56, 48202, 151645]",79b3013d0bdd7667a6c6aa76cd259feedd0714a3840f2cf4d68e11d7ba6aa215,92,70,22,157.279,73.216,4,22095246124,21857771106,237475018,22041373175,643,9e770932713a2e8407aeea1d5a460f34c785f3c0dd934af19c9f3f42c482f26d,229,34625,CERTIFIED_SLICE
h1-small-reuse24,qwen2.5-0.5b-instruct-fp16-v2,slice-versus-full-cache-v1,record-reuse,24,940129,confirmation,MEASUREMENT,attempt-ff6938a7a7ae4dd0936f03029d240865,candidate,0,1,r037,465aba40aeff43f68e362d37f102e2178ab71d65fb90a666b41011b524868280,4,5,False,True,SUCCEEDED,False,CULJS,CVLOY,"[19589, 35666, 151645]",1c3524ad4b73dd27b875532c9394bb9abd737ba5ce60ceadfca17e232b32756e,90,70,20,150.057,50.711,3,22313784169,22101739630,212044539,22283371655,643,f311a85ffa5636e4a0ce0ac1292379cfd1b996798d0e24cdabd5abb8019acfa7,229,35385,CERTIFIED_SLICE
h1-small-reuse24,qwen2.5-0.5b-instruct-fp16-v2,slice-versus-full-cache-v1,record-reuse,24,940129,confirmation,MEASUREMENT,attempt-ff6938a7a7ae4dd0936f03029d240865,candidate,0,1,r038,465aba40aeff43f68e362d37f102e2178ab71d65fb90a666b41011b524868280,4,6,False,True,SUCCEEDED,False,CDEGZ,CMFWR,"[9985, 37, 17925, 151645]",8442d01f485b7c26423c12a6ba00a28715e56080164e8b9554745797d6cc9d7e,93,70,23,161.573,73.454,4,23117030631,22873873627,243157004,23061224627,643,8729e96251c2c78c47790705f77db40e5ac37650558f40ef4abafafc54c45e07,229,32881,CERTIFIED_SLICE
h1-small-reuse24,qwen2.5-0.5b-instruct-fp16-v2,slice-versus-full-cache-v1,record-reuse,24,940129,confirmation,MEASUREMENT,attempt-ff6938a7a7ae4dd0936f03029d240865,candidate,0,1,r039,465aba40aeff43f68e362d37f102e2178ab71d65fb90a666b41011b524868280,4,7,False,True,SUCCEEDED,False,CDVDM,VALUE CJKTH,"[23832, 356, 34070, 3617, 151645]",37592fe3651543d94183a436ef06ec6508efb645759b94c67db50e7cd9175dfd,92,70,22,157.248,97.744,5,24116383084,23854173250,262209834,24029369327,643,4573e23525359a140f1fd3e86755d7e2bc5f7ae6466e0fc9bb953e1c78d19980,229,33692,CERTIFIED_SLICE
h1-small-reuse24,qwen2.5-0.5b-instruct-fp16-v2,slice-versus-full-cache-v1,record-reuse,24,940129,confirmation,MEASUREMENT,attempt-ff6938a7a7ae4dd0936f03029d240865,candidate,0,1,r040,ce6da994793097e8265f857fad5e4e835b9ff468e4bbf067e735e140b309694e,5,0,True,True,SUCCEEDED,True,CMHPA,CMHPA,"[9985, 6610, 32, 151645]",7db6acc5390b5f44f5422873dc76097f099b5296f491e22cd390d5273f5ab332,90,70,20,147.253,73.352,4,25084460830,24852185421,232275409,25026010559,643,2f61e4d2cc043827a92071488a37547279a32a5439f0c6d45f985c110eb6a0da,229,36057,CERTIFIED_SLICE
h1-small-reuse24,qwen2.5-0.5b-instruct-fp16-v2,slice-versus-full-cache-v1,record-reuse,24,940129,confirmation,MEASUREMENT,attempt-ff6938a7a7ae4dd0936f03029d240865,candidate,0,1,r041,ce6da994793097e8265f857fad5e4e835b9ff468e4bbf067e735e140b309694e,5,1,False,True,SUCCEEDED,True,CYWXU,CYWXU,"[34525, 65376, 52, 151645]",3079cd9b63eadf5e8672659896f89d83474b86ae0a2c455e7935c48b624b44eb,92,70,22,158.158,74.046,4,25330839846,25091571844,239268002,25274615734,643,a5029ad07815708fc1499c63bea6d636ab16e870fe1473296740630041efc10d,229,33663,CERTIFIED_SLICE
h1-small-reuse24,qwen2.5-0.5b-instruct-fp16-v2,slice-versus-full-cache-v1,record-reuse,24,940129,confirmation,MEASUREMENT,attempt-ff6938a7a7ae4dd0936f03029d240865,candidate,0,1,r042,ce6da994793097e8265f857fad5e4e835b9ff468e4bbf067e735e140b309694e,5,2,False,True,SUCCEEDED,True,CRAHS,CRAHS,"[34, 5609, 11961, 151645]",d3dafc31911dae06933f597b974ff80951829dc5ea11f17b223485bb03d3c760,89,70,19,139.818,73.664,4,26087878643,25867131972,220746671,26033645694,643,7e44b067a1f2cc57694e7d9b1d10690ea825c0f6f0f512bce39cce754ac44b90,229,35586,CERTIFIED_SLICE
h1-small-reuse24,qwen2.5-0.5b-instruct-fp16-v2,slice-versus-full-cache-v1,record-reuse,24,940129,confirmation,MEASUREMENT,attempt-ff6938a7a7ae4dd0936f03029d240865,candidate,0,1,r043,ce6da994793097e8265f857fad5e4e835b9ff468e4bbf067e735e140b309694e,5,3,False,True,SUCCEEDED,False,CHJDO,CLNJV,"[3140, 45, 77891, 151645]",9ac9b550b37d965326ba1eb1a95aadba64f2eab90baaf16d284c2b23bdab41b7,92,70,22,157.7,73.597,4,26334463472,26095718472,238745000,26277640436,643,6b432f28966f7d1e0e2277d4f120ffa0eacaaab3453edd5013ff3bd7f2a12728,229,38121,CERTIFIED_SLICE
h1-small-reuse24,qwen2.5-0.5b-instruct-fp16-v2,slice-versus-full-cache-v1,record-reuse,24,940129,confirmation,MEASUREMENT,attempt-ff6938a7a7ae4dd0936f03029d240865,candidate,0,1,r044,ce6da994793097e8265f857fad5e4e835b9ff468e4bbf067e735e140b309694e,5,4,False,True,SUCCEEDED,False,CSRBI,CIJUY,"[11237, 41, 31301, 151645]",090c4c1bbd6c9ab62f47dc8458847333666db774b03074a1e6bc40da7773f3e3,91,70,21,150.513,73.517,4,27114194736,26881075488,233119248,27058608341,643,5e1df64bd03c81bb66609589f95976569aaf3e87ec678d4d546fbbe5ad52bb31,229,40294,CERTIFIED_SLICE
h1-small-reuse24,qwen2.5-0.5b-instruct-fp16-v2,slice-versus-full-cache-v1,record-reuse,24,940129,confirmation,MEASUREMENT,attempt-ff6938a7a7ae4dd0936f03029d240865,candidate,0,1,r045,ce6da994793097e8265f857fad5e4e835b9ff468e4bbf067e735e140b309694e,5,5,False,True,SUCCEEDED,False,CWUXI,CHFKC,"[2149, 26998, 34, 151645]",eb678e4e1d3f6c043c21346f1f68e3a0b5a627fddcee920681205cee8dbd44c6,92,70,22,157.001,73.358,4,28080819200,27843210383,237608817,28021549054,643,4547d7de1ebf1002599935e192dbf6be72b61a26ccded471b04fcdc73e1662d6,229,33553,CERTIFIED_SLICE
h1-small-reuse24,qwen2.5-0.5b-instruct-fp16-v2,slice-versus-full-cache-v1,record-reuse,24,940129,confirmation,MEASUREMENT,attempt-ff6938a7a7ae4dd0936f03029d240865,candidate,0,1,r046,ce6da994793097e8265f857fad5e4e835b9ff468e4bbf067e735e140b309694e,5,6,False,True,SUCCEEDED,True,CZZMK,CZZMK,"[34, 33536, 44140, 151645]",611d7afc5fe854aed313c7c5614803253a42da26246d0f68c8c91acada774a31,92,70,22,157.834,73.643,4,28325937041,28087225473,238711568,28269833353,643,251713514f46617cd01fd3fc41ddbcdcff311b143d4dd49505863c884165e9b8,229,34134,CERTIFIED_SLICE
h1-small-reuse24,qwen2.5-0.5b-instruct-fp16-v2,slice-versus-full-cache-v1,record-reuse,24,940129,confirmation,MEASUREMENT,attempt-ff6938a7a7ae4dd0936f03029d240865,candidate,0,1,r047,ce6da994793097e8265f857fad5e4e835b9ff468e4bbf067e735e140b309694e,5,7,False,True,SUCCEEDED,True,CBARL,CBARL,"[12979, 934, 43, 151645]",b958c265f8c267768471667ed8f93ab037fc7f746faa00b560ea173c17c1e37f,92,70,22,157.4,73.497,4,29113400033,28875431757,237968276,29059562088,643,f4d9f141155f66bc5e231de48f8e89a5bf73992ccd3c616d46770733b6bf217f,229,33783,CERTIFIED_SLICE
h1-small-reuse24,qwen2.5-0.5b-instruct-fp16-v2,slice-versus-full-cache-v1,record-reuse,24,940129,confirmation,MEASUREMENT,attempt-ff6938a7a7ae4dd0936f03029d240865,candidate,0,1,r048,31c273a31cd186f5a8a683fcd5738d3b6ca032eb15fcf924351121440bf92fa2,6,0,True,True,SUCCEEDED,True,CFPEJ,CFPEJ,"[9650, 1740, 41, 151645]",d8797311f6ab58822119e150c35851bc0cce569cc9bed3015d21ee16fc47b796,92,70,22,157.849,73.404,4,29359376971,29119788743,239588228,29302826713,643,0ce4427f285f6c99e3f6475ead8af1fb01f52ac04b77f5d403ad4f11b605c3ee,229,35226,CERTIFIED_SLICE
h1-small-reuse24,qwen2.5-0.5b-instruct-fp16-v2,slice-versus-full-cache-v1,record-reuse,24,940129,confirmation,MEASUREMENT,attempt-ff6938a7a7ae4dd0936f03029d240865,candidate,0,1,r049,31c273a31cd186f5a8a683fcd5738d3b6ca032eb15fcf924351121440bf92fa2,6,1,False,True,SUCCEEDED,False,CQWEV,CMYNO,"[9985, 56, 8996, 151645]",8659f23452ab2a7c8ab3978e74ba24da2c7db5664a26f1c12e02ffdc3282d221,93,70,23,161.262,73.466,4,30126754173,29884950064,241804109,30072531202,643,ed6b22b83a949ca46961f3aba1bdd25afd2c51ee0f4b742089e05f7dba1d30b5,229,37209,CERTIFIED_SLICE
h1-small-reuse24,qwen2.5-0.5b-instruct-fp16-v2,slice-versus-full-cache-v1,record-reuse,24,940129,confirmation,MEASUREMENT,attempt-ff6938a7a7ae4dd0936f03029d240865,candidate,0,1,r050,31c273a31cd186f5a8a683fcd5738d3b6ca032eb15fcf924351121440bf92fa2,6,2,False,True,SUCCEEDED,True,CHRWQ,CHRWQ,"[2149, 56368, 48, 151645]",454ac86f9600cedceed43fc51558d97ba78f4e98c7737acacfa89fd6480c6c21,92,70,22,157.234,73.876,4,31114504040,30877357152,237146888,31053282876,643,fcf8aec58a502f3935e9c900a6f95111f318c8dada559032cd3d058170d0ca56,229,33643,CERTIFIED_SLICE
h1-small-reuse24,qwen2.5-0.5b-instruct-fp16-v2,slice-versus-full-cache-v1,record-reuse,24,940129,confirmation,MEASUREMENT,attempt-ff6938a7a7ae4dd0936f03029d240865,candidate,0,1,r051,31c273a31cd186f5a8a683fcd5738d3b6ca032eb15fcf924351121440bf92fa2,6,3,False,True,SUCCEEDED,False,CPTND,CODEX,"[14866, 55, 151645]",518b033c442e6c03db3074bac751ed8ee71486fb06839c6b89bef81c9f60296a,90,70,20,148.944,49.314,3,31331082370,31121426443,209655927,31296135184,643,f66abecec89295c0ef8572bc9ceab2bd2d98dc8cc6028a17ef4f0a21d8473ac5,229,38883,CERTIFIED_SLICE
h1-small-reuse24,qwen2.5-0.5b-instruct-fp16-v2,slice-versus-full-cache-v1,record-reuse,24,940129,confirmation,MEASUREMENT,attempt-ff6938a7a7ae4dd0936f03029d240865,candidate,0,1,r052,31c273a31cd186f5a8a683fcd5738d3b6ca032eb15fcf924351121440bf92fa2,6,4,False,True,SUCCEEDED,True,CBYGB,CBYGB,"[34, 19912, 5381, 151645]",509188fde736fda3c4be2dd6d55304f0dc816b38901de4fd75df66acd50d9cb3,92,70,22,158.295,76.72,4,32128585743,31886433367,242152376,32071359768,643,1872676294de46d2ffedc4713e5cd1e6013d8c56d07aae21fc59ae2d99a6165a,229,33112,CERTIFIED_SLICE
h1-small-reuse24,qwen2.5-0.5b-instruct-fp16-v2,slice-versus-full-cache-v1,record-reuse,24,940129,confirmation,MEASUREMENT,attempt-ff6938a7a7ae4dd0936f03029d240865,candidate,0,1,r053,31c273a31cd186f5a8a683fcd5738d3b6ca032eb15fcf924351121440bf92fa2,6,5,False,True,SUCCEEDED,True,CQCIC,CQCIC,"[34, 61042, 1317, 151645]",9c6d749e539a9ab6545023c35cc2951fc79cb8722f0e44ba771738945733abbe,92,70,22,157.133,73.84,4,33126731082,32888408618,238322464,33066487916,643,4d472bf2c746443a728d87df4012486f9e71772438978abd1d34cf27965ab367,229,37680,CERTIFIED_SLICE
h1-small-reuse24,qwen2.5-0.5b-instruct-fp16-v2,slice-versus-full-cache-v1,record-reuse,24,940129,confirmation,MEASUREMENT,attempt-ff6938a7a7ae4dd0936f03029d240865,candidate,0,1,r054,31c273a31cd186f5a8a683fcd5738d3b6ca032eb15fcf924351121440bf92fa2,6,6,False,True,SUCCEEDED,True,CLOHE,CLOHE,"[34, 1593, 1799, 151645]",798d232276fcc4fa71857f5213599a2309c1bd6bf2809cea28c922c4473bdaf9,90,70,20,147.426,73.462,4,34094136387,33865668528,228467859,34039489909,643,783b72b430578947eb0d791b7fa138dc3d02c5bd1de376cb326f2c04ab20cc1e,229,33573,CERTIFIED_SLICE
h1-small-reuse24,qwen2.5-0.5b-instruct-fp16-v2,slice-versus-full-cache-v1,record-reuse,24,940129,confirmation,MEASUREMENT,attempt-ff6938a7a7ae4dd0936f03029d240865,candidate,0,1,r055,31c273a31cd186f5a8a683fcd5738d3b6ca032eb15fcf924351121440bf92fa2,6,7,False,True,SUCCEEDED,False,CAMWX,CIUTA CAMWX,"[11237, 1381, 32, 28297, 65376, 151645]",76c1019f39209c58c7ac8c7fe59837c755368d265987188d24cea1145c9cccb5,91,70,21,151.456,123.333,6,34381579424,34099653527,281925897,34273822754,643,2f0578a16c15102d8c3bf3b45d2898d16c85fd0ec6408b19e37698b18fe8e926,229,36849,CERTIFIED_SLICE
h1-small-reuse24,qwen2.5-0.5b-instruct-fp16-v2,slice-versus-full-cache-v1,record-reuse,24,940129,confirmation,MEASUREMENT,attempt-ff6938a7a7ae4dd0936f03029d240865,candidate,0,1,r056,ce463ecae5f51b8506fc3a430b267bad026cb4a2f4a1a80ab72faeb6f40b2987,7,0,True,True,SUCCEEDED,False,CHKEZ,CUZMG,"[16799, 57, 31939, 151645]",d76b9a42b4b5af3bd88ae948298556cff9bf25bebeec890ab8bbe09259c87efd,92,70,22,157.054,73.557,4,35142292734,34904341821,237950913,35079491591,643,4a414c4ca4f5b1ed344a71118d8e4c4f0fad6695e3505513a2d76c68da4e3c9b,229,33402,CERTIFIED_SLICE
h1-small-reuse24,qwen2.5-0.5b-instruct-fp16-v2,slice-versus-full-cache-v1,record-reuse,24,940129,confirmation,MEASUREMENT,attempt-ff6938a7a7ae4dd0936f03029d240865,candidate,0,1,r057,ce463ecae5f51b8506fc3a430b267bad026cb4a2f4a1a80ab72faeb6f40b2987,7,1,False,True,SUCCEEDED,False,CAXSG,CSYYV,"[6412, 10060, 53, 151645]",25ea91f0c76e098099b7ee04b8538debebfca0c19627b23d5b5b0daab55f8280,92,70,22,157.184,74.104,4,36124575926,35885931613,238644313,36061543774,643,ec9cb18ca4089cbd5f0fccb41dcefbc3404667807f8fb517b33e5645619527b6,229,36357,CERTIFIED_SLICE
h1-small-reuse24,qwen2.5-0.5b-instruct-fp16-v2,slice-versus-full-cache-v1,record-reuse,24,940129,confirmation,MEASUREMENT,attempt-ff6938a7a7ae4dd0936f03029d240865,candidate,0,1,r058,ce463ecae5f51b8506fc3a430b267bad026cb4a2f4a1a80ab72faeb6f40b2987,7,2,False,True,SUCCEEDED,True,CFHFV,CFHFV,"[9650, 49716, 53, 151645]",1359c1333f4c7ea8eb5b57877fa99cb8a7b27c13fd7da328158ede3ff299eeb6,92,70,22,157.621,73.644,4,36368566911,36130073649,238493262,36305257814,643,c4c7d93c1990902125f2651b0d58f78868e89900cc83fb686f73fd48968001d1,229,34635,CERTIFIED_SLICE
h1-small-reuse24,qwen2.5-0.5b-instruct-fp16-v2,slice-versus-full-cache-v1,record-reuse,24,940129,confirmation,MEASUREMENT,attempt-ff6938a7a7ae4dd0936f03029d240865,candidate,0,1,r059,ce463ecae5f51b8506fc3a430b267bad026cb4a2f4a1a80ab72faeb6f40b2987,7,3,False,True,SUCCEEDED,True,CROQS,CROQS,"[34, 1285, 70810, 151645]",b4246a453f4351b0e16d84f68fa96e00529f64011b869971dfc340598cd18d65,92,70,22,157.311,73.471,4,37135156849,36894085883,241070966,37070403947,643,cf9afe3d8e7f96e604fbd45a7d53f743e82e22baaa2c690a25a00970015b4c13,229,36278,CERTIFIED_SLICE
h1-small-reuse24,qwen2.5-0.5b-instruct-fp16-v2,slice-versus-full-cache-v1,record-reuse,24,940129,confirmation,MEASUREMENT,attempt-ff6938a7a7ae4dd0936f03029d240865,candidate,0,1,r060,ce463ecae5f51b8506fc3a430b267bad026cb4a2f4a1a80ab72faeb6f40b2987,7,4,False,True,SUCCEEDED,False,CEZML,CBWVF,"[12979, 54, 49063, 151645]",4265917d6c5200d31c08f953270ff095e0ae05952360443c9eeae5a9f83b9d1a,92,70,22,157.059,73.256,4,38124396817,37875744033,248652784,38052434649,643,f442d5bb1c8552ed47d76cea879e13cdc025631a06f0167c1d34145c9b4c8b2d,229,37991,CERTIFIED_SLICE
h1-small-reuse24,qwen2.5-0.5b-instruct-fp16-v2,slice-versus-full-cache-v1,record-reuse,24,940129,confirmation,MEASUREMENT,attempt-ff6938a7a7ae4dd0936f03029d240865,candidate,0,1,r061,ce463ecae5f51b8506fc3a430b267bad026cb4a2f4a1a80ab72faeb6f40b2987,7,5,False,True,SUCCEEDED,True,CRHIR,CRHIR,"[8973, 39708, 151645]",8bc54d59823334f4b1f80cc25a8d04106c9fd46209e660ccbcf2701bd88d22b4,91,70,21,151.503,49.393,3,38337079723,38130209856,206869867,38299600949,643,c28dc826c8367b92c76e12a86f0e893eb4a7e49b3120100d18d6f1abfb1c9288,229,36748,CERTIFIED_SLICE
h1-small-reuse24,qwen2.5-0.5b-instruct-fp16-v2,slice-versus-full-cache-v1,record-reuse,24,940129,confirmation,MEASUREMENT,attempt-ff6938a7a7ae4dd0936f03029d240865,candidate,0,1,r062,ce463ecae5f51b8506fc3a430b267bad026cb4a2f4a1a80ab72faeb6f40b2987,7,6,False,True,SUCCEEDED,True,CGLQI,CGLQI,"[34, 3825, 48, 40, 151645]",d19b99001059ba2f47bdb5839ed777ed0384c8a196059ffe8c698856a97fb106,93,70,23,161.403,97.738,5,39161232422,38894829561,266402861,39080917592,643,76a7a247456e607735e44257db3808465471c26a07434d5d1cd66802329fefd1,229,34114,CERTIFIED_SLICE
h1-small-reuse24,qwen2.5-0.5b-instruct-fp16-v2,slice-versus-full-cache-v1,record-reuse,24,940129,confirmation,MEASUREMENT,attempt-ff6938a7a7ae4dd0936f03029d240865,candidate,0,1,r063,ce463ecae5f51b8506fc3a430b267bad026cb4a2f4a1a80ab72faeb6f40b2987,7,7,False,True,SUCCEEDED,False,CRBJR,CVQIE,"[19589, 48, 5371, 151645]",54ed153e61d75815a8e33c2859852579d5fa0b8cbeb0db87c62d9eca1bf9938c,92,70,22,156.85,73.442,4,40130903290,39893510826,237392464,40068207193,643,42256bc662484a2f8c12e715541c813b1acbc728a054bd8a3275ba5666f00a9d,229,33322,CERTIFIED_SLICE
h1-small-reuse24,qwen2.5-0.5b-instruct-fp16-v2,slice-versus-full-cache-v1,record-reuse,24,940129,confirmation,MEASUREMENT,attempt-ff6938a7a7ae4dd0936f03029d240865,candidate,0,1,r064,56d9cfb76db81890e3f27be0447bd2a04a2fcdf8ac5ea1dc287b177c12fc4fcc,8,0,True,True,SUCCEEDED,False,CKWQP,CAIPS,"[5049, 25944, 151645]",843a99f0f05c5ba26e9e402a4a1bff1e472174956b05052af921ea861e001235,90,70,20,147.792,49.253,3,40342027738,40137906152,204121586,40311022552,643,022dab25a87e4d8182adcd811fcc2c282898a5d5b5dbe26b2f6b76b45ca28260,229,33512,CERTIFIED_SLICE
h1-small-reuse24,qwen2.5-0.5b-instruct-fp16-v2,slice-versus-full-cache-v1,record-reuse,24,940129,confirmation,MEASUREMENT,attempt-ff6938a7a7ae4dd0936f03029d240865,candidate,0,1,r065,56d9cfb76db81890e3f27be0447bd2a04a2fcdf8ac5ea1dc287b177c12fc4fcc,8,1,False,True,SUCCEEDED,False,CUEIE,CQNVV,"[34, 48, 36326, 53, 151645]",0346c93e97861ed9dbcda4bb6a1a5687f7a6c47afc3579fd741809b1c35e9d79,94,70,24,167.209,97.968,5,41174480011,40901991713,272488298,41091769436,643,e0c169e480aa663f4c84029ba059f859461f9adc71ba6023c80a1b615d26ceaf,229,33372,CERTIFIED_SLICE
h1-small-reuse24,qwen2.5-0.5b-instruct-fp16-v2,slice-versus-full-cache-v1,record-reuse,24,940129,confirmation,MEASUREMENT,attempt-ff6938a7a7ae4dd0936f03029d240865,candidate,0,1,r066,56d9cfb76db81890e3f27be0447bd2a04a2fcdf8ac5ea1dc287b177c12fc4fcc,8,2,False,True,SUCCEEDED,True,CRYRU,CRYRU,"[34, 11242, 36003, 151645]",fcfef07aa8b16cd0017b618962a2b9943046cd5a2e06d9f6e329c02d661ba4b3,94,71,23,161.453,73.258,4,42148552354,41906766940,241785414,42093046478,643,60b9088e6e08f62247d2f06f28246eb936c351a0b4e48c58348e953aa815a9d7,229,34364,CERTIFIED_SLICE
h1-small-reuse24,qwen2.5-0.5b-instruct-fp16-v2,slice-versus-full-cache-v1,record-reuse,24,940129,confirmation,MEASUREMENT,attempt-ff6938a7a7ae4dd0936f03029d240865,candidate,0,1,r067,56d9cfb76db81890e3f27be0447bd2a04a2fcdf8ac5ea1dc287b177c12fc4fcc,8,3,False,True,SUCCEEDED,True,CYVDC,CYVDC,"[34525, 53, 5626, 151645]",6cc0ebb5f7e652c201d0e1b299ff3c403059220df20cfd9200b6cb48cfe2198b,92,70,22,157.557,73.516,4,42393823840,42155628743,238195097,42337316492,643,1c723ed5b0e7d5a961b24b0c42f59c2b787a17a8db4f9fa41044cd174f7ebf66,229,34855,CERTIFIED_SLICE
h1-small-reuse24,qwen2.5-0.5b-instruct-fp16-v2,slice-versus-full-cache-v1,record-reuse,24,940129,confirmation,MEASUREMENT,attempt-ff6938a7a7ae4dd0936f03029d240865,candidate,0,1,r068,56d9cfb76db81890e3f27be0447bd2a04a2fcdf8ac5ea1dc287b177c12fc4fcc,8,4,False,True,SUCCEEDED,True,CLZEF,CLZEF,"[3140, 57, 14884, 151645]",c35f60c63f9b56fe94e8ddcdce581f61b8df2403014ceaad0c9dcf3496cb38e3,92,70,22,157.212,73.75,4,43156032090,42917805484,238226606,43092422635,643,6653be220686e1ebf24c1ddbe94ab9d577626c9047466954209646505fe07e58,229,33692,CERTIFIED_SLICE
h1-small-reuse24,qwen2.5-0.5b-instruct-fp16-v2,slice-versus-full-cache-v1,record-reuse,24,940129,confirmation,MEASUREMENT,attempt-ff6938a7a7ae4dd0936f03029d240865,candidate,0,1,r069,56d9cfb76db81890e3f27be0447bd2a04a2fcdf8ac5ea1dc287b177c12fc4fcc,8,5,False,True,SUCCEEDED,True,CGUYW,CGUYW,"[8798, 31301, 54, 151645]",fdfd541f5d5e3e44ce52c6d5478273f437252c230b1fb6c280c412f8974a9351,92,70,22,158.03,73.738,4,43404835815,43161690543,243145272,43347603789,643,08e2ac5453e0d64533b6918fb173705e59e12b031be698b6ff9ac5652ab99312,229,33693,CERTIFIED_SLICE
h1-small-reuse24,qwen2.5-0.5b-instruct-fp16-v2,slice-versus-full-cache-v1,record-reuse,24,940129,confirmation,MEASUREMENT,attempt-ff6938a7a7ae4dd0936f03029d240865,candidate,0,1,r070,56d9cfb76db81890e3f27be0447bd2a04a2fcdf8ac5ea1dc287b177c12fc4fcc,8,6,False,True,SUCCEEDED,False,CGQBF,CWWCX,"[34, 18985, 65240, 151645]",fff98544d38f5de72e11894b376acd4744722c33f34c4fb89217f29ac72d0302,92,70,22,157.073,73.447,4,44158119209,43920327131,237792078,44097028858,643,c0e924fda9771bec5fd5a725e7faa08a11eeed616f75782c8782b9fff869cb7f,229,34474,CERTIFIED_SLICE
h1-small-reuse24,qwen2.5-0.5b-instruct-fp16-v2,slice-versus-full-cache-v1,record-reuse,24,940129,confirmation,MEASUREMENT,attempt-ff6938a7a7ae4dd0936f03029d240865,candidate,0,1,r071,56d9cfb76db81890e3f27be0447bd2a04a2fcdf8ac5ea1dc287b177c12fc4fcc,8,7,False,True,SUCCEEDED,True,CYAND,CYAND,"[34525, 3976, 151645]",507e195fb07c7d10e728a1b09e879476da012b91086f07c9ba02dbba04f3ee87,91,70,21,151.327,49.252,3,44371869540,44164085163,207784377,44336392388,643,070fa72212066672e37b047b431f2bbbe08893cd08282b48e9189d5045f26841,229,35346,CERTIFIED_SLICE
h1-small-reuse24,qwen2.5-0.5b-instruct-fp16-v2,slice-versus-full-cache-v1,record-reuse,24,940129,confirmation,MEASUREMENT,attempt-ff6938a7a7ae4dd0936f03029d240865,candidate,0,1,r072,7dfce28e2c90ec4cf02b6faa00cc10bfbe877bc0128c2dc426154a4072defced,9,0,True,True,SUCCEEDED,True,CZRYR,CZRYR,"[34, 57, 11242, 49, 151645]",a5e17693430a61e3d1198ff4e2963c7768727545a9dd61bbad526efb45a4e059,92,71,21,150.749,97.983,5,45174611324,44918648917,255962407,45092036341,643,8c62b6a1214c115701729666f0edd2d62ba484c3ae1036feaaf5b71949c8c2fe,229,35767,CERTIFIED_SLICE
h1-small-reuse24,qwen2.5-0.5b-instruct-fp16-v2,slice-versus-full-cache-v1,record-reuse,24,940129,confirmation,MEASUREMENT,attempt-ff6938a7a7ae4dd0936f03029d240865,candidate,0,1,r073,7dfce28e2c90ec4cf02b6faa00cc10bfbe877bc0128c2dc426154a4072defced,9,1,False,True,SUCCEEDED,True,CSOMH,CSOMH,"[6412, 1898, 39, 151645]",a5b24c8482dc2e6476099a7ecfe20a4c28b425810de6bc8fab2a6c03bc377d66,92,70,22,157.178,73.475,4,46158007115,45919874874,238132241,46088505102,643,6eda43ed70ef5f5306de23efb983e3a57fad07553a43758580b2e1d820a156fb,229,34654,CERTIFIED_SLICE
h1-small-reuse24,qwen2.5-0.5b-instruct-fp16-v2,slice-versus-full-cache-v1,record-reuse,24,940129,confirmation,MEASUREMENT,attempt-ff6938a7a7ae4dd0936f03029d240865,candidate,0,1,r074,7dfce28e2c90ec4cf02b6faa00cc10bfbe877bc0128c2dc426154a4072defced,9,2,False,True,SUCCEEDED,False,CJFCT,CJPIR,"[34, 41, 1893, 49, 151645]",c543aa059954e81323d3c28e7e05e49a42591f7558105548e6343d21a3865beb,92,70,22,157.873,98.378,5,46427430623,46163744504,263686119,46346209909,643,a7a130a3d07333c5ef62caee8d55e7530bdccd5f4853fd1cfcd836739244a6de,229,38131,CERTIFIED_SLICE
h1-small-reuse24,qwen2.5-0.5b-instruct-fp16-v2,slice-versus-full-cache-v1,record-reuse,24,940129,confirmation,MEASUREMENT,attempt-ff6938a7a7ae4dd0936f03029d240865,candidate,0,1,r075,7dfce28e2c90ec4cf02b6faa00cc10bfbe877bc0128c2dc426154a4072defced,9,3,False,True,SUCCEEDED,False,CKROV,CCNQF,"[3706, 45, 48, 37, 151645]",3e20f50d4e88e7e582c14175e359a07d4af017c5bb2192eef6e04d17ce516541,94,70,24,167.221,97.67,5,47206614380,46934526918,272087462,47127072517,643,fa891a3ea2ad037ae6effe67c0da4e623811fb8dc55a8f211faf3c93a5830c3e,229,36968,CERTIFIED_SLICE
h1-small-reuse24,qwen2.5-0.5b-instruct-fp16-v2,slice-versus-full-cache-v1,record-reuse,24,940129,confirmation,MEASUREMENT,attempt-ff6938a7a7ae4dd0936f03029d240865,candidate,0,1,r076,7dfce28e2c90ec4cf02b6faa00cc10bfbe877bc0128c2dc426154a4072defced,9,4,False,True,SUCCEEDED,True,CTFPK,CTFPK,"[34, 10808, 22242, 151645]",9286a62740393da0c01c2a1f5c84e09cb1679fcce4240a404db743a53e89566e,92,70,22,157.269,73.131,4,48159608427,47921244996,238363431,48103957110,643,aff1bcd8ae83f96df4aa03f53d09f586983480dc38f2e7bab8a927efe9eee2f0,229,36537,CERTIFIED_SLICE
h1-small-reuse24,qwen2.5-0.5b-instruct-fp16-v2,slice-versus-full-cache-v1,record-reuse,24,940129,confirmation,MEASUREMENT,attempt-ff6938a7a7ae4dd0936f03029d240865,candidate,0,1,r077,7dfce28e2c90ec4cf02b6faa00cc10bfbe877bc0128c2dc426154a4072defced,9,5,False,True,SUCCEEDED,True,CQUFR,CQUFR,"[34, 5757, 10504, 151645]",1ca5054127e2334943c76f4b948390da5680834070bfd5d9ac46b4fffabb0990,92,70,22,158.217,73.633,4,48404652520,48165170580,239481940,48347379388,643,5847c4364350cd9b84407cb8e3459e70ead8d0b108d145425627b2ee1b8389a7,229,35386,CERTIFIED_SLICE
h1-small-reuse24,qwen2.5-0.5b-instruct-fp16-v2,slice-versus-full-cache-v1,record-reuse,24,940129,confirmation,MEASUREMENT,attempt-ff6938a7a7ae4dd0936f03029d240865,candidate,0,1,r078,7dfce28e2c90ec4cf02b6faa00cc10bfbe877bc0128c2dc426154a4072defced,9,6,False,True,SUCCEEDED,False,CVDZC,ASK,"[1911, 42, 151645]",497345f493266ea2d3d672dd7128939eec898ad965d1dedea83cd30860f42221,93,70,23,161.257,48.984,3,49147275530,48929892574,217382956,49115965427,643,43a6cddf188ff7fe2d66ccaa7211b642c551863a4057ccfd49715751375179ea,229,39093,CERTIFIED_SLICE
h1-small-reuse24,qwen2.5-0.5b-instruct-fp16-v2,slice-versus-full-cache-v1,record-reuse,24,940129,confirmation,MEASUREMENT,attempt-ff6938a7a7ae4dd0936f03029d240865,candidate,0,1,r079,7dfce28e2c90ec4cf02b6faa00cc10bfbe877bc0128c2dc426154a4072defced,9,7,False,True,SUCCEEDED,True,CUBFP,CUBFP,"[34, 4493, 11698, 151645]",032759855dd30fe2b6c2a7e08abde72839ce1b185ad0dba695dae88d5b37fac7,90,70,20,148.096,73.604,4,49382537023,49153612975,228924048,49326407126,643,0cfccf528bcfc1388bbb7076cac955b09eda05c74e8fd2554942c21417baa143,229,33703,CERTIFIED_SLICE
h1-small-reuse24,qwen2.5-0.5b-instruct-fp16-v2,slice-versus-full-cache-v1,record-reuse,24,940129,confirmation,MEASUREMENT,attempt-ff6938a7a7ae4dd0936f03029d240865,candidate,0,1,r080,b74e2f13ac0461af186d9e3d4ae5ae77a0a95f703d5ec928740df1bab8cf56d3,10,0,True,True,SUCCEEDED,True,CHQWC,CHQWC,"[2149, 48, 25459, 151645]",34a8b11c7ab92b0b94e61730f37a9ed4c6b327ad57ed653b038bdcc885ace1c3,92,70,22,156.932,73.709,4,50174366655,49936449695,237916960,50111016021,643,3262c68f725a417aa60f30ce113b0c9637517111cf0aa9148e6b8f9e11eff702,229,33362,CERTIFIED_SLICE
h1-small-reuse24,qwen2.5-0.5b-instruct-fp16-v2,slice-versus-full-cache-v1,record-reuse,24,940129,confirmation,MEASUREMENT,attempt-ff6938a7a7ae4dd0936f03029d240865,candidate,0,1,r081,b74e2f13ac0461af186d9e3d4ae5ae77a0a95f703d5ec928740df1bab8cf56d3,10,1,False,True,SUCCEEDED,False,CXGMH,CJOVG,"[34, 26145, 46641, 151645]",86ca31e63d38e773ae760d9b42e1a6e4842380f1f21227b3207d4b4ce439be93,92,71,21,151.587,73.394,4,50412598651,50180274631,232324020,50351171794,643,b6ce6e55cc167f869b6c7ae1285e8fb21d0ac636508ac0740115fd1da74ee513,229,33332,CERTIFIED_SLICE
h1-small-reuse24,qwen2.5-0.5b-instruct-fp16-v2,slice-versus-full-cache-v1,record-reuse,24,940129,confirmation,MEASUREMENT,attempt-ff6938a7a7ae4dd0936f03029d240865,candidate,0,1,r082,b74e2f13ac0461af186d9e3d4ae5ae77a0a95f703d5ec928740df1bab8cf56d3,10,2,False,True,SUCCEEDED,True,CUWVD,CUWVD,"[16799, 54, 12474, 151645]",5999bb2649c1f91b6b1ff513e0e3a7d990bc8294145c0d0dfff3b9b4d305ca9b,92,70,22,157.136,73.336,4,51179324211,50941779062,237545149,51110240436,643,d62896ccff8bd983dfe16a39657e1023dc8686c660258112e22b6d10b3c4046b,229,33702,CERTIFIED_SLICE
h1-small-reuse24,qwen2.5-0.5b-instruct-fp16-v2,slice-versus-full-cache-v1,record-reuse,24,940129,confirmation,MEASUREMENT,attempt-ff6938a7a7ae4dd0936f03029d240865,candidate,0,1,r083,b74e2f13ac0461af186d9e3d4ae5ae77a0a95f703d5ec928740df1bab8cf56d3,10,3,False,True,SUCCEEDED,False,CPUEI,CCCKO,"[3706, 3021, 46, 151645]",941ba8c49d4e6f15ad6d86c4c386081c89a9fa798dee363b21a0be0a867f088d,92,70,22,157.744,73.649,4,51424038140,51185616081,238422059,51367390761,643,3f6a3e63f13c0e47a90d1842db005e20859d06cc0b15c49fb64bc7b4f444ff3e,229,33964,CERTIFIED_SLICE
h1-small-reuse24,qwen2.5-0.5b-instruct-fp16-v2,slice-versus-full-cache-v1,record-reuse,24,940129,confirmation,MEASUREMENT,attempt-ff6938a7a7ae4dd0936f03029d240865,candidate,0,1,r084,b74e2f13ac0461af186d9e3d4ae5ae77a0a95f703d5ec928740df1bab8cf56d3,10,4,False,True,SUCCEEDED,True,CCTRS,CCTRS,"[34, 1162, 11451, 151645]",56c55cc864c4fba5fec248ffefc9328e5c83d3ae344872944bfb60e1b7f5e4e7,89,70,19,139.929,73.611,4,52168560072,51949181505,219378567,52103796310,643,ccad43365038de58dc3784a8b0bcbc7a7d881964539441b9025ae549ef69ee7b,229,33653,CERTIFIED_SLICE
h1-small-reuse24,qwen2.5-0.5b-instruct-fp16-v2,slice-versus-full-cache-v1,record-reuse,24,940129,confirmation,MEASUREMENT,attempt-ff6938a7a7ae4dd0936f03029d240865,candidate,0,1,r085,b74e2f13ac0461af186d9e3d4ae5ae77a0a95f703d5ec928740df1bab8cf56d3,10,5,False,True,SUCCEEDED,False,CBKDF,CSLTY,"[6412, 43, 22098, 151645]",479e9148c26eba319fa7be0deed67e79b502bc6577608ae12bc1c6d77fb00012,90,70,20,147.905,76.372,4,52402545140,52172376228,230168912,52334978857,643,6c65ef9e03dde530e4aea54df16488642fcb46f462fc333a76d92ec59f13de96,229,34574,CERTIFIED_SLICE
h1-small-reuse24,qwen2.5-0.5b-instruct-fp16-v2,slice-versus-full-cache-v1,record-reuse,24,940129,confirmation,MEASUREMENT,attempt-ff6938a7a7ae4dd0936f03029d240865,candidate,0,1,r086,b74e2f13ac0461af186d9e3d4ae5ae77a0a95f703d5ec928740df1bab8cf56d3,10,6,False,True,SUCCEEDED,True,CGNXX,CGNXX,"[8798, 45, 6148, 151645]",cce4765238c295c154e7cf82e2292c92b4fdc59e8e0ec0ccc22e4531ee7c00c8,92,70,22,157.274,73.291,4,53170412223,52933769973,236642250,53097887229,643,c903982b4515cb8b049680c88538080382d8cdeb37145f16b056df5cb50b2b22,229,33433,CERTIFIED_SLICE
h1-small-reuse24,qwen2.5-0.5b-instruct-fp16-v2,slice-versus-full-cache-v1,record-reuse,24,940129,confirmation,MEASUREMENT,attempt-ff6938a7a7ae4dd0936f03029d240865,candidate,0,1,r087,b74e2f13ac0461af186d9e3d4ae5ae77a0a95f703d5ec928740df1bab8cf56d3,10,7,False,True,SUCCEEDED,True,CACBD,CACBD,"[34, 1706, 9548, 151645]",5e661291a6ae18ba515dbb29525c0a13ae4bfd8dd7838874a1fffe74471d2c1b,92,70,22,157.966,73.535,4,53415367121,53177567899,237799222,53351025975,643,421cc322f0bd466b4df0de195cdc7098256cd61239e34abb8666e96d43f11e35,229,33241,CERTIFIED_SLICE
h1-small-reuse24,qwen2.5-0.5b-instruct-fp16-v2,slice-versus-full-cache-v1,record-reuse,24,940129,confirmation,MEASUREMENT,attempt-ff6938a7a7ae4dd0936f03029d240865,candidate,0,1,r088,5a349e401fff133aa08cf08ac9effdaaf2656297fb7ec4f69fd66df1d01f4756,11,0,True,True,SUCCEEDED,False,CGYZA,VALUE CWKQN,"[23832, 40035, 42, 87054, 151645]",fc399e9b23d45c2b5b10a7a5fa0edd8cf9ab8362154e5e57130f30b87166febe,92,70,22,157.349,97.834,5,54201434688,53940345819,261088869,54113002914,643,da3e53c1b56b1746f9ea52ee37028aec9f3c906a27ee7a2205861c9d266b666e,229,33903,CERTIFIED_SLICE
h1-small-reuse24,qwen2.5-0.5b-instruct-fp16-v2,slice-versus-full-cache-v1,record-reuse,24,940129,confirmation,MEASUREMENT,attempt-ff6938a7a7ae4dd0936f03029d240865,candidate,0,1,r089,5a349e401fff133aa08cf08ac9effdaaf2656297fb7ec4f69fd66df1d01f4756,11,1,False,True,SUCCEEDED,False,CZAFG,CWBVS,"[34, 52868, 26050, 151645]",029548700b58015a7121ba8eae73b515e4940d7a06b7c2e8deb0295fd62ce111,92,71,21,150.489,73.243,4,55155995559,54926474882,229520677,55091777902,643,86e96deb390bd54c02133c345e68f8ef3983aff0c66cbfdb67fdc818e11b0de8,229,33212,CERTIFIED_SLICE
h1-small-reuse24,qwen2.5-0.5b-instruct-fp16-v2,slice-versus-full-cache-v1,record-reuse,24,940129,confirmation,MEASUREMENT,attempt-ff6938a7a7ae4dd0936f03029d240865,candidate,0,1,r090,5a349e401fff133aa08cf08ac9effdaaf2656297fb7ec4f69fd66df1d01f4756,11,2,False,True,SUCCEEDED,False,CKOZB,CEAIQ,"[2104, 15469, 48, 151645]",3af36dc776ad861116f385e02309f3ea6ccdae5455d4d6be00855399da032ce6,93,70,23,161.668,73.569,4,55401060110,55159981671,241078439,55336858243,643,eaeb8c0c0208e17fdd37e5f829cf69debe77f705e7bfa27105e7eb0fd55bbf2a,229,34384,CERTIFIED_SLICE
h1-small-reuse24,qwen2.5-0.5b-instruct-fp16-v2,slice-versus-full-cache-v1,record-reuse,24,940129,confirmation,MEASUREMENT,attempt-ff6938a7a7ae4dd0936f03029d240865,candidate,0,1,r091,5a349e401fff133aa08cf08ac9effdaaf2656297fb7ec4f69fd66df1d01f4756,11,3,False,True,SUCCEEDED,True,CCWDX,CCWDX,"[3706, 54, 16591, 151645]",fe304cce19ba483f5c216a37eb24ee3f1c93afc5c794f052dcbd7cf55400c976,92,70,22,157.225,73.317,4,56170880275,55934295903,236584372,56110924223,643,9b69c294c25c70a3b1799af15430fb066882c6fac05732991509ccddbc308854,229,33923,CERTIFIED_SLICE
h1-small-reuse24,qwen2.5-0.5b-instruct-fp16-v2,slice-versus-full-cache-v1,record-reuse,24,940129,confirmation,MEASUREMENT,attempt-ff6938a7a7ae4dd0936f03029d240865,candidate,0,1,r092,5a349e401fff133aa08cf08ac9effdaaf2656297fb7ec4f69fd66df1d01f4756,11,4,False,True,SUCCEEDED,False,CEMGY,CJGKP,"[34, 41, 38, 65036, 151645]",ed771b0e42b000e0847eb8d0bba15bafa0501464677825363df393f3bae54f96,92,70,22,157.684,97.921,5,56439852775,56178286728,261566047,56351007181,643,ad966d08b0a2b9d052ceaffa27cbe8c21fec3ecf4a012c573fd9f26fd6477829,229,36057,CERTIFIED_SLICE
h1-small-reuse24,qwen2.5-0.5b-instruct-fp16-v2,slice-versus-full-cache-v1,record-reuse,24,940129,confirmation,MEASUREMENT,attempt-ff6938a7a7ae4dd0936f03029d240865,candidate,0,1,r093,5a349e401fff133aa08cf08ac9effdaaf2656297fb7ec4f69fd66df1d01f4756,11,5,False,True,SUCCEEDED,True,COFPW,COFPW,"[8281, 11698, 54, 151645]",7387cdc4149c52a697979185918631d18e7f25c8a8ed78a1968571e05180f842,92,70,22,157.211,73.374,4,57174649481,56938008414,236641067,57105682153,643,04e1eb5f59508c213feae9ea30c80a6830fe6b715644095295f239c2de8f0d3b,229,37540,CERTIFIED_SLICE
h1-small-reuse24,qwen2.5-0.5b-instruct-fp16-v2,slice-versus-full-cache-v1,record-reuse,24,940129,confirmation,MEASUREMENT,attempt-ff6938a7a7ae4dd0936f03029d240865,candidate,0,1,r094,5a349e401fff133aa08cf08ac9effdaaf2656297fb7ec4f69fd66df1d01f4756,11,6,False,True,SUCCEEDED,False,CIKRZ,CVDXN,"[34, 12474, 55, 45, 151645]",d02ffd88f97eb3797a98e9a6462f4bcc5928cdda2a217484d150b323eb0a6778,94,70,24,167.99,98.033,5,57454050463,57182102991,271947472,57364852885,643,9319c8be6d5d4f2f609cca268ebdf943a34139b16839ad21a1fb96766d564e2d,229,36918,CERTIFIED_SLICE
h1-small-reuse24,qwen2.5-0.5b-instruct-fp16-v2,slice-versus-full-cache-v1,record-reuse,24,940129,confirmation,MEASUREMENT,attempt-ff6938a7a7ae4dd0936f03029d240865,candidate,0,1,r095,5a349e401fff133aa08cf08ac9effdaaf2656297fb7ec4f69fd66df1d01f4756,11,7,False,True,SUCCEEDED,True,CJPLA,CJPLA,"[34, 41, 2916, 32, 151645]",5940f6e262a9388bb97544a7e2cf12109059e0cfc56d5b9f9fc2de5ff7510f5c,92,70,22,157.208,97.655,5,58208147400,57947232153,260915247,58118751884,643,897bce8c658aa021279767a1f8d5b01a9452732fcededadf73c1c0138cac3a60,229,33893,CERTIFIED_SLICE
h1-small-reuse24,qwen2.5-0.5b-instruct-fp16-v2,slice-versus-full-cache-v1,record-reuse,24,940129,confirmation,MEASUREMENT,attempt-ff6938a7a7ae4dd0936f03029d240865,candidate,0,1,r096,edefefb0bcf5d7dd4f9b5205bc5c43ac53d77498099c84e68441a5f68437daf8,12,0,True,True,SUCCEEDED,True,CMJJQ,CMJJQ,"[9985, 63391, 48, 151645]",aba843beecade236b3e8cc0203dd708cc19bd46612adaaa029ab9e9dd2e121cf,92,70,22,157.052,73.233,4,59171729296,58935399417,236329879,59099729078,643,8490d794a6f3139ba6d5c147946d566a7ba77063919a2b668f4c103bbe2cf774,229,33883,CERTIFIED_SLICE
h1-small-reuse24,qwen2.5-0.5b-instruct-fp16-v2,slice-versus-full-cache-v1,record-reuse,24,940129,confirmation,MEASUREMENT,attempt-ff6938a7a7ae4dd0936f03029d240865,candidate,0,1,r097,edefefb0bcf5d7dd4f9b5205bc5c43ac53d77498099c84e68441a5f68437daf8,12,1,False,True,SUCCEEDED,False,CJPES,CHZQZ,"[2149, 57, 48, 57, 151645]",a4c92fc90f45d6e4fbebcd40045f56609446578a17aaba1a18fb465a9618840c,94,70,24,167.884,97.982,5,59451096264,59179116062,271980202,59358020365,643,3c0a0954c2cd75f07adeb3c7c6af445ebe68f1eed106b4de228d0472582ce8eb,229,32941,CERTIFIED_SLICE
h1-small-reuse24,qwen2.5-0.5b-instruct-fp16-v2,slice-versus-full-cache-v1,record-reuse,24,940129,confirmation,MEASUREMENT,attempt-ff6938a7a7ae4dd0936f03029d240865,candidate,0,1,r098,edefefb0bcf5d7dd4f9b5205bc5c43ac53d77498099c84e68441a5f68437daf8,12,2,False,True,SUCCEEDED,False,CPARE,CEBQF,"[34, 8264, 48, 37, 151645]",536f59282000e2a1ec7bb5c4368dfc310ee11ac371de41f149bf7fc59e98e3e9,93,70,23,161.403,97.925,5,60208694151,59943543889,265150262,60119784959,643,871444be0a27224b81fce5ab17fcbfafcedf9dcd78f83a958332e2978348b608,229,33282,CERTIFIED_SLICE
h1-small-reuse24,qwen2.5-0.5b-instruct-fp16-v2,slice-versus-full-cache-v1,record-reuse,24,940129,confirmation,MEASUREMENT,attempt-ff6938a7a7ae4dd0936f03029d240865,candidate,0,1,r099,edefefb0bcf5d7dd4f9b5205bc5c43ac53d77498099c84e68441a5f68437daf8,12,3,False,True,SUCCEEDED,True,CYFGU,CYFGU,"[34525, 12001, 52, 151645]",65c58fc096c10b1cca501cdecd7e1285931c00ab63f781b97576715862f0cb6e,92,70,22,157.06,73.639,4,61164729393,60927983371,236746022,61091745676,643,7258bb07ac93fc7da8dffe7209595f08c293479ad9235ad55bb1fd9beb52b32d,229,32861,CERTIFIED_SLICE
h1-small-reuse24,qwen2.5-0.5b-instruct-fp16-v2,slice-versus-full-cache-v1,record-reuse,24,940129,confirmation,MEASUREMENT,attempt-ff6938a7a7ae4dd0936f03029d240865,candidate,0,1,r100,edefefb0bcf5d7dd4f9b5205bc5c43ac53d77498099c84e68441a5f68437daf8,12,4,False,True,SUCCEEDED,False,CLUSN,CNWCT,"[28668, 54, 1162, 151645]",52eaa975c07369c75152a35b6573ebe07c395d3eb7df8d430353502a549d47c6,92,70,22,157.558,73.371,4,61408826296,61171902993,236923303,61343857783,643,7f861e45ba05d36de92e59dda6694de093bed8a94ef796019c9a766fefe2e93f,229,34124,CERTIFIED_SLICE
h1-small-reuse24,qwen2.5-0.5b-instruct-fp16-v2,slice-versus-full-cache-v1,record-reuse,24,940129,confirmation,MEASUREMENT,attempt-ff6938a7a7ae4dd0936f03029d240865,candidate,0,1,r101,edefefb0bcf5d7dd4f9b5205bc5c43ac53d77498099c84e68441a5f68437daf8,12,5,False,True,SUCCEEDED,False,CIAON,CDBHH,"[34, 3506, 23180, 151645]",08cbff8b99511bf009657e0c5c0861628ee1c4b974e70bead10a121c89860182,91,70,21,150.803,73.425,4,62186898134,61956639205,230258929,62121736763,643,92ba87a527cb8e37902b15b6be8330794414c5323401025016efd89b57b85a59,229,33653,CERTIFIED_SLICE
h1-small-reuse24,qwen2.5-0.5b-instruct-fp16-v2,slice-versus-full-cache-v1,record-reuse,24,940129,confirmation,MEASUREMENT,attempt-ff6938a7a7ae4dd0936f03029d240865,candidate,0,1,r102,edefefb0bcf5d7dd4f9b5205bc5c43ac53d77498099c84e68441a5f68437daf8,12,6,False,True,SUCCEEDED,False,CCRSL,CFVKB,"[9650, 53, 29862, 151645]",485918cee4cde80812525244dd2000f64657eaac83c5a75b7521ba8df525099e,92,70,22,157.444,73.46,4,62432304201,62195523083,236781118,62367930194,643,21af11ec1b95f3a4136b8d34ce24d275fd578d7c9009331d94308fae7e9323a9,229,34034,CERTIFIED_SLICE
h1-small-reuse24,qwen2.5-0.5b-instruct-fp16-v2,slice-versus-full-cache-v1,record-reuse,24,940129,confirmation,MEASUREMENT,attempt-ff6938a7a7ae4dd0936f03029d240865,candidate,0,1,r103,edefefb0bcf5d7dd4f9b5205bc5c43ac53d77498099c84e68441a5f68437daf8,12,7,False,True,SUCCEEDED,False,CTRLT,CHVID,"[2149, 7483, 151645]",0fda1113a2990eabf2c8e0436cc346ce992a476fd0b68ca3bf9339f2898c5902,89,70,19,140.058,48.874,3,63147772556,62953105972,194666584,63107749360,643,ede482cf25e727d909bcb19e27eca8fbc4fe39b0a262602f6847d5a149fd1c31,229,35466,CERTIFIED_SLICE
h1-small-reuse24,qwen2.5-0.5b-instruct-fp16-v2,slice-versus-full-cache-v1,record-reuse,24,940129,confirmation,MEASUREMENT,attempt-ff6938a7a7ae4dd0936f03029d240865,candidate,0,1,r104,c7aab0ddac869462273e075103bd0ef7393b6afd4edf83ad4c92dd6a7c739030,13,0,True,True,SUCCEEDED,False,CNWXK,CVOCI,"[19589, 63983, 151645]",a98f6faaf5a84a50a1505e7cdab93d862d8d80134657a5455856ea922011b1d9,90,70,20,147.804,49.112,3,63358995357,63156232858,202762499,63318789471,643,de3d38118c7b5f0d839cadb697c66545626af4313ad52d972b5568dc163feb62,229,33903,CERTIFIED_SLICE
h1-small-reuse24,qwen2.5-0.5b-instruct-fp16-v2,slice-versus-full-cache-v1,record-reuse,24,940129,confirmation,MEASUREMENT,attempt-ff6938a7a7ae4dd0936f03029d240865,candidate,0,1,r105,c7aab0ddac869462273e075103bd0ef7393b6afd4edf83ad4c92dd6a7c739030,13,1,False,True,SUCCEEDED,True,CYDCB,CYDCB,"[34525, 5626, 33, 151645]",5747eb3880181fd91ec02d42be28a71446446b85d3957258a42e3a583a200ab8,92,70,22,157.159,73.352,4,64188680433,63952343912,236336521,64121782753,643,8ddcb109454e01072ec8993d954e29f62e386224d2ee13ed05872b7ae19cee72,229,33633,CERTIFIED_SLICE
h1-small-reuse24,qwen2.5-0.5b-instruct-fp16-v2,slice-versus-full-cache-v1,record-reuse,24,940129,confirmation,MEASUREMENT,attempt-ff6938a7a7ae4dd0936f03029d240865,candidate,0,1,r106,c7aab0ddac869462273e075103bd0ef7393b6afd4edf83ad4c92dd6a7c739030,13,2,False,True,SUCCEEDED,True,CSRYE,CSRYE,"[6412, 11242, 36, 151645]",f56f59a16a99bd6ba8f4290879812f1b76a01981b209b7e3719c2b0a076358c0,92,70,22,157.572,73.353,4,64437344228,64200331479,237012749,64372959922,643,a7c1b8b2838f8d3e6920ef4a29863583a2ae4bc18e719de4032a38f1934a0b8f,229,33843,CERTIFIED_SLICE
h1-small-reuse24,qwen2.5-0.5b-instruct-fp16-v2,slice-versus-full-cache-v1,record-reuse,24,940129,confirmation,MEASUREMENT,attempt-ff6938a7a7ae4dd0936f03029d240865,candidate,0,1,r107,c7aab0ddac869462273e075103bd0ef7393b6afd4edf83ad4c92dd6a7c739030,13,3,False,True,SUCCEEDED,False,CCFHB,CFFHB,"[34, 1748, 30725, 151645]",ac7a917192a1b7a94883f2b19e01d01f7be9a98a694ac2c85b0bbeca716adb58,92,70,22,157.198,73.43,4,65193326650,64956538359,236788291,65120809661,643,d345a01e195b13e8eab20336c5064d2d16f0edbb63d8c7995b9b0a6c73280a5f,229,34915,CERTIFIED_SLICE
h1-small-reuse24,qwen2.5-0.5b-instruct-fp16-v2,slice-versus-full-cache-v1,record-reuse,24,940129,confirmation,MEASUREMENT,attempt-ff6938a7a7ae4dd0936f03029d240865,candidate,0,1,r108,c7aab0ddac869462273e075103bd0ef7393b6afd4edf83ad4c92dd6a7c739030,13,4,False,True,SUCCEEDED,True,CGVXQ,CGVXQ,"[8798, 53, 55, 48, 151645]",ac19f1a5ee868d90ced0f7c3b14878d614e989a0aa249d14527643cdacbadb90,93,70,23,162.374,97.74,5,65466494301,65200227413,266266888,65378027021,643,d38121b195a01a8c1b7521ee8a33597fab66e0c73887687b4ad143647d11c37c,229,34824,CERTIFIED_SLICE
h1-small-reuse24,qwen2.5-0.5b-instruct-fp16-v2,slice-versus-full-cache-v1,record-reuse,24,940129,confirmation,MEASUREMENT,attempt-ff6938a7a7ae4dd0936f03029d240865,candidate,0,1,r109,c7aab0ddac869462273e075103bd0ef7393b6afd4edf83ad4c92dd6a7c739030,13,5,False,True,SUCCEEDED,False,CTCIU,CCTND,"[34, 1162, 8065, 151645]",7feb43e693a88201652e1639082c3acd40f4264f16ae44e1a49be3d9f70e22bd,90,70,20,147.641,73.238,4,66193736289,65967114583,226621706,66129703316,643,242150965e3bc149afaba70f44e5b44642fbf0f1f45c47212fc7b98ae2d4aec1,229,34344,CERTIFIED_SLICE
h1-small-reuse24,qwen2.5-0.5b-instruct-fp16-v2,slice-versus-full-cache-v1,record-reuse,24,940129,confirmation,MEASUREMENT,attempt-ff6938a7a7ae4dd0936f03029d240865,candidate,0,1,r110,c7aab0ddac869462273e075103bd0ef7393b6afd4edf83ad4c92dd6a7c739030,13,6,False,True,SUCCEEDED,False,CBPRC,CQILO,"[34, 48, 40, 1593, 151645]",31941678c0167ed9d631b37ad9aee6c3a3461e99ae027c6b46ca2c735c1c4494,94,70,24,168.251,98.132,5,66473341491,66200907965,272433526,66383834678,643,4ca807cdb8ed78563a955cf11326ab8061f0dd7b05b4ca9e7c382ed3be1c786b,229,34985,CERTIFIED_SLICE
h1-small-reuse24,qwen2.5-0.5b-instruct-fp16-v2,slice-versus-full-cache-v1,record-reuse,24,940129,confirmation,MEASUREMENT,attempt-ff6938a7a7ae4dd0936f03029d240865,candidate,0,1,r111,c7aab0ddac869462273e075103bd0ef7393b6afd4edf83ad4c92dd6a7c739030,13,7,False,True,SUCCEEDED,False,CCTYS,VALUE CKQPO,"[23832, 30066, 48, 2045, 151645]",806360e60fb9b751ce0524aa7a6fac62530d87ba601c47a1bf7d97ab75c7b4c3,91,70,21,151.574,97.671,5,67228829104,66973624867,255204237,67136812373,643,36051d32d379a6517de54645de2a27e659325db9c31f613ce849f7185c5d668d,229,34814,CERTIFIED_SLICE
h1-small-reuse24,qwen2.5-0.5b-instruct-fp16-v2,slice-versus-full-cache-v1,record-reuse,24,940129,confirmation,MEASUREMENT,attempt-ff6938a7a7ae4dd0936f03029d240865,candidate,0,1,r112,8072f457b97eb28dfeab619075dbb71df9d5b884ad0d9061be00f5ea028355ea,14,0,True,True,SUCCEEDED,False,CYHRT,CMGJP,"[9985, 38, 27188, 151645]",c92926b85da58773263b7cc8fece6432bfb5a548f70bc6aeb6a009fe51e90ee0,92,70,22,157.05,73.341,4,68189575426,67953153526,236421900,68116760393,643,84acbbbebcd57e9b4de667d4329dd13091f7c8b8d74af296ea4fd367c384372a,229,36278,CERTIFIED_SLICE
h1-small-reuse24,qwen2.5-0.5b-instruct-fp16-v2,slice-versus-full-cache-v1,record-reuse,24,940129,confirmation,MEASUREMENT,attempt-ff6938a7a7ae4dd0936f03029d240865,candidate,0,1,r113,8072f457b97eb28dfeab619075dbb71df9d5b884ad0d9061be00f5ea028355ea,14,1,False,True,SUCCEEDED,True,CEOMH,CEOMH,"[2104, 1898, 39, 151645]",b402c813c75f30b58292e273c59b36af6199bfa36079f5164d02baeeaf2d7960,92,70,22,157.598,73.564,4,68434356621,68197238957,237117664,68369852532,643,269fbfd4966045752d2f9aa68a408cd81c97bae199975398ac1ea94f2ead9ccf,229,33422,CERTIFIED_SLICE
h1-small-reuse24,qwen2.5-0.5b-instruct-fp16-v2,slice-versus-full-cache-v1,record-reuse,24,940129,confirmation,MEASUREMENT,attempt-ff6938a7a7ae4dd0936f03029d240865,candidate,0,1,r114,8072f457b97eb28dfeab619075dbb71df9d5b884ad0d9061be00f5ea028355ea,14,2,False,True,SUCCEEDED,False,CZGJC,CUCIF,"[34, 5459, 2773, 151645]",10663823056dde3be00b8978e66eb185abbd4ae352e84ccd88550f0b38df4760,92,70,22,157.222,73.257,4,69207101244,68970329774,236771470,69141704605,643,7a74b508cf4884b74a8e90d4e7c8325571671b7e271d5045d73bc589e0c9c77e,229,34264,CERTIFIED_SLICE
h1-small-reuse24,qwen2.5-0.5b-instruct-fp16-v2,slice-versus-full-cache-v1,record-reuse,24,940129,confirmation,MEASUREMENT,attempt-ff6938a7a7ae4dd0936f03029d240865,candidate,0,1,r115,8072f457b97eb28dfeab619075dbb71df9d5b884ad0d9061be00f5ea028355ea,14,3,False,True,SUCCEEDED,True,CPNPW,CPNPW,"[7123, 26227, 54, 151645]",0bc2a490645ee9155f9b689aad8c9ec10e5042c9f73dee27534f14134a3676ee,92,70,22,158.337,76.542,4,69455050169,69214035258,241014911,69386781039,643,efb01adde249fd29253741fc2b60489f4b485872a7c24fcc7e970781b0749321,229,34293,CERTIFIED_SLICE
h1-small-reuse24,qwen2.5-0.5b-instruct-fp16-v2,slice-versus-full-cache-v1,record-reuse,24,940129,confirmation,MEASUREMENT,attempt-ff6938a7a7ae4dd0936f03029d240865,candidate,0,1,r116,8072f457b97eb28dfeab619075dbb71df9d5b884ad0d9061be00f5ea028355ea,14,4,False,True,SUCCEEDED,False,CGQIU,CWFCC,"[34, 32131, 3706, 151645]",be4e8dca119ee7f959f6c43b525384c9b370a29411649456ecdc7ec1c2726aed,92,70,22,157.475,73.39,4,70211515149,69974535111,236980038,70145521450,643,40b85eff7aa016e70f565a7a3a178a0b94cbf4cd99cf9b539c6d742493aa98a3,229,33682,CERTIFIED_SLICE
h1-small-reuse24,qwen2.5-0.5b-instruct-fp16-v2,slice-versus-full-cache-v1,record-reuse,24,940129,confirmation,MEASUREMENT,attempt-ff6938a7a7ae4dd0936f03029d240865,candidate,0,1,r117,8072f457b97eb28dfeab619075dbb71df9d5b884ad0d9061be00f5ea028355ea,14,5,False,True,SUCCEEDED,True,CMTLQ,CMTLQ,"[34, 8505, 43, 48, 151645]",86a0ebb5da90876b10a6b66d86a1690b219a6a5aba00099e37fc2948c13b268f,93,71,22,157.871,98.024,5,70479957683,70218088202,261869481,70390908401,643,e1ba65c8a31b4b4f7cc493abf70c538fb98cef72dab08e95d8eb3905d287307c,229,34294,CERTIFIED_SLICE
h1-small-reuse24,qwen2.5-0.5b-instruct-fp16-v2,slice-versus-full-cache-v1,record-reuse,24,940129,confirmation,MEASUREMENT,attempt-ff6938a7a7ae4dd0936f03029d240865,candidate,0,1,r118,8072f457b97eb28dfeab619075dbb71df9d5b884ad0d9061be00f5ea028355ea,14,6,False,True,SUCCEEDED,False,CCPBI,CCPBIC,"[3706, 40637, 1317, 151645]",5246de92c148c2f339d774dea2e1c544aebd57a5646531ccb4cb069744ab0c88,91,70,21,150.628,73.315,4,71200988802,70971080655,229908147,71136771356,643,0b523b50a80a1a436d323e992f7c3e5d1c9811719e1591d386d09d7143301940,229,34113,CERTIFIED_SLICE
h1-small-reuse24,qwen2.5-0.5b-instruct-fp16-v2,slice-versus-full-cache-v1,record-reuse,24,940129,confirmation,MEASUREMENT,attempt-ff6938a7a7ae4dd0936f03029d240865,candidate,0,1,r119,8072f457b97eb28dfeab619075dbb71df9d5b884ad0d9061be00f5ea028355ea,14,7,False,True,SUCCEEDED,False,CSHDI,CWDUE,"[34, 17563, 2230, 151645]",bb63ffc068493ea33762131842aed0bb1ff5d07fe0943749460b925d8b651345,90,70,20,147.963,73.814,4,71437517821,71209723154,227794667,71371894861,643,5f7bd1d1c0c6a804e4fe69b768a9d2e38b47a3c7f9535537369362fa9faf9f29,229,34143,CERTIFIED_SLICE
h1-small-reuse24,qwen2.5-0.5b-instruct-fp16-v2,slice-versus-full-cache-v1,record-reuse,24,940129,confirmation,MEASUREMENT,attempt-ff6938a7a7ae4dd0936f03029d240865,candidate,0,1,r120,8f5d398b8c2e9af3d3281a2bd74b8562743308cf4e7ea1f1fed4a9810c4542b3,15,0,True,True,SUCCEEDED,True,CJUWD,CJUWD,"[34, 41, 52, 17563, 151645]",28e5a548b0f68bf9fbf56d7fa0a5a1b6c0d8aebf31e44f7b1552fc0619b157b6,92,70,22,157.077,98.034,5,72234986379,71974008316,260978063,72145772431,643,f25aeceeb49c3c77b9fa64d871b9302ac1527bd87c649dbbdde1ccb8235f8abd,229,35526,CERTIFIED_SLICE
h1-small-reuse24,qwen2.5-0.5b-instruct-fp16-v2,slice-versus-full-cache-v1,record-reuse,24,940129,confirmation,MEASUREMENT,attempt-ff6938a7a7ae4dd0936f03029d240865,candidate,0,1,r121,8f5d398b8c2e9af3d3281a2bd74b8562743308cf4e7ea1f1fed4a9810c4542b3,15,1,False,True,SUCCEEDED,True,CVZBE,CVZBE,"[19589, 57, 11594, 151645]",93c92285c73ee164d0f4d34e27f1ce3218ba2aca72d4b54a521014ff95bad9e1,92,70,22,157.777,73.724,4,72480500978,72243124863,237376115,72415936146,643,b57fdf36271231edf891294caffe98ec3f48f63d1fe5482372106fb6df3afd59,229,35235,CERTIFIED_SLICE
h1-small-reuse24,qwen2.5-0.5b-instruct-fp16-v2,slice-versus-full-cache-v1,record-reuse,24,940129,confirmation,MEASUREMENT,attempt-ff6938a7a7ae4dd0936f03029d240865,candidate,0,1,r122,8f5d398b8c2e9af3d3281a2bd74b8562743308cf4e7ea1f1fed4a9810c4542b3,15,2,False,True,SUCCEEDED,False,CJGIR,CPAGQ,"[7123, 1890, 48, 151645]",0a1b6945fb878b047247b6a1bdb65ca0004de05c9edb0e680f5a49c03e501307,92,70,22,157.343,73.408,4,73222933053,72986145593,236787460,73157691613,643,feb84228a6e96c4319b90cb31eb71d3997c9a28557ca6504d0a96a8e2c043892,229,34995,CERTIFIED_SLICE
h1-small-reuse24,qwen2.5-0.5b-instruct-fp16-v2,slice-versus-full-cache-v1,record-reuse,24,940129,confirmation,MEASUREMENT,attempt-ff6938a7a7ae4dd0936f03029d240865,candidate,0,1,r123,8f5d398b8c2e9af3d3281a2bd74b8562743308cf4e7ea1f1fed4a9810c4542b3,15,3,False,True,SUCCEEDED,True,CRGDH,CRGDH,"[8973, 40849, 39, 151645]",6687878a925df054043ad028d04f671f835543ece7b522579f4fd56bbabcaba8,92,70,22,157.756,73.474,4,73466897088,73229783962,237113126,73402861530,643,299abd23598ae14c0a78ab564f0f356e1a2d6662aec0f4dae75b91257777490d,229,36278,CERTIFIED_SLICE
h1-small-reuse24,qwen2.5-0.5b-instruct-fp16-v2,slice-versus-full-cache-v1,record-reuse,24,940129,confirmation,MEASUREMENT,attempt-ff6938a7a7ae4dd0936f03029d240865,candidate,0,1,r124,8f5d398b8c2e9af3d3281a2bd74b8562743308cf4e7ea1f1fed4a9810c4542b3,15,4,False,True,SUCCEEDED,False,CTSVU,CNGPD,"[34, 6140, 23025, 151645]",a3759f71055b3e817564b1757230f1640149c179346069a585027d2f2884e901,93,70,23,161.609,73.317,4,74222371436,73981424351,240947085,74157665401,643,ff5ca4459dc6de154f40b04ed6247baac98962c7fc57bf250b6d16b0ca491234,229,34074,CERTIFIED_SLICE
h1-small-reuse24,qwen2.5-0.5b-instruct-fp16-v2,slice-versus-full-cache-v1,record-reuse,24,940129,confirmation,MEASUREMENT,attempt-ff6938a7a7ae4dd0936f03029d240865,candidate,0,1,r125,8f5d398b8c2e9af3d3281a2bd74b8562743308cf4e7ea1f1fed4a9810c4542b3,15,5,False,True,SUCCEEDED,True,CMCHW,CMCHW,"[9985, 2149, 54, 151645]",a10453ac1233682222ecd5ab5afba3762b4fca9e7e968ba274a2509df403784e,92,70,22,157.979,73.642,4,74467762364,74230105367,237656997,74402826101,643,b950bdc762910fb2e4121ef3f3fdfb34d2a5eb35d125139eaa051f838b629ac2,229,34103,CERTIFIED_SLICE
h1-small-reuse24,qwen2.5-0.5b-instruct-fp16-v2,slice-versus-full-cache-v1,record-reuse,24,940129,confirmation,MEASUREMENT,attempt-ff6938a7a7ae4dd0936f03029d240865,candidate,0,1,r126,8f5d398b8c2e9af3d3281a2bd74b8562743308cf4e7ea1f1fed4a9810c4542b3,15,6,False,True,SUCCEEDED,False,CGSNJ,VALUE CHGZZ CGSNJ,"[23832, 6826, 38, 33536, 6159, 18966, 41, 151645]",20eb69392352640346c6ab7c56277145532bdfd716e98553dedd76fe22f39e6a,92,70,22,157.286,172.264,8,75327976551,74992400379,335576172,75164878612,643,5b3b8212dc64a6cbdd94b59a81217193a55d06a6ab9e0df4b7e6198ff2f901bd,229,33082,CERTIFIED_SLICE
h1-small-reuse24,qwen2.5-0.5b-instruct-fp16-v2,slice-versus-full-cache-v1,record-reuse,24,940129,confirmation,MEASUREMENT,attempt-ff6938a7a7ae4dd0936f03029d240865,candidate,0,1,r127,8f5d398b8c2e9af3d3281a2bd74b8562743308cf4e7ea1f1fed4a9810c4542b3,15,7,False,True,SUCCEEDED,True,CFKKM,CFKKM,"[9650, 50457, 44, 151645]",09d454aae901748bced64b4f07bcfd14261450e89aba36e420f70ab0fcbecd97,92,70,22,157.637,73.433,4,76227228111,75989515271,237712840,76161665905,643,c88bdf1d20bd1bb76e5e1af68f2534cde619f8a0990ed83a88da3bc0a8927d68,229,33683,CERTIFIED_SLICE
h1-small-reuse24,qwen2.5-0.5b-instruct-fp16-v2,slice-versus-full-cache-v1,record-reuse,24,940129,confirmation,MEASUREMENT,attempt-e6b2a2da5032458ab5d5bc5c381b73b6,candidate,1,1,r000,e2bbcf7fdcde8b11629d90c05f4882448617accadbe671b62961f35e85473931,0,0,True,True,SUCCEEDED,False,CLOTH,CLJMH,"[3140, 41, 48202, 151645]",c9005f48d02d324c4693edc2b10b056d2dd7dc1dfecb33395d94110f40cf297a,92,0,92,555.258,73.418,4,1345657197,709319160,636338037,1279489454,643,95ab229aad631d13ffd5b08cbb36506b1a9660794f2011ed6d9c927f18a9fa4d,229,79167,CERTIFIED_SLICE
h1-small-reuse24,qwen2.5-0.5b-instruct-fp16-v2,slice-versus-full-cache-v1,record-reuse,24,940129,confirmation,MEASUREMENT,attempt-e6b2a2da5032458ab5d5bc5c381b73b6,candidate,1,1,r001,e2bbcf7fdcde8b11629d90c05f4882448617accadbe671b62961f35e85473931,0,1,False,True,SUCCEEDED,True,CQERS,CQERS,"[34, 48, 4321, 151645]",b65813010a1e2485eb89e356858f0efa1ca2b003850ce7b54fa7ebc7da0b8c96,92,70,22,153.897,73.147,4,1972940255,1738631174,234309081,1912112122,643,15b407d07db478933af53f9fba2f42db625139de79f5b1c376a3202e0d5c641f,229,35185,CERTIFIED_SLICE
h1-small-reuse24,qwen2.5-0.5b-instruct-fp16-v2,slice-versus-full-cache-v1,record-reuse,24,940129,confirmation,MEASUREMENT,attempt-e6b2a2da5032458ab5d5bc5c381b73b6,candidate,1,1,r002,e2bbcf7fdcde8b11629d90c05f4882448617accadbe671b62961f35e85473931,0,2,False,True,SUCCEEDED,False,CZDGI,CIXVR,"[34, 5396, 18800, 151645]",cdcbdc5dccac41601318b06076be70550969281c62d65e0fff8f053f6fcabf57,92,71,21,148.62,73.65,4,2207419473,1977684538,229734935,2151296139,643,ed491892ecd440055f89d77b4d3bd2dcfa08bcfad66c5538aaaedf97394b42ef,229,38441,CERTIFIED_SLICE
h1-small-reuse24,qwen2.5-0.5b-instruct-fp16-v2,slice-versus-full-cache-v1,record-reuse,24,940129,confirmation,MEASUREMENT,attempt-e6b2a2da5032458ab5d5bc5c381b73b6,candidate,1,1,r003,e2bbcf7fdcde8b11629d90c05f4882448617accadbe671b62961f35e85473931,0,3,False,True,SUCCEEDED,True,COJDO,COJDO,"[8281, 41, 5865, 151645]",9b2b4a0d361932d75a27ba9f5854d632b598710136068ed221c2496c3d414076,92,71,21,148.146,73.749,4,2990337103,2761024223,229312880,2934321108,643,3c26b8fb55d8e5d6e7e41576a3addc7c2a7ac0ec79abdea8de87d3da749badd4,229,34735,CERTIFIED_SLICE
h1-small-reuse24,qwen2.5-0.5b-instruct-fp16-v2,slice-versus-full-cache-v1,record-reuse,24,940129,confirmation,MEASUREMENT,attempt-e6b2a2da5032458ab5d5bc5c381b73b6,candidate,1,1,r004,e2bbcf7fdcde8b11629d90c05f4882448617accadbe671b62961f35e85473931,0,4,False,True,SUCCEEDED,False,CYEYZ,CZEYZ,"[34, 52867, 40209, 151645]",1f0b6692a61bb106850c5579716219bc0b98b72db6cefaf4fe2c68a4053c680e,94,70,24,165.244,73.457,4,3240973426,2994674719,246298707,3185955647,643,197d603cadaf4bdf250c519cd2f35de45c2c1f0ac294125859e75f83511ede75,229,34945,CERTIFIED_SLICE
h1-small-reuse24,qwen2.5-0.5b-instruct-fp16-v2,slice-versus-full-cache-v1,record-reuse,24,940129,confirmation,MEASUREMENT,attempt-e6b2a2da5032458ab5d5bc5c381b73b6,candidate,1,1,r005,e2bbcf7fdcde8b11629d90c05f4882448617accadbe671b62961f35e85473931,0,5,False,True,SUCCEEDED,True,CDPLE,CDPLE,"[6484, 9515, 151645]",1c70cf94edfbdf51f0629415c7f7dde44910ab79263c5ced0e62b9513f3691dc,93,70,23,158.5,49.008,3,3982401263,3766157315,216243948,3950319145,643,20133fe664ed5f322f48fa97a94a4c56d59dfc9f593da3c66329a681617614f3,229,33302,CERTIFIED_SLICE
h1-small-reuse24,qwen2.5-0.5b-instruct-fp16-v2,slice-versus-full-cache-v1,record-reuse,24,940129,confirmation,MEASUREMENT,attempt-e6b2a2da5032458ab5d5bc5c381b73b6,candidate,1,1,r006,e2bbcf7fdcde8b11629d90c05f4882448617accadbe671b62961f35e85473931,0,6,False,True,SUCCEEDED,False,CZSRO,CZEK,"[34, 52867, 42, 151645]",3758e17886955e5197d8c129a7cc4c06193b8022916b59a0d3e51228b706e686,92,70,22,154.215,73.472,4,4225333339,3990181020,235152319,4170416689,643,6e8616009c1ea00489e114b1db743596dbf3181c0d99a3599796be32ef0801cd,229,32691,CERTIFIED_SLICE
h1-small-reuse24,qwen2.5-0.5b-instruct-fp16-v2,slice-versus-full-cache-v1,record-reuse,24,940129,confirmation,MEASUREMENT,attempt-e6b2a2da5032458ab5d5bc5c381b73b6,candidate,1,1,r007,e2bbcf7fdcde8b11629d90c05f4882448617accadbe671b62961f35e85473931,0,7,False,True,SUCCEEDED,False,CGCND,CJPJR,"[34, 27188, 84692, 151645]",d7c1a3923a213c5b0ff9b576e521f95dd3ec85183c62696860fd1821cf781a99,92,70,22,154.45,73.326,4,5018890404,4783828092,235062312,4963320489,643,091b9f3bad44fffe877757da1b98ba32d8c64d4882bfb1c07cbf20d2ba9d188c,229,33562,CERTIFIED_SLICE
h1-small-reuse24,qwen2.5-0.5b-instruct-fp16-v2,slice-versus-full-cache-v1,record-reuse,24,940129,confirmation,MEASUREMENT,attempt-e6b2a2da5032458ab5d5bc5c381b73b6,candidate,1,1,r008,5a1ee5278b6015963dfae3285b51acf7892b79a0d9029eedd2291b9ef4f8aa2d,1,0,True,True,SUCCEEDED,True,CSKBE,CSKBE,"[6412, 42, 11594, 151645]",cca5716efdfb51f000be5f1602a22c849b03982fffac982a10137117d04b9673,92,70,22,154.321,73.544,4,5257965288,5022957126,235008162,5202255312,643,2b1ffad0f3a92f5df01835e964e8cecca4359dde5d9dbd0dc4d500583c9617f3,229,36097,CERTIFIED_SLICE
h1-small-reuse24,qwen2.5-0.5b-instruct-fp16-v2,slice-versus-full-cache-v1,record-reuse,24,940129,confirmation,MEASUREMENT,attempt-e6b2a2da5032458ab5d5bc5c381b73b6,candidate,1,1,r009,5a1ee5278b6015963dfae3285b51acf7892b79a0d9029eedd2291b9ef4f8aa2d,1,1,False,True,SUCCEEDED,False,CRHWH,CXCOW,"[34, 37946, 3307, 151645]",9a52c8e37dfa7a9f3aefe01a502e0851f2d2426d7d597871a0ae5e5334e94550,92,70,22,153.753,73.322,4,6010391276,5776142858,234248418,5955326050,643,09b956c9107b42490ec184110d5d565a3cc45e30b76b2531efdb1d5d8a2c2b03,229,40255,CERTIFIED_SLICE
h1-small-reuse24,qwen2.5-0.5b-instruct-fp16-v2,slice-versus-full-cache-v1,record-reuse,24,940129,confirmation,MEASUREMENT,attempt-e6b2a2da5032458ab5d5bc5c381b73b6,candidate,1,1,r010,5a1ee5278b6015963dfae3285b51acf7892b79a0d9029eedd2291b9ef4f8aa2d,1,2,False,True,SUCCEEDED,True,COMCC,COMCC,"[8696, 3706, 151645]",c1e6c2fb0be323ff4c1f8fb80e58060298307b3bbb893d27edf8e028150aba3c,91,70,21,148.746,49.292,3,6220851089,6015319641,205531448,6189285350,643,3186075e6e03bc1287aa92d1cdca4c70c44dc6444c4015fa42e726c67e8d3b5c,229,37089,CERTIFIED_SLICE
h1-small-reuse24,qwen2.5-0.5b-instruct-fp16-v2,slice-versus-full-cache-v1,record-reuse,24,940129,confirmation,MEASUREMENT,attempt-e6b2a2da5032458ab5d5bc5c381b73b6,candidate,1,1,r011,5a1ee5278b6015963dfae3285b51acf7892b79a0d9029eedd2291b9ef4f8aa2d,1,3,False,True,SUCCEEDED,True,COXXI,COXXI,"[8281, 6148, 40, 151645]",e43a87397e96d9628867b3b97e851276372ab580670ed488efa92c58fe72fceb,92,70,22,153.838,74.93,4,7017941704,6781494537,236447167,6955436362,643,22c3f85971c08a15fa1121e8bb49491b93272d151ee9ebafbdd1efd0af9fa376,229,41697,CERTIFIED_SLICE
h1-small-reuse24,qwen2.5-0.5b-instruct-fp16-v2,slice-versus-full-cache-v1,record-reuse,24,940129,confirmation,MEASUREMENT,attempt-e6b2a2da5032458ab5d5bc5c381b73b6,candidate,1,1,r012,5a1ee5278b6015963dfae3285b51acf7892b79a0d9029eedd2291b9ef4f8aa2d,1,4,False,True,SUCCEEDED,True,CKAEX,CKAEX,"[34, 26444, 3257, 151645]",0b1fd9371aa84f6becb57c6e13fe695b204c30fe82c3742b68ad536a6b24aadf,92,70,22,154.038,73.214,4,7260380112,7025797212,234582900,7195326672,643,3f4f75f2eb8e4b1cef4e393ef2a751fa41762153fb714969936cad020c879860,229,38131,CERTIFIED_SLICE
h1-small-reuse24,qwen2.5-0.5b-instruct-fp16-v2,slice-versus-full-cache-v1,record-reuse,24,940129,confirmation,MEASUREMENT,attempt-e6b2a2da5032458ab5d5bc5c381b73b6,candidate,1,1,r013,5a1ee5278b6015963dfae3285b51acf7892b79a0d9029eedd2291b9ef4f8aa2d,1,5,False,True,SUCCEEDED,True,CDLRR,CDLRR,"[6484, 43, 8106, 151645]",a681be5e44dc9548e563c6732f32ec733acd3cf76ebf5467c214033a67ca7ae7,92,70,22,153.869,73.251,4,8022905813,7788342849,234562964,7965291415,643,42e04a6014f00e7ff5251140474e0c1f5b6884ff68071b045dd7f6ca55dd8c4c,229,35125,CERTIFIED_SLICE
h1-small-reuse24,qwen2.5-0.5b-instruct-fp16-v2,slice-versus-full-cache-v1,record-reuse,24,940129,confirmation,MEASUREMENT,attempt-e6b2a2da5032458ab5d5bc5c381b73b6,candidate,1,1,r014,5a1ee5278b6015963dfae3285b51acf7892b79a0d9029eedd2291b9ef4f8aa2d,1,6,False,True,SUCCEEDED,True,CTHDY,CTHDY,"[34, 3617, 69916, 151645]",1d9bb3c217343c99227e5bc3a8306ff30f11ff6e126f2beff142a0794be23567,92,70,22,153.775,79.316,4,8267420682,8027141128,240279554,8206321815,643,b602eb49cf0800c05f3bc3a217b0b27e62ba28b02ef103ed55d21dea013546b4,229,35135,CERTIFIED_SLICE
h1-small-reuse24,qwen2.5-0.5b-instruct-fp16-v2,slice-versus-full-cache-v1,record-reuse,24,940129,confirmation,MEASUREMENT,attempt-e6b2a2da5032458ab5d5bc5c381b73b6,candidate,1,1,r015,5a1ee5278b6015963dfae3285b51acf7892b79a0d9029eedd2291b9ef4f8aa2d,1,7,False,True,SUCCEEDED,True,CRUIG,CRUIG,"[8973, 52, 1914, 151645]",0458f32ac2a6cc47ffaf1194bdc599f1e2775a6abd29c461c2f20eebcdd4dec5,92,70,22,153.909,73.03,4,9016775510,8782486366,234289144,8951099552,643,ea1e0ecd3e15ff747b6020b0ab143ed8a370ef3af7b66dd74788c6530a908d23,229,33793,CERTIFIED_SLICE
h1-small-reuse24,qwen2.5-0.5b-instruct-fp16-v2,slice-versus-full-cache-v1,record-reuse,24,940129,confirmation,MEASUREMENT,attempt-e6b2a2da5032458ab5d5bc5c381b73b6,candidate,1,1,r016,4b2234251b56f044b6c9d6572412a4f70ddf4d9d40746b2f7ff5b754c458c9a3,2,0,True,True,SUCCEEDED,False,CXNOB,CNJTN,"[28668, 41, 29171, 151645]",ff06a3ccb605ceb08470fb8cb475cedd7971c37932ba4d4b3bbfe75c3bfea09f,92,70,22,154.625,78.523,4,9262030025,9021729062,240300963,9201267213,643,d0961bc853dff1fa34a81a1b7dce92c2ef2fdc4fe933b0b3bc5e66b0717d078a,229,36157,CERTIFIED_SLICE
h1-small-reuse24,qwen2.5-0.5b-instruct-fp16-v2,slice-versus-full-cache-v1,record-reuse,24,940129,confirmation,MEASUREMENT,attempt-e6b2a2da5032458ab5d5bc5c381b73b6,candidate,1,1,r017,4b2234251b56f044b6c9d6572412a4f70ddf4d9d40746b2f7ff5b754c458c9a3,2,1,False,True,SUCCEEDED,False,CYYZH,CNGTX,"[34, 6140, 22867, 151645]",37d270e2c4c660fcb686cecaf65121d488417ddbd5e68025dfac9c93fe453126,92,70,22,153.712,73.559,4,10027607360,9792880412,234726948,9966312659,643,51a699edf6f3e52da6762bddd413c80e8841ea9bff21d777d89d7b578a193ee3,229,38151,CERTIFIED_SLICE
h1-small-reuse24,qwen2.5-0.5b-instruct-fp16-v2,slice-versus-full-cache-v1,record-reuse,24,940129,confirmation,MEASUREMENT,attempt-e6b2a2da5032458ab5d5bc5c381b73b6,candidate,1,1,r018,4b2234251b56f044b6c9d6572412a4f70ddf4d9d40746b2f7ff5b754c458c9a3,2,2,False,True,SUCCEEDED,True,CQSRC,CQSRC,"[34, 48, 56017, 151645]",3f09e191dfc9b67bfad0cf38dc58c2f6ff909259f1f459572c88a16a1e776b15,92,70,22,154.274,73.403,4,10270995424,10035884411,235111013,10213450085,643,4457ae32617d66fa92e6637fe5afaedcaf327786f984bf3d3fda8013baea4e24,229,36748,CERTIFIED_SLICE
h1-small-reuse24,qwen2.5-0.5b-instruct-fp16-v2,slice-versus-full-cache-v1,record-reuse,24,940129,confirmation,MEASUREMENT,attempt-e6b2a2da5032458ab5d5bc5c381b73b6,candidate,1,1,r019,4b2234251b56f044b6c9d6572412a4f70ddf4d9d40746b2f7ff5b754c458c9a3,2,3,False,True,SUCCEEDED,True,COTKX,COTKX,"[34, 1793, 42, 55, 151645]",08f67140e32833084886c6fb9760432595b37f3b4e41908e59468693d856d90d,93,70,23,158.248,97.512,5,11056256071,10792955488,263300583,10966101623,643,9eea2154396bc87a7f32f0950b3258e976886610a9bfc9605bf7323efc6471ce,229,34504,CERTIFIED_SLICE
h1-small-reuse24,qwen2.5-0.5b-instruct-fp16-v2,slice-versus-full-cache-v1,record-reuse,24,940129,confirmation,MEASUREMENT,attempt-e6b2a2da5032458ab5d5bc5c381b73b6,candidate,1,1,r020,4b2234251b56f044b6c9d6572412a4f70ddf4d9d40746b2f7ff5b754c458c9a3,2,4,False,True,SUCCEEDED,True,COOPA,COOPA,"[8281, 3067, 32, 151645]",5c3e8ecb1bcdac16fec58bbc745d31e4e84e0251b6c6b219e1175e47dc5a5ea1,92,70,22,153.599,73.339,4,12022244161,11787909342,234334819,11966344031,643,45535628379364b71ad0ce2811ef66b1e2dd4a60108907e11f5e5c3aec0c4f8c,229,34484,CERTIFIED_SLICE
h1-small-reuse24,qwen2.5-0.5b-instruct-fp16-v2,slice-versus-full-cache-v1,record-reuse,24,940129,confirmation,MEASUREMENT,attempt-e6b2a2da5032458ab5d5bc5c381b73b6,candidate,1,1,r021,4b2234251b56f044b6c9d6572412a4f70ddf4d9d40746b2f7ff5b754c458c9a3,2,5,False,True,SUCCEEDED,False,CEKQD,CVGYV,"[19589, 41470, 53, 151645]",dba0d74d422dcd8e84bffb62af99728a19105926d6f66136f62e889bc7afd97b,93,70,23,158.793,73.319,4,12266538671,12027084893,239453778,12205334688,643,ba3ae339bdcee0d39ce3a8b6747212f9a14e48877b46b4de70a7bcdd751a3580,229,34615,CERTIFIED_SLICE
h1-small-reuse24,qwen2.5-0.5b-instruct-fp16-v2,slice-versus-full-cache-v1,record-reuse,24,940129,confirmation,MEASUREMENT,attempt-e6b2a2da5032458ab5d5bc5c381b73b6,candidate,1,1,r022,4b2234251b56f044b6c9d6572412a4f70ddf4d9d40746b2f7ff5b754c458c9a3,2,6,False,True,SUCCEEDED,True,CDXSN,CDXSN,"[6484, 55, 18966, 151645]",16010ad25649b7c93b6032d0d29409be874bd54ee67a4303835bcc9c02e7998e,92,70,22,153.637,73.197,4,13024584821,12790309903,234274918,12969383711,643,c64068d11d7a34d1cf0e7a74858833dbc27809a3c39689de931231e2ed7555d8,229,33572,CERTIFIED_SLICE
h1-small-reuse24,qwen2.5-0.5b-instruct-fp16-v2,slice-versus-full-cache-v1,record-reuse,24,940129,confirmation,MEASUREMENT,attempt-e6b2a2da5032458ab5d5bc5c381b73b6,candidate,1,1,r023,4b2234251b56f044b6c9d6572412a4f70ddf4d9d40746b2f7ff5b754c458c9a3,2,7,False,True,SUCCEEDED,False,CMDLC,VALUE CYVTM,"[23832, 29569, 20457, 44, 151645]",94eef2bb48cff4dadcc40b33c6b6119ca33b1333db533625b4a78da165d8005e,91,70,21,148.527,98.038,5,13283516018,13029615015,253901003,13203382004,643,a489f82a51600d64d2b7ff17640354f1832f1d3d2b2ac07706e9c438561d358e,229,33413,CERTIFIED_SLICE
h1-small-reuse24,qwen2.5-0.5b-instruct-fp16-v2,slice-versus-full-cache-v1,record-reuse,24,940129,confirmation,MEASUREMENT,attempt-e6b2a2da5032458ab5d5bc5c381b73b6,candidate,1,1,r024,de7452659b7303feb075caac1c0e06e99c3f8c11f8563dcadf86a93adf7e608d,3,0,True,True,SUCCEEDED,False,CIBOO,CBUMK,"[12979, 2794, 42, 151645]",64fb5f871e6fd7d77dbbed1faef19bdc3ef30a0e4dfee19fb8b3c811a8a81b7c,92,70,22,153.94,73.345,4,14036247125,13801732291,234514834,13981115314,643,804e4c5ca88794f28a136f9f98ff59af099696e3012b620728a7d8e9ad832d74,229,33923,CERTIFIED_SLICE
h1-small-reuse24,qwen2.5-0.5b-instruct-fp16-v2,slice-versus-full-cache-v1,record-reuse,24,940129,confirmation,MEASUREMENT,attempt-e6b2a2da5032458ab5d5bc5c381b73b6,candidate,1,1,r025,de7452659b7303feb075caac1c0e06e99c3f8c11f8563dcadf86a93adf7e608d,3,1,False,True,SUCCEEDED,False,CEJHB,CGBGK,"[34, 5381, 38, 42, 151645]",2c7a163c1fe65d5bb3660ce8d914df4f6d27ba29f8dbd8775846551c963d561b,94,70,24,166.058,97.942,5,14311838553,14040857167,270981386,14232276282,643,24a79ce864966f9cfa3f676e9be79629db9d76ed4b509a3aa7a4ef7ecb1436f4,229,36167,CERTIFIED_SLICE
h1-small-reuse24,qwen2.5-0.5b-instruct-fp16-v2,slice-versus-full-cache-v1,record-reuse,24,940129,confirmation,MEASUREMENT,attempt-e6b2a2da5032458ab5d5bc5c381b73b6,candidate,1,1,r026,de7452659b7303feb075caac1c0e06e99c3f8c11f8563dcadf86a93adf7e608d,3,2,False,True,SUCCEEDED,True,CPZQF,CPZQF,"[7123, 57, 48, 37, 151645]",3990bca70d7b76ada27993ac4ebe6c000eea14b2eba751c994cc73b82205656a,93,70,23,158.643,97.768,5,15049483255,14785894236,263589019,14969129523,643,cc6677c3cd0935929b5a229e3ed0d8b246a6f445f4d718204f5eb55ed04faff3,229,36417,CERTIFIED_SLICE
h1-small-reuse24,qwen2.5-0.5b-instruct-fp16-v2,slice-versus-full-cache-v1,record-reuse,24,940129,confirmation,MEASUREMENT,attempt-e6b2a2da5032458ab5d5bc5c381b73b6,candidate,1,1,r027,de7452659b7303feb075caac1c0e06e99c3f8c11f8563dcadf86a93adf7e608d,3,3,False,True,SUCCEEDED,True,COCQP,COCQP,"[8281, 34, 66520, 151645]",39cc251ed7337986d3a0ca3b05c30b711edb42e392a3d2dd543b11435fb6ddce,90,70,20,145.108,76.121,4,15995997252,15767535034,228462218,15938353039,643,53f7be0dba6bb218ee3cbb2282076e9756161be889d3e9f19ae169c39f8734dd,229,35326,CERTIFIED_SLICE
h1-small-reuse24,qwen2.5-0.5b-instruct-fp16-v2,slice-versus-full-cache-v1,record-reuse,24,940129,confirmation,MEASUREMENT,attempt-e6b2a2da5032458ab5d5bc5c381b73b6,candidate,1,1,r028,de7452659b7303feb075caac1c0e06e99c3f8c11f8563dcadf86a93adf7e608d,3,4,False,True,SUCCEEDED,True,CITVX,CITVX,"[34, 952, 53, 55, 151645]",b9a53f017c95851cb716f64530647c0560b1313bb636946546d14fb51ef2b438,92,70,22,155.667,102.446,5,16268323639,16002943609,265380030,16184427729,643,6b9192f273f25831c1d907f0e76697325b72015848a75d2a12ace7e4911d8850,229,33432,CERTIFIED_SLICE
h1-small-reuse24,qwen2.5-0.5b-instruct-fp16-v2,slice-versus-full-cache-v1,record-reuse,24,940129,confirmation,MEASUREMENT,attempt-e6b2a2da5032458ab5d5bc5c381b73b6,candidate,1,1,r029,de7452659b7303feb075caac1c0e06e99c3f8c11f8563dcadf86a93adf7e608d,3,5,False,True,SUCCEEDED,False,CXRXD,CQVUR,"[34, 48, 53, 1511, 151645]",ca99e03035d09916e4ce9ac3e312b999604b9497916cc8ce43b303c402851482,94,70,24,164.947,98.025,5,17092686338,16822309828,270376510,17012333277,643,74ab8604ee2c126df4ca0887606b73d37908232a000de16eef3aaa51c4931f88,229,33141,CERTIFIED_SLICE
h1-small-reuse24,qwen2.5-0.5b-instruct-fp16-v2,slice-versus-full-cache-v1,record-reuse,24,940129,confirmation,MEASUREMENT,attempt-e6b2a2da5032458ab5d5bc5c381b73b6,candidate,1,1,r030,de7452659b7303feb075caac1c0e06e99c3f8c11f8563dcadf86a93adf7e608d,3,6,False,True,SUCCEEDED,False,CZLKP,CFYZR,"[9650, 40209, 49, 151645]",90a76d4ec33000a220734fc8bfe0f492a985fec4098d8885f41d9b94ab43bb46,92,70,22,153.605,73.521,4,18037762942,17803447299,234315643,17982288234,643,4722e7aec06b204b2d7585809368a508746b4db559c5242297ee1eede5d223d9,229,33132,CERTIFIED_SLICE
h1-small-reuse24,qwen2.5-0.5b-instruct-fp16-v2,slice-versus-full-cache-v1,record-reuse,24,940129,confirmation,MEASUREMENT,attempt-e6b2a2da5032458ab5d5bc5c381b73b6,candidate,1,1,r031,de7452659b7303feb075caac1c0e06e99c3f8c11f8563dcadf86a93adf7e608d,3,7,False,True,SUCCEEDED,False,COLQZ,CSDHJ,"[34, 5491, 39, 41, 151645]",c598354e7be0f80c079b4a22b71244db7b699bf0e4b3065d171883c9353d1080,94,70,24,165.455,98.207,5,18313775233,18042755366,271019867,18225730008,643,bfe36c31897268a400384f46c9adacac65123f5a0d1e55b76c6f11bbedc3aa3d,229,32811,CERTIFIED_SLICE
h1-small-reuse24,qwen2.5-0.5b-instruct-fp16-v2,slice-versus-full-cache-v1,record-reuse,24,940129,confirmation,MEASUREMENT,attempt-e6b2a2da5032458ab5d5bc5c381b73b6,candidate,1,1,r032,465aba40aeff43f68e362d37f102e2178ab71d65fb90a666b41011b524868280,4,0,True,True,SUCCEEDED,False,CEGNJ,CDMVP,"[34, 8395, 13378, 151645]",56bbe1015764fb9d4734d4a9a578743083354a8eac4d993d604a583014b967f1,92,71,21,148.029,73.348,4,19041589786,18812922526,228667260,18986326901,643,e6542de337d508444f85db84ef32a290dc82821041414315c4ab128dfe08a3d5,229,32721,CERTIFIED_SLICE
h1-small-reuse24,qwen2.5-0.5b-instruct-fp16-v2,slice-versus-full-cache-v1,record-reuse,24,940129,confirmation,MEASUREMENT,attempt-e6b2a2da5032458ab5d5bc5c381b73b6,candidate,1,1,r033,465aba40aeff43f68e362d37f102e2178ab71d65fb90a666b41011b524868280,4,1,False,True,SUCCEEDED,True,CHIHK,CHIHK,"[2149, 40, 57447, 151645]",3d0f44458702aa62f2d7f7b9934a350c79e2ef81cffd8e79036ff586206bac38,92,71,21,148.538,73.945,4,19276250160,19046580106,229670054,19220388723,643,cff41e028ffd7f3b1f0e85e6c65b9fcc0c70b06064b6af45ffce1cd2e69907ba,229,34584,CERTIFIED_SLICE
h1-small-reuse24,qwen2.5-0.5b-instruct-fp16-v2,slice-versus-full-cache-v1,record-reuse,24,940129,confirmation,MEASUREMENT,attempt-e6b2a2da5032458ab5d5bc5c381b73b6,candidate,1,1,r034,465aba40aeff43f68e362d37f102e2178ab71d65fb90a666b41011b524868280,4,2,False,True,SUCCEEDED,False,CWXJI,CSZYP,"[6412, 57, 9954, 151645]",9ef0c910a174e3c7ceadce0fd34e0d07b81ebac1a4061f4eefb52fa30665d855,92,70,22,153.882,73.14,4,20050051658,19815734642,234317016,19985177251,643,9784194228e61c195592952e8fe07937929742e7798d3c1fe951618f744d24f4,229,33803,CERTIFIED_SLICE
h1-small-reuse24,qwen2.5-0.5b-instruct-fp16-v2,slice-versus-full-cache-v1,record-reuse,24,940129,confirmation,MEASUREMENT,attempt-e6b2a2da5032458ab5d5bc5c381b73b6,candidate,1,1,r035,465aba40aeff43f68e362d37f102e2178ab71d65fb90a666b41011b524868280,4,3,False,True,SUCCEEDED,False,CRQHV,CQHV,"[34, 48, 78196, 151645]",6ec214b68287d799fd00475fb3d7b86a1cc84342769aee84d3f3fc7e3e0dbc10,92,70,22,154.338,73.597,4,20297305040,20058595276,238709764,20239928285,643,53cc5ebae51cf49a7c677be9611b18fdc16030f9c0b864421b58d15681cf7c12,229,33212,CERTIFIED_SLICE
h1-small-reuse24,qwen2.5-0.5b-instruct-fp16-v2,slice-versus-full-cache-v1,record-reuse,24,940129,confirmation,MEASUREMENT,attempt-e6b2a2da5032458ab5d5bc5c381b73b6,candidate,1,1,r036,465aba40aeff43f68e362d37f102e2178ab71d65fb90a666b41011b524868280,4,4,False,True,SUCCEEDED,False,CBRTA,CCYMH,"[3706, 56, 48202, 151645]",79b3013d0bdd7667a6c6aa76cd259feedd0714a3840f2cf4d68e11d7ba6aa215,92,70,22,153.732,73.361,4,21045987287,20811594250,234393037,20990297319,643,9e770932713a2e8407aeea1d5a460f34c785f3c0dd934af19c9f3f42c482f26d,229,32902,CERTIFIED_SLICE
h1-small-reuse24,qwen2.5-0.5b-instruct-fp16-v2,slice-versus-full-cache-v1,record-reuse,24,940129,confirmation,MEASUREMENT,attempt-e6b2a2da5032458ab5d5bc5c381b73b6,candidate,1,1,r037,465aba40aeff43f68e362d37f102e2178ab71d65fb90a666b41011b524868280,4,5,False,True,SUCCEEDED,False,CULJS,CVLOY,"[19589, 35666, 151645]",1c3524ad4b73dd27b875532c9394bb9abd737ba5ce60ceadfca17e232b32756e,90,70,20,143.517,49.187,3,21250418429,21050617488,199800941,21219195669,643,f311a85ffa5636e4a0ce0ac1292379cfd1b996798d0e24cdabd5abb8019acfa7,229,33622,CERTIFIED_SLICE
h1-small-reuse24,qwen2.5-0.5b-instruct-fp16-v2,slice-versus-full-cache-v1,record-reuse,24,940129,confirmation,MEASUREMENT,attempt-e6b2a2da5032458ab5d5bc5c381b73b6,candidate,1,1,r038,465aba40aeff43f68e362d37f102e2178ab71d65fb90a666b41011b524868280,4,6,False,True,SUCCEEDED,False,CDEGZ,CMFWR,"[9985, 37, 17925, 151645]",8442d01f485b7c26423c12a6ba00a28715e56080164e8b9554745797d6cc9d7e,93,70,23,158.56,73.392,4,22055394328,21816331597,239062731,22000162060,643,8729e96251c2c78c47790705f77db40e5ac37650558f40ef4abafafc54c45e07,229,34484,CERTIFIED_SLICE
h1-small-reuse24,qwen2.5-0.5b-instruct-fp16-v2,slice-versus-full-cache-v1,record-reuse,24,940129,confirmation,MEASUREMENT,attempt-e6b2a2da5032458ab5d5bc5c381b73b6,candidate,1,1,r039,465aba40aeff43f68e362d37f102e2178ab71d65fb90a666b41011b524868280,4,7,False,True,SUCCEEDED,False,CDVDM,VALUE CJKTH,"[23832, 356, 34070, 3617, 151645]",37592fe3651543d94183a436ef06ec6508efb645759b94c67db50e7cd9175dfd,92,70,22,155.01,98.443,5,22320910791,22060458194,260452597,22240224821,643,4573e23525359a140f1fd3e86755d7e2bc5f7ae6466e0fc9bb953e1c78d19980,229,34434,CERTIFIED_SLICE
h1-small-reuse24,qwen2.5-0.5b-instruct-fp16-v2,slice-versus-full-cache-v1,record-reuse,24,940129,confirmation,MEASUREMENT,attempt-e6b2a2da5032458ab5d5bc5c381b73b6,candidate,1,1,r040,ce6da994793097e8265f857fad5e4e835b9ff468e4bbf067e735e140b309694e,5,0,True,True,SUCCEEDED,True,CMHPA,CMHPA,"[9985, 6610, 32, 151645]",7db6acc5390b5f44f5422873dc76097f099b5296f491e22cd390d5273f5ab332,90,70,20,142.846,73.26,4,23049011836,22825692010,223319826,22994240476,643,2f61e4d2cc043827a92071488a37547279a32a5439f0c6d45f985c110eb6a0da,229,35766,CERTIFIED_SLICE
h1-small-reuse24,qwen2.5-0.5b-instruct-fp16-v2,slice-versus-full-cache-v1,record-reuse,24,940129,confirmation,MEASUREMENT,attempt-e6b2a2da5032458ab5d5bc5c381b73b6,candidate,1,1,r041,ce6da994793097e8265f857fad5e4e835b9ff468e4bbf067e735e140b309694e,5,1,False,True,SUCCEEDED,True,CYWXU,CYWXU,"[34525, 65376, 52, 151645]",3079cd9b63eadf5e8672659896f89d83474b86ae0a2c455e7935c48b624b44eb,92,70,22,154.279,73.402,4,23289136792,23054391951,234744841,23234335196,643,a5029ad07815708fc1499c63bea6d636ab16e870fe1473296740630041efc10d,229,34184,CERTIFIED_SLICE
h1-small-reuse24,qwen2.5-0.5b-instruct-fp16-v2,slice-versus-full-cache-v1,record-reuse,24,940129,confirmation,MEASUREMENT,attempt-e6b2a2da5032458ab5d5bc5c381b73b6,candidate,1,1,r042,ce6da994793097e8265f857fad5e4e835b9ff468e4bbf067e735e140b309694e,5,2,False,True,SUCCEEDED,True,CRAHS,CRAHS,"[34, 5609, 11961, 151645]",d3dafc31911dae06933f597b974ff80951829dc5ea11f17b223485bb03d3c760,89,70,19,135.302,73.315,4,24036423374,23820283771,216139603,23982906627,643,7e44b067a1f2cc57694e7d9b1d10690ea825c0f6f0f512bce39cce754ac44b90,229,34805,CERTIFIED_SLICE
h1-small-reuse24,qwen2.5-0.5b-instruct-fp16-v2,slice-versus-full-cache-v1,record-reuse,24,940129,confirmation,MEASUREMENT,attempt-e6b2a2da5032458ab5d5bc5c381b73b6,candidate,1,1,r043,ce6da994793097e8265f857fad5e4e835b9ff468e4bbf067e735e140b309694e,5,3,False,True,SUCCEEDED,False,CHJDO,CLNJV,"[3140, 45, 77891, 151645]",9ac9b550b37d965326ba1eb1a95aadba64f2eab90baaf16d284c2b23bdab41b7,92,70,22,154.233,73.288,4,24278558779,24043825670,234733109,24213117528,643,6b432f28966f7d1e0e2277d4f120ffa0eacaaab3453edd5013ff3bd7f2a12728,229,33923,CERTIFIED_SLICE
h1-small-reuse24,qwen2.5-0.5b-instruct-fp16-v2,slice-versus-full-cache-v1,record-reuse,24,940129,confirmation,MEASUREMENT,attempt-e6b2a2da5032458ab5d5bc5c381b73b6,candidate,1,1,r044,ce6da994793097e8265f857fad5e4e835b9ff468e4bbf067e735e140b309694e,5,4,False,True,SUCCEEDED,False,CSRBI,CIJUY,"[11237, 41, 31301, 151645]",090c4c1bbd6c9ab62f47dc8458847333666db774b03074a1e6bc40da7773f3e3,91,70,21,147.94,74.284,4,25072996231,24843556184,229440047,25012264737,643,5e1df64bd03c81bb66609589f95976569aaf3e87ec678d4d546fbbe5ad52bb31,229,33863,CERTIFIED_SLICE
h1-small-reuse24,qwen2.5-0.5b-instruct-fp16-v2,slice-versus-full-cache-v1,record-reuse,24,940129,confirmation,MEASUREMENT,attempt-e6b2a2da5032458ab5d5bc5c381b73b6,candidate,1,1,r045,ce6da994793097e8265f857fad5e4e835b9ff468e4bbf067e735e140b309694e,5,5,False,True,SUCCEEDED,False,CWUXI,CHFKC,"[2149, 26998, 34, 151645]",eb678e4e1d3f6c043c21346f1f68e3a0b5a627fddcee920681205cee8dbd44c6,92,70,22,155.719,81.332,4,25323816396,25078264628,245551768,25252294547,643,4547d7de1ebf1002599935e192dbf6be72b61a26ccded471b04fcdc73e1662d6,229,33352,CERTIFIED_SLICE
h1-small-reuse24,qwen2.5-0.5b-instruct-fp16-v2,slice-versus-full-cache-v1,record-reuse,24,940129,confirmation,MEASUREMENT,attempt-e6b2a2da5032458ab5d5bc5c381b73b6,candidate,1,1,r046,ce6da994793097e8265f857fad5e4e835b9ff468e4bbf067e735e140b309694e,5,6,False,True,SUCCEEDED,True,CZZMK,CZZMK,"[34, 33536, 44140, 151645]",611d7afc5fe854aed313c7c5614803253a42da26246d0f68c8c91acada774a31,92,70,22,154.229,75.797,4,26085590137,25848356217,237233920,26026279676,643,251713514f46617cd01fd3fc41ddbcdcff311b143d4dd49505863c884165e9b8,229,32981,CERTIFIED_SLICE
h1-small-reuse24,qwen2.5-0.5b-instruct-fp16-v2,slice-versus-full-cache-v1,record-reuse,24,940129,confirmation,MEASUREMENT,attempt-e6b2a2da5032458ab5d5bc5c381b73b6,candidate,1,1,r047,ce6da994793097e8265f857fad5e4e835b9ff468e4bbf067e735e140b309694e,5,7,False,True,SUCCEEDED,True,CBARL,CBARL,"[12979, 934, 43, 151645]",b958c265f8c267768471667ed8f93ab037fc7f746faa00b560ea173c17c1e37f,92,70,22,153.811,73.27,4,27072939670,26838129978,234809692,27025396601,643,f4d9f141155f66bc5e231de48f8e89a5bf73992ccd3c616d46770733b6bf217f,229,32661,CERTIFIED_SLICE
h1-small-reuse24,qwen2.5-0.5b-instruct-fp16-v2,slice-versus-full-cache-v1,record-reuse,24,940129,confirmation,MEASUREMENT,attempt-e6b2a2da5032458ab5d5bc5c381b73b6,candidate,1,1,r048,31c273a31cd186f5a8a683fcd5738d3b6ca032eb15fcf924351121440bf92fa2,6,0,True,True,SUCCEEDED,True,CFPEJ,CFPEJ,"[9650, 1740, 41, 151645]",d8797311f6ab58822119e150c35851bc0cce569cc9bed3015d21ee16fc47b796,92,70,22,154.93,76.299,4,27318502328,27077126576,241375752,27249561859,643,0ce4427f285f6c99e3f6475ead8af1fb01f52ac04b77f5d403ad4f11b605c3ee,229,33613,CERTIFIED_SLICE
h1-small-reuse24,qwen2.5-0.5b-instruct-fp16-v2,slice-versus-full-cache-v1,record-reuse,24,940129,confirmation,MEASUREMENT,attempt-e6b2a2da5032458ab5d5bc5c381b73b6,candidate,1,1,r049,31c273a31cd186f5a8a683fcd5738d3b6ca032eb15fcf924351121440bf92fa2,6,1,False,True,SUCCEEDED,False,CQWEV,CMYNO,"[9985, 56, 8996, 151645]",8659f23452ab2a7c8ab3978e74ba24da2c7db5664a26f1c12e02ffdc3282d221,93,70,23,158.607,73.391,4,28083885151,27844432555,239452596,28028286011,643,ed6b22b83a949ca46961f3aba1bdd25afd2c51ee0f4b742089e05f7dba1d30b5,229,34374,CERTIFIED_SLICE
h1-small-reuse24,qwen2.5-0.5b-instruct-fp16-v2,slice-versus-full-cache-v1,record-reuse,24,940129,confirmation,MEASUREMENT,attempt-e6b2a2da5032458ab5d5bc5c381b73b6,candidate,1,1,r050,31c273a31cd186f5a8a683fcd5738d3b6ca032eb15fcf924351121440bf92fa2,6,2,False,True,SUCCEEDED,True,CHRWQ,CHRWQ,"[2149, 56368, 48, 151645]",454ac86f9600cedceed43fc51558d97ba78f4e98c7737acacfa89fd6480c6c21,92,70,22,154.408,73.564,4,28323996101,28088306744,235689357,28262285808,643,fcf8aec58a502f3935e9c900a6f95111f318c8dada559032cd3d058170d0ca56,229,33272,CERTIFIED_SLICE
h1-small-reuse24,qwen2.5-0.5b-instruct-fp16-v2,slice-versus-full-cache-v1,record-reuse,24,940129,confirmation,MEASUREMENT,attempt-e6b2a2da5032458ab5d5bc5c381b73b6,candidate,1,1,r051,31c273a31cd186f5a8a683fcd5738d3b6ca032eb15fcf924351121440bf92fa2,6,3,False,True,SUCCEEDED,False,CPTND,CODEX,"[14866, 55, 151645]",518b033c442e6c03db3074bac751ed8ee71486fb06839c6b89bef81c9f60296a,90,70,20,143.145,48.972,3,29055374361,28855832301,199542060,29024297382,643,f66abecec89295c0ef8572bc9ceab2bd2d98dc8cc6028a17ef4f0a21d8473ac5,229,33542,CERTIFIED_SLICE
h1-small-reuse24,qwen2.5-0.5b-instruct-fp16-v2,slice-versus-full-cache-v1,record-reuse,24,940129,confirmation,MEASUREMENT,attempt-e6b2a2da5032458ab5d5bc5c381b73b6,candidate,1,1,r052,31c273a31cd186f5a8a683fcd5738d3b6ca032eb15fcf924351121440bf92fa2,6,4,False,True,SUCCEEDED,True,CBYGB,CBYGB,"[34, 19912, 5381, 151645]",509188fde736fda3c4be2dd6d55304f0dc816b38901de4fd75df66acd50d9cb3,92,70,22,154.206,73.308,4,29302761432,29067835794,234925638,29237150174,643,1872676294de46d2ffedc4713e5cd1e6013d8c56d07aae21fc59ae2d99a6165a,229,34013,CERTIFIED_SLICE
h1-small-reuse24,qwen2.5-0.5b-instruct-fp16-v2,slice-versus-full-cache-v1,record-reuse,24,940129,confirmation,MEASUREMENT,attempt-e6b2a2da5032458ab5d5bc5c381b73b6,candidate,1,1,r053,31c273a31cd186f5a8a683fcd5738d3b6ca032eb15fcf924351121440bf92fa2,6,5,False,True,SUCCEEDED,True,CQCIC,CQCIC,"[34, 61042, 1317, 151645]",9c6d749e539a9ab6545023c35cc2951fc79cb8722f0e44ba771738945733abbe,92,70,22,153.789,73.262,4,30086488707,29851993600,234495107,30022286730,643,4d472bf2c746443a728d87df4012486f9e71772438978abd1d34cf27965ab367,229,33001,CERTIFIED_SLICE
h1-small-reuse24,qwen2.5-0.5b-instruct-fp16-v2,slice-versus-full-cache-v1,record-reuse,24,940129,confirmation,MEASUREMENT,attempt-e6b2a2da5032458ab5d5bc5c381b73b6,candidate,1,1,r054,31c273a31cd186f5a8a683fcd5738d3b6ca032eb15fcf924351121440bf92fa2,6,6,False,True,SUCCEEDED,True,CLOHE,CLOHE,"[34, 1593, 1799, 151645]",798d232276fcc4fa71857f5213599a2309c1bd6bf2809cea28c922c4473bdaf9,90,70,20,144.186,73.491,4,30315765701,30090571139,225194562,30260437625,643,783b72b430578947eb0d791b7fa138dc3d02c5bd1de376cb326f2c04ab20cc1e,229,33944,CERTIFIED_SLICE
h1-small-reuse24,qwen2.5-0.5b-instruct-fp16-v2,slice-versus-full-cache-v1,record-reuse,24,940129,confirmation,MEASUREMENT,attempt-e6b2a2da5032458ab5d5bc5c381b73b6,candidate,1,1,r055,31c273a31cd186f5a8a683fcd5738d3b6ca032eb15fcf924351121440bf92fa2,6,7,False,True,SUCCEEDED,False,CAMWX,CIUTA CAMWX,"[11237, 1381, 32, 28297, 65376, 151645]",76c1019f39209c58c7ac8c7fe59837c755368d265987188d24cea1145c9cccb5,91,70,21,148.122,122.214,6,31131842412,30853867042,277975370,31027276075,643,2f0578a16c15102d8c3bf3b45d2898d16c85fd0ec6408b19e37698b18fe8e926,229,32720,CERTIFIED_SLICE
h1-small-reuse24,qwen2.5-0.5b-instruct-fp16-v2,slice-versus-full-cache-v1,record-reuse,24,940129,confirmation,MEASUREMENT,attempt-e6b2a2da5032458ab5d5bc5c381b73b6,candidate,1,1,r056,ce463ecae5f51b8506fc3a430b267bad026cb4a2f4a1a80ab72faeb6f40b2987,7,0,True,True,SUCCEEDED,False,CHKEZ,CUZMG,"[16799, 57, 31939, 151645]",d76b9a42b4b5af3bd88ae948298556cff9bf25bebeec890ab8bbe09259c87efd,92,70,22,153.54,73.353,4,32090460949,31856391273,234069676,32035309412,643,4a414c4ca4f5b1ed344a71118d8e4c4f0fad6695e3505513a2d76c68da4e3c9b,229,33221,CERTIFIED_SLICE
h1-small-reuse24,qwen2.5-0.5b-instruct-fp16-v2,slice-versus-full-cache-v1,record-reuse,24,940129,confirmation,MEASUREMENT,attempt-e6b2a2da5032458ab5d5bc5c381b73b6,candidate,1,1,r057,ce463ecae5f51b8506fc3a430b267bad026cb4a2f4a1a80ab72faeb6f40b2987,7,1,False,True,SUCCEEDED,False,CAXSG,CSYYV,"[6412, 10060, 53, 151645]",25ea91f0c76e098099b7ee04b8538debebfca0c19627b23d5b5b0daab55f8280,92,70,22,154.198,73.732,4,32334687803,32099322497,235365306,32271350974,643,ec9cb18ca4089cbd5f0fccb41dcefbc3404667807f8fb517b33e5645619527b6,229,36538,CERTIFIED_SLICE
h1-small-reuse24,qwen2.5-0.5b-instruct-fp16-v2,slice-versus-full-cache-v1,record-reuse,24,940129,confirmation,MEASUREMENT,attempt-e6b2a2da5032458ab5d5bc5c381b73b6,candidate,1,1,r058,ce463ecae5f51b8506fc3a430b267bad026cb4a2f4a1a80ab72faeb6f40b2987,7,2,False,True,SUCCEEDED,True,CFHFV,CFHFV,"[9650, 49716, 53, 151645]",1359c1333f4c7ea8eb5b57877fa99cb8a7b27c13fd7da328158ede3ff299eeb6,92,70,22,153.682,73.268,4,33100446344,32866020827,234425517,33042354329,643,c4c7d93c1990902125f2651b0d58f78868e89900cc83fb686f73fd48968001d1,229,33492,CERTIFIED_SLICE
h1-small-reuse24,qwen2.5-0.5b-instruct-fp16-v2,slice-versus-full-cache-v1,record-reuse,24,940129,confirmation,MEASUREMENT,attempt-e6b2a2da5032458ab5d5bc5c381b73b6,candidate,1,1,r059,ce463ecae5f51b8506fc3a430b267bad026cb4a2f4a1a80ab72faeb6f40b2987,7,3,False,True,SUCCEEDED,True,CROQS,CROQS,"[34, 1285, 70810, 151645]",b4246a453f4351b0e16d84f68fa96e00529f64011b869971dfc340598cd18d65,92,70,22,154.226,73.531,4,33339823710,33104975216,234848494,33284431125,643,cf9afe3d8e7f96e604fbd45a7d53f743e82e22baaa2c690a25a00970015b4c13,229,33012,CERTIFIED_SLICE
h1-small-reuse24,qwen2.5-0.5b-instruct-fp16-v2,slice-versus-full-cache-v1,record-reuse,24,940129,confirmation,MEASUREMENT,attempt-e6b2a2da5032458ab5d5bc5c381b73b6,candidate,1,1,r060,ce463ecae5f51b8506fc3a430b267bad026cb4a2f4a1a80ab72faeb6f40b2987,7,4,False,True,SUCCEEDED,False,CEZML,CBWVF,"[12979, 54, 49063, 151645]",4265917d6c5200d31c08f953270ff095e0ae05952360443c9eeae5a9f83b9d1a,92,70,22,153.56,73.271,4,34100022774,33865576508,234446266,34044276290,643,f442d5bb1c8552ed47d76cea879e13cdc025631a06f0167c1d34145c9b4c8b2d,229,33322,CERTIFIED_SLICE
h1-small-reuse24,qwen2.5-0.5b-instruct-fp16-v2,slice-versus-full-cache-v1,record-reuse,24,940129,confirmation,MEASUREMENT,attempt-e6b2a2da5032458ab5d5bc5c381b73b6,candidate,1,1,r061,ce463ecae5f51b8506fc3a430b267bad026cb4a2f4a1a80ab72faeb6f40b2987,7,5,False,True,SUCCEEDED,True,CRHIR,CRHIR,"[8973, 39708, 151645]",8bc54d59823334f4b1f80cc25a8d04106c9fd46209e660ccbcf2701bd88d22b4,91,70,21,148.374,49.011,3,34309667711,34104988989,204678722,34278329426,643,c28dc826c8367b92c76e12a86f0e893eb4a7e49b3120100d18d6f1abfb1c9288,229,32660,CERTIFIED_SLICE
h1-small-reuse24,qwen2.5-0.5b-instruct-fp16-v2,slice-versus-full-cache-v1,record-reuse,24,940129,confirmation,MEASUREMENT,attempt-e6b2a2da5032458ab5d5bc5c381b73b6,candidate,1,1,r062,ce463ecae5f51b8506fc3a430b267bad026cb4a2f4a1a80ab72faeb6f40b2987,7,6,False,True,SUCCEEDED,True,CGLQI,CGLQI,"[34, 3825, 48, 40, 151645]",d19b99001059ba2f47bdb5839ed777ed0384c8a196059ffe8c698856a97fb106,93,70,23,158.553,100.07,5,35131070957,34864899246,266171711,35042236635,643,76a7a247456e607735e44257db3808465471c26a07434d5d1cd66802329fefd1,229,32230,CERTIFIED_SLICE
h1-small-reuse24,qwen2.5-0.5b-instruct-fp16-v2,slice-versus-full-cache-v1,record-reuse,24,940129,confirmation,MEASUREMENT,attempt-e6b2a2da5032458ab5d5bc5c381b73b6,candidate,1,1,r063,ce463ecae5f51b8506fc3a430b267bad026cb4a2f4a1a80ab72faeb6f40b2987,7,7,False,True,SUCCEEDED,False,CRBJR,CVQIE,"[19589, 48, 5371, 151645]",54ed153e61d75815a8e33c2859852579d5fa0b8cbeb0db87c62d9eca1bf9938c,92,70,22,153.541,73.317,4,36099802339,35865263069,234539270,36034148672,643,42256bc662484a2f8c12e715541c813b1acbc728a054bd8a3275ba5666f00a9d,229,32149,CERTIFIED_SLICE
h1-small-reuse24,qwen2.5-0.5b-instruct-fp16-v2,slice-versus-full-cache-v1,record-reuse,24,940129,confirmation,MEASUREMENT,attempt-e6b2a2da5032458ab5d5bc5c381b73b6,candidate,1,1,r064,56d9cfb76db81890e3f27be0447bd2a04a2fcdf8ac5ea1dc287b177c12fc4fcc,8,0,True,True,SUCCEEDED,False,CKWQP,CAIPS,"[5049, 25944, 151645]",843a99f0f05c5ba26e9e402a4a1bff1e472174956b05052af921ea861e001235,90,70,20,144.102,49.576,3,36305115340,36104007097,201108243,36266299820,643,022dab25a87e4d8182adcd811fcc2c282898a5d5b5dbe26b2f6b76b45ca28260,229,33493,CERTIFIED_SLICE
h1-small-reuse24,qwen2.5-0.5b-instruct-fp16-v2,slice-versus-full-cache-v1,record-reuse,24,940129,confirmation,MEASUREMENT,attempt-e6b2a2da5032458ab5d5bc5c381b73b6,candidate,1,1,r065,56d9cfb76db81890e3f27be0447bd2a04a2fcdf8ac5ea1dc287b177c12fc4fcc,8,1,False,True,SUCCEEDED,False,CUEIE,CQNVV,"[34, 48, 36326, 53, 151645]",0346c93e97861ed9dbcda4bb6a1a5687f7a6c47afc3579fd741809b1c35e9d79,94,70,24,164.748,97.984,5,37146110659,36876046829,270063830,37062750786,643,e0c169e480aa663f4c84029ba059f859461f9adc71ba6023c80a1b615d26ceaf,229,33593,CERTIFIED_SLICE
h1-small-reuse24,qwen2.5-0.5b-instruct-fp16-v2,slice-versus-full-cache-v1,record-reuse,24,940129,confirmation,MEASUREMENT,attempt-e6b2a2da5032458ab5d5bc5c381b73b6,candidate,1,1,r066,56d9cfb76db81890e3f27be0447bd2a04a2fcdf8ac5ea1dc287b177c12fc4fcc,8,2,False,True,SUCCEEDED,True,CRYRU,CRYRU,"[34, 11242, 36003, 151645]",fcfef07aa8b16cd0017b618962a2b9943046cd5a2e06d9f6e329c02d661ba4b3,94,71,23,158.597,73.184,4,38109076880,37869669699,239407181,38053317582,643,60b9088e6e08f62247d2f06f28246eb936c351a0b4e48c58348e953aa815a9d7,229,33533,CERTIFIED_SLICE
h1-small-reuse24,qwen2.5-0.5b-instruct-fp16-v2,slice-versus-full-cache-v1,record-reuse,24,940129,confirmation,MEASUREMENT,attempt-e6b2a2da5032458ab5d5bc5c381b73b6,candidate,1,1,r067,56d9cfb76db81890e3f27be0447bd2a04a2fcdf8ac5ea1dc287b177c12fc4fcc,8,3,False,True,SUCCEEDED,True,CYVDC,CYVDC,"[34525, 53, 5626, 151645]",6cc0ebb5f7e652c201d0e1b299ff3c403059220df20cfd9200b6cb48cfe2198b,92,70,22,154.05,73.382,4,38348477809,38113528067,234949742,38282007975,643,1c723ed5b0e7d5a961b24b0c42f59c2b787a17a8db4f9fa41044cd174f7ebf66,229,32611,CERTIFIED_SLICE
h1-small-reuse24,qwen2.5-0.5b-instruct-fp16-v2,slice-versus-full-cache-v1,record-reuse,24,940129,confirmation,MEASUREMENT,attempt-e6b2a2da5032458ab5d5bc5c381b73b6,candidate,1,1,r068,56d9cfb76db81890e3f27be0447bd2a04a2fcdf8ac5ea1dc287b177c12fc4fcc,8,4,False,True,SUCCEEDED,True,CLZEF,CLZEF,"[3140, 57, 14884, 151645]",c35f60c63f9b56fe94e8ddcdce581f61b8df2403014ceaad0c9dcf3496cb38e3,92,70,22,153.61,73.401,4,39110843852,38876386626,234457226,39046350203,643,6653be220686e1ebf24c1ddbe94ab9d577626c9047466954209646505fe07e58,229,34243,CERTIFIED_SLICE
h1-small-reuse24,qwen2.5-0.5b-instruct-fp16-v2,slice-versus-full-cache-v1,record-reuse,24,940129,confirmation,MEASUREMENT,attempt-e6b2a2da5032458ab5d5bc5c381b73b6,candidate,1,1,r069,56d9cfb76db81890e3f27be0447bd2a04a2fcdf8ac5ea1dc287b177c12fc4fcc,8,5,False,True,SUCCEEDED,True,CGUYW,CGUYW,"[8798, 31301, 54, 151645]",fdfd541f5d5e3e44ce52c6d5478273f437252c230b1fb6c280c412f8974a9351,92,70,22,153.872,73.344,4,39352447879,39115142867,237305012,39294372975,643,08e2ac5453e0d64533b6918fb173705e59e12b031be698b6ff9ac5652ab99312,229,32581,CERTIFIED_SLICE
h1-small-reuse24,qwen2.5-0.5b-instruct-fp16-v2,slice-versus-full-cache-v1,record-reuse,24,940129,confirmation,MEASUREMENT,attempt-e6b2a2da5032458ab5d5bc5c381b73b6,candidate,1,1,r070,56d9cfb76db81890e3f27be0447bd2a04a2fcdf8ac5ea1dc287b177c12fc4fcc,8,6,False,True,SUCCEEDED,False,CGQBF,CWWCX,"[34, 18985, 65240, 151645]",fff98544d38f5de72e11894b376acd4744722c33f34c4fb89217f29ac72d0302,92,70,22,153.69,73.129,4,40114019495,39880014940,234004555,40057240962,643,c0e924fda9771bec5fd5a725e7faa08a11eeed616f75782c8782b9fff869cb7f,229,34144,CERTIFIED_SLICE
h1-small-reuse24,qwen2.5-0.5b-instruct-fp16-v2,slice-versus-full-cache-v1,record-reuse,24,940129,confirmation,MEASUREMENT,attempt-e6b2a2da5032458ab5d5bc5c381b73b6,candidate,1,1,r071,56d9cfb76db81890e3f27be0447bd2a04a2fcdf8ac5ea1dc287b177c12fc4fcc,8,7,False,True,SUCCEEDED,True,CYAND,CYAND,"[34525, 3976, 151645]",507e195fb07c7d10e728a1b09e879476da012b91086f07c9ba02dbba04f3ee87,91,70,21,148.886,49.042,3,40324708073,40119462276,205245797,40293454765,643,070fa72212066672e37b047b431f2bbbe08893cd08282b48e9189d5045f26841,229,32340,CERTIFIED_SLICE
h1-small-reuse24,qwen2.5-0.5b-instruct-fp16-v2,slice-versus-full-cache-v1,record-reuse,24,940129,confirmation,MEASUREMENT,attempt-e6b2a2da5032458ab5d5bc5c381b73b6,candidate,1,1,r072,7dfce28e2c90ec4cf02b6faa00cc10bfbe877bc0128c2dc426154a4072defced,9,0,True,True,SUCCEEDED,True,CZRYR,CZRYR,"[34, 57, 11242, 49, 151645]",a5e17693430a61e3d1198ff4e2963c7768727545a9dd61bbad526efb45a4e059,92,71,21,148.117,97.542,5,41135682376,40882692086,252990290,41056300461,643,8c62b6a1214c115701729666f0edd2d62ba484c3ae1036feaaf5b71949c8c2fe,229,32550,CERTIFIED_SLICE
h1-small-reuse24,qwen2.5-0.5b-instruct-fp16-v2,slice-versus-full-cache-v1,record-reuse,24,940129,confirmation,MEASUREMENT,attempt-e6b2a2da5032458ab5d5bc5c381b73b6,candidate,1,1,r073,7dfce28e2c90ec4cf02b6faa00cc10bfbe877bc0128c2dc426154a4072defced,9,1,False,True,SUCCEEDED,True,CSOMH,CSOMH,"[6412, 1898, 39, 151645]",a5b24c8482dc2e6476099a7ecfe20a4c28b425810de6bc8fab2a6c03bc377d66,92,70,22,153.59,73.302,4,42115647888,41881438021,234209867,42057535154,643,6eda43ed70ef5f5306de23efb983e3a57fad07553a43758580b2e1d820a156fb,229,34103,CERTIFIED_SLICE
h1-small-reuse24,qwen2.5-0.5b-instruct-fp16-v2,slice-versus-full-cache-v1,record-reuse,24,940129,confirmation,MEASUREMENT,attempt-e6b2a2da5032458ab5d5bc5c381b73b6,candidate,1,1,r074,7dfce28e2c90ec4cf02b6faa00cc10bfbe877bc0128c2dc426154a4072defced,9,2,False,True,SUCCEEDED,False,CJFCT,CJPIR,"[34, 41, 1893, 49, 151645]",c543aa059954e81323d3c28e7e05e49a42591f7558105548e6343d21a3865beb,92,70,22,154.222,97.965,5,42379515054,42120056987,259458067,42299301021,643,a7a130a3d07333c5ef62caee8d55e7530bdccd5f4853fd1cfcd836739244a6de,229,32731,CERTIFIED_SLICE
h1-small-reuse24,qwen2.5-0.5b-instruct-fp16-v2,slice-versus-full-cache-v1,record-reuse,24,940129,confirmation,MEASUREMENT,attempt-e6b2a2da5032458ab5d5bc5c381b73b6,candidate,1,1,r075,7dfce28e2c90ec4cf02b6faa00cc10bfbe877bc0128c2dc426154a4072defced,9,3,False,True,SUCCEEDED,False,CKROV,CCNQF,"[3706, 45, 48, 37, 151645]",3e20f50d4e88e7e582c14175e359a07d4af017c5bb2192eef6e04d17ce516541,94,70,24,164.742,97.669,5,43157243835,42885714801,271529034,43074232931,643,fa891a3ea2ad037ae6effe67c0da4e623811fb8dc55a8f211faf3c93a5830c3e,229,32320,CERTIFIED_SLICE
h1-small-reuse24,qwen2.5-0.5b-instruct-fp16-v2,slice-versus-full-cache-v1,record-reuse,24,940129,confirmation,MEASUREMENT,attempt-e6b2a2da5032458ab5d5bc5c381b73b6,candidate,1,1,r076,7dfce28e2c90ec4cf02b6faa00cc10bfbe877bc0128c2dc426154a4072defced,9,4,False,True,SUCCEEDED,True,CTFPK,CTFPK,"[34, 10808, 22242, 151645]",9286a62740393da0c01c2a1f5c84e09cb1679fcce4240a404db743a53e89566e,92,70,22,153.7,73.408,4,44114811176,43880378575,234432601,44059292556,643,aff1bcd8ae83f96df4aa03f53d09f586983480dc38f2e7bab8a927efe9eee2f0,229,33132,CERTIFIED_SLICE
h1-small-reuse24,qwen2.5-0.5b-instruct-fp16-v2,slice-versus-full-cache-v1,record-reuse,24,940129,confirmation,MEASUREMENT,attempt-e6b2a2da5032458ab5d5bc5c381b73b6,candidate,1,1,r077,7dfce28e2c90ec4cf02b6faa00cc10bfbe877bc0128c2dc426154a4072defced,9,5,False,True,SUCCEEDED,True,CQUFR,CQUFR,"[34, 5757, 10504, 151645]",1ca5054127e2334943c76f4b948390da5680834070bfd5d9ac46b4fffabb0990,92,70,22,154.021,73.569,4,44357955918,44119214194,238741724,44297370345,643,5847c4364350cd9b84407cb8e3459e70ead8d0b108d145425627b2ee1b8389a7,229,32660,CERTIFIED_SLICE
h1-small-reuse24,qwen2.5-0.5b-instruct-fp16-v2,slice-versus-full-cache-v1,record-reuse,24,940129,confirmation,MEASUREMENT,attempt-e6b2a2da5032458ab5d5bc5c381b73b6,candidate,1,1,r078,7dfce28e2c90ec4cf02b6faa00cc10bfbe877bc0128c2dc426154a4072defced,9,6,False,True,SUCCEEDED,False,CVDZC,ASK,"[1911, 42, 151645]",497345f493266ea2d3d672dd7128939eec898ad965d1dedea83cd30860f42221,93,70,23,159.292,49.024,3,45109188237,44893605188,215583049,45073279252,643,43a6cddf188ff7fe2d66ccaa7211b642c551863a4057ccfd49715751375179ea,229,33081,CERTIFIED_SLICE
h1-small-reuse24,qwen2.5-0.5b-instruct-fp16-v2,slice-versus-full-cache-v1,record-reuse,24,940129,confirmation,MEASUREMENT,attempt-e6b2a2da5032458ab5d5bc5c381b73b6,candidate,1,1,r079,7dfce28e2c90ec4cf02b6faa00cc10bfbe877bc0128c2dc426154a4072defced,9,7,False,True,SUCCEEDED,True,CUBFP,CUBFP,"[34, 4493, 11698, 151645]",032759855dd30fe2b6c2a7e08abde72839ce1b185ad0dba695dae88d5b37fac7,90,70,20,144.153,73.364,4,45342039367,45117118774,224920593,45278304038,643,0cfccf528bcfc1388bbb7076cac955b09eda05c74e8fd2554942c21417baa143,229,32531,CERTIFIED_SLICE
h1-small-reuse24,qwen2.5-0.5b-instruct-fp16-v2,slice-versus-full-cache-v1,record-reuse,24,940129,confirmation,MEASUREMENT,attempt-e6b2a2da5032458ab5d5bc5c381b73b6,candidate,1,1,r080,b74e2f13ac0461af186d9e3d4ae5ae77a0a95f703d5ec928740df1bab8cf56d3,10,0,True,True,SUCCEEDED,True,CHQWC,CHQWC,"[2149, 48, 25459, 151645]",34a8b11c7ab92b0b94e61730f37a9ed4c6b327ad57ed653b038bdcc885ace1c3,92,70,22,153.749,73.282,4,46126936358,45892596089,234340269,46067229910,643,3262c68f725a417aa60f30ce113b0c9637517111cf0aa9148e6b8f9e11eff702,229,33011,CERTIFIED_SLICE
h1-small-reuse24,qwen2.5-0.5b-instruct-fp16-v2,slice-versus-full-cache-v1,record-reuse,24,940129,confirmation,MEASUREMENT,attempt-e6b2a2da5032458ab5d5bc5c381b73b6,candidate,1,1,r081,b74e2f13ac0461af186d9e3d4ae5ae77a0a95f703d5ec928740df1bab8cf56d3,10,1,False,True,SUCCEEDED,False,CXGMH,CJOVG,"[34, 26145, 46641, 151645]",86ca31e63d38e773ae760d9b42e1a6e4842380f1f21227b3207d4b4ce439be93,92,71,21,148.833,73.276,4,46361140524,46131589200,229551324,46305346712,643,b6ce6e55cc167f869b6c7ae1285e8fb21d0ac636508ac0740115fd1da74ee513,229,37780,CERTIFIED_SLICE
h1-small-reuse24,qwen2.5-0.5b-instruct-fp16-v2,slice-versus-full-cache-v1,record-reuse,24,940129,confirmation,MEASUREMENT,attempt-e6b2a2da5032458ab5d5bc5c381b73b6,candidate,1,1,r082,b74e2f13ac0461af186d9e3d4ae5ae77a0a95f703d5ec928740df1bab8cf56d3,10,2,False,True,SUCCEEDED,True,CUWVD,CUWVD,"[16799, 54, 12474, 151645]",5999bb2649c1f91b6b1ff513e0e3a7d990bc8294145c0d0dfff3b9b4d305ca9b,92,70,22,153.701,73.02,4,47131837419,46897898747,233938672,47067122257,643,d62896ccff8bd983dfe16a39657e1023dc8686c660258112e22b6d10b3c4046b,229,34744,CERTIFIED_SLICE
h1-small-reuse24,qwen2.5-0.5b-instruct-fp16-v2,slice-versus-full-cache-v1,record-reuse,24,940129,confirmation,MEASUREMENT,attempt-e6b2a2da5032458ab5d5bc5c381b73b6,candidate,1,1,r083,b74e2f13ac0461af186d9e3d4ae5ae77a0a95f703d5ec928740df1bab8cf56d3,10,3,False,True,SUCCEEDED,False,CPUEI,CCCKO,"[3706, 3021, 46, 151645]",941ba8c49d4e6f15ad6d86c4c386081c89a9fa798dee363b21a0be0a867f088d,92,70,22,154.376,74.382,4,47378616449,47142656217,235960232,47320515336,643,3f6a3e63f13c0e47a90d1842db005e20859d06cc0b15c49fb64bc7b4f444ff3e,229,32320,CERTIFIED_SLICE
h1-small-reuse24,qwen2.5-0.5b-instruct-fp16-v2,slice-versus-full-cache-v1,record-reuse,24,940129,confirmation,MEASUREMENT,attempt-e6b2a2da5032458ab5d5bc5c381b73b6,candidate,1,1,r084,b74e2f13ac0461af186d9e3d4ae5ae77a0a95f703d5ec928740df1bab8cf56d3,10,4,False,True,SUCCEEDED,True,CCTRS,CCTRS,"[34, 1162, 11451, 151645]",56c55cc864c4fba5fec248ffefc9328e5c83d3ae344872944bfb60e1b7f5e4e7,89,70,19,134.905,73.402,4,48128319614,47912526615,215792999,48071286879,643,ccad43365038de58dc3784a8b0bcbc7a7d881964539441b9025ae549ef69ee7b,229,33993,CERTIFIED_SLICE
h1-small-reuse24,qwen2.5-0.5b-instruct-fp16-v2,slice-versus-full-cache-v1,record-reuse,24,940129,confirmation,MEASUREMENT,attempt-e6b2a2da5032458ab5d5bc5c381b73b6,candidate,1,1,r085,b74e2f13ac0461af186d9e3d4ae5ae77a0a95f703d5ec928740df1bab8cf56d3,10,5,False,True,SUCCEEDED,False,CBKDF,CSLTY,"[6412, 43, 22098, 151645]",479e9148c26eba319fa7be0deed67e79b502bc6577608ae12bc1c6d77fb00012,90,70,20,144.306,73.555,4,48361219635,48135916100,225303535,48297345678,643,6c65ef9e03dde530e4aea54df16488642fcb46f462fc333a76d92ec59f13de96,229,33122,CERTIFIED_SLICE
h1-small-reuse24,qwen2.5-0.5b-instruct-fp16-v2,slice-versus-full-cache-v1,record-reuse,24,940129,confirmation,MEASUREMENT,attempt-e6b2a2da5032458ab5d5bc5c381b73b6,candidate,1,1,r086,b74e2f13ac0461af186d9e3d4ae5ae77a0a95f703d5ec928740df1bab8cf56d3,10,6,False,True,SUCCEEDED,True,CGNXX,CGNXX,"[8798, 45, 6148, 151645]",cce4765238c295c154e7cf82e2292c92b4fdc59e8e0ec0ccc22e4531ee7c00c8,92,70,22,153.79,73.219,4,49132486550,48897543570,234942980,49074299618,643,c903982b4515cb8b049680c88538080382d8cdeb37145f16b056df5cb50b2b22,229,32340,CERTIFIED_SLICE
h1-small-reuse24,qwen2.5-0.5b-instruct-fp16-v2,slice-versus-full-cache-v1,record-reuse,24,940129,confirmation,MEASUREMENT,attempt-e6b2a2da5032458ab5d5bc5c381b73b6,candidate,1,1,r087,b74e2f13ac0461af186d9e3d4ae5ae77a0a95f703d5ec928740df1bab8cf56d3,10,7,False,True,SUCCEEDED,True,CACBD,CACBD,"[34, 1706, 9548, 151645]",5e661291a6ae18ba515dbb29525c0a13ae4bfd8dd7838874a1fffe74471d2c1b,92,70,22,154.077,73.494,4,49376447600,49141319416,235128184,49314399087,643,421cc322f0bd466b4df0de195cdc7098256cd61239e34abb8666e96d43f11e35,229,32991,CERTIFIED_SLICE
h1-small-reuse24,qwen2.5-0.5b-instruct-fp16-v2,slice-versus-full-cache-v1,record-reuse,24,940129,confirmation,MEASUREMENT,attempt-e6b2a2da5032458ab5d5bc5c381b73b6,candidate,1,1,r088,5a349e401fff133aa08cf08ac9effdaaf2656297fb7ec4f69fd66df1d01f4756,11,0,True,True,SUCCEEDED,False,CGYZA,VALUE CWKQN,"[23832, 40035, 42, 87054, 151645]",fc399e9b23d45c2b5b10a7a5fa0edd8cf9ab8362154e5e57130f30b87166febe,92,70,22,153.744,97.705,5,50168046293,49908763842,259282451,50086262541,643,da3e53c1b56b1746f9ea52ee37028aec9f3c906a27ee7a2205861c9d266b666e,229,32911,CERTIFIED_SLICE
h1-small-reuse24,qwen2.5-0.5b-instruct-fp16-v2,slice-versus-full-cache-v1,record-reuse,24,940129,confirmation,MEASUREMENT,attempt-e6b2a2da5032458ab5d5bc5c381b73b6,candidate,1,1,r089,5a349e401fff133aa08cf08ac9effdaaf2656297fb7ec4f69fd66df1d01f4756,11,1,False,True,SUCCEEDED,False,CZAFG,CWBVS,"[34, 52868, 26050, 151645]",029548700b58015a7121ba8eae73b515e4940d7a06b7c2e8deb0295fd62ce111,92,71,21,147.757,73.306,4,51133781703,50902430182,231351521,51075286187,643,86e96deb390bd54c02133c345e68f8ef3983aff0c66cbfdb67fdc818e11b0de8,229,33412,CERTIFIED_SLICE
h1-small-reuse24,qwen2.5-0.5b-instruct-fp16-v2,slice-versus-full-cache-v1,record-reuse,24,940129,confirmation,MEASUREMENT,attempt-e6b2a2da5032458ab5d5bc5c381b73b6,candidate,1,1,r090,5a349e401fff133aa08cf08ac9effdaaf2656297fb7ec4f69fd66df1d01f4756,11,2,False,True,SUCCEEDED,False,CKOZB,CEAIQ,"[2104, 15469, 48, 151645]",3af36dc776ad861116f385e02309f3ea6ccdae5455d4d6be00855399da032ce6,93,70,23,158.906,73.595,4,51386274458,51146389127,239885331,51330329224,643,eaeb8c0c0208e17fdd37e5f829cf69debe77f705e7bfa27105e7eb0fd55bbf2a,229,34714,CERTIFIED_SLICE
h1-small-reuse24,qwen2.5-0.5b-instruct-fp16-v2,slice-versus-full-cache-v1,record-reuse,24,940129,confirmation,MEASUREMENT,attempt-e6b2a2da5032458ab5d5bc5c381b73b6,candidate,1,1,r091,5a349e401fff133aa08cf08ac9effdaaf2656297fb7ec4f69fd66df1d01f4756,11,3,False,True,SUCCEEDED,True,CCWDX,CCWDX,"[3706, 54, 16591, 151645]",fe304cce19ba483f5c216a37eb24ee3f1c93afc5c794f052dcbd7cf55400c976,92,70,22,153.625,73.122,4,52151904210,51917829425,234074785,52095324106,643,9b69c294c25c70a3b1799af15430fb066882c6fac05732991509ccddbc308854,229,33172,CERTIFIED_SLICE
h1-small-reuse24,qwen2.5-0.5b-instruct-fp16-v2,slice-versus-full-cache-v1,record-reuse,24,940129,confirmation,MEASUREMENT,attempt-e6b2a2da5032458ab5d5bc5c381b73b6,candidate,1,1,r092,5a349e401fff133aa08cf08ac9effdaaf2656297fb7ec4f69fd66df1d01f4756,11,4,False,True,SUCCEEDED,False,CEMGY,CJGKP,"[34, 41, 38, 65036, 151645]",ed771b0e42b000e0847eb8d0bba15bafa0501464677825363df393f3bae54f96,92,70,22,154.033,97.823,5,52420580279,52160332633,260247646,52327504088,643,ad966d08b0a2b9d052ceaffa27cbe8c21fec3ecf4a012c573fd9f26fd6477829,229,33733,CERTIFIED_SLICE
h1-small-reuse24,qwen2.5-0.5b-instruct-fp16-v2,slice-versus-full-cache-v1,record-reuse,24,940129,confirmation,MEASUREMENT,attempt-e6b2a2da5032458ab5d5bc5c381b73b6,candidate,1,1,r093,5a349e401fff133aa08cf08ac9effdaaf2656297fb7ec4f69fd66df1d01f4756,11,5,False,True,SUCCEEDED,True,COFPW,COFPW,"[8281, 11698, 54, 151645]",7387cdc4149c52a697979185918631d18e7f25c8a8ed78a1968571e05180f842,92,70,22,153.714,73.304,4,53159793789,52925326884,234466905,53102316526,643,04e1eb5f59508c213feae9ea30c80a6830fe6b715644095295f239c2de8f0d3b,229,32451,CERTIFIED_SLICE
h1-small-reuse24,qwen2.5-0.5b-instruct-fp16-v2,slice-versus-full-cache-v1,record-reuse,24,940129,confirmation,MEASUREMENT,attempt-e6b2a2da5032458ab5d5bc5c381b73b6,candidate,1,1,r094,5a349e401fff133aa08cf08ac9effdaaf2656297fb7ec4f69fd66df1d01f4756,11,6,False,True,SUCCEEDED,False,CIKRZ,CVDXN,"[34, 12474, 55, 45, 151645]",d02ffd88f97eb3797a98e9a6462f4bcc5928cdda2a217484d150b323eb0a6778,94,70,24,165.188,97.946,5,53434567837,53163957912,270609925,53354286579,643,9319c8be6d5d4f2f609cca268ebdf943a34139b16839ad21a1fb96766d564e2d,229,32710,CERTIFIED_SLICE
h1-small-reuse24,qwen2.5-0.5b-instruct-fp16-v2,slice-versus-full-cache-v1,record-reuse,24,940129,confirmation,MEASUREMENT,attempt-e6b2a2da5032458ab5d5bc5c381b73b6,candidate,1,1,r095,5a349e401fff133aa08cf08ac9effdaaf2656297fb7ec4f69fd66df1d01f4756,11,7,False,True,SUCCEEDED,True,CJPLA,CJPLA,"[34, 41, 2916, 32, 151645]",5940f6e262a9388bb97544a7e2cf12109059e0cfc56d5b9f9fc2de5ff7510f5c,92,70,22,153.591,97.615,5,54183894973,53925188654,258706319,54094135230,643,897bce8c658aa021279767a1f8d5b01a9452732fcededadf73c1c0138cac3a60,229,33712,CERTIFIED_SLICE
h1-small-reuse24,qwen2.5-0.5b-instruct-fp16-v2,slice-versus-full-cache-v1,record-reuse,24,940129,confirmation,MEASUREMENT,attempt-e6b2a2da5032458ab5d5bc5c381b73b6,candidate,1,1,r096,edefefb0bcf5d7dd4f9b5205bc5c43ac53d77498099c84e68441a5f68437daf8,12,0,True,True,SUCCEEDED,True,CMJJQ,CMJJQ,"[9985, 63391, 48, 151645]",aba843beecade236b3e8cc0203dd708cc19bd46612adaaa029ab9e9dd2e121cf,92,70,22,153.6,73.173,4,55154867312,54920680668,234186644,55099304209,643,8490d794a6f3139ba6d5c147946d566a7ba77063919a2b668f4c103bbe2cf774,229,33192,CERTIFIED_SLICE
h1-small-reuse24,qwen2.5-0.5b-instruct-fp16-v2,slice-versus-full-cache-v1,record-reuse,24,940129,confirmation,MEASUREMENT,attempt-e6b2a2da5032458ab5d5bc5c381b73b6,candidate,1,1,r097,edefefb0bcf5d7dd4f9b5205bc5c43ac53d77498099c84e68441a5f68437daf8,12,1,False,True,SUCCEEDED,False,CJPES,CHZQZ,"[2149, 57, 48, 57, 151645]",a4c92fc90f45d6e4fbebcd40045f56609446578a17aaba1a18fb465a9618840c,94,70,24,165.038,98.037,5,55429762425,55159421040,270341385,55349391971,643,3c0a0954c2cd75f07adeb3c7c6af445ebe68f1eed106b4de228d0472582ce8eb,229,33102,CERTIFIED_SLICE
h1-small-reuse24,qwen2.5-0.5b-instruct-fp16-v2,slice-versus-full-cache-v1,record-reuse,24,940129,confirmation,MEASUREMENT,attempt-e6b2a2da5032458ab5d5bc5c381b73b6,candidate,1,1,r098,edefefb0bcf5d7dd4f9b5205bc5c43ac53d77498099c84e68441a5f68437daf8,12,2,False,True,SUCCEEDED,False,CPARE,CEBQF,"[34, 8264, 48, 37, 151645]",536f59282000e2a1ec7bb5c4368dfc310ee11ac371de41f149bf7fc59e98e3e9,93,70,23,158.639,97.853,5,56200216799,55936210113,264006686,56113316563,643,871444be0a27224b81fce5ab17fcbfafcedf9dcd78f83a958332e2978348b608,229,37209,CERTIFIED_SLICE
h1-small-reuse24,qwen2.5-0.5b-instruct-fp16-v2,slice-versus-full-cache-v1,record-reuse,24,940129,confirmation,MEASUREMENT,attempt-e6b2a2da5032458ab5d5bc5c381b73b6,candidate,1,1,r099,edefefb0bcf5d7dd4f9b5205bc5c43ac53d77498099c84e68441a5f68437daf8,12,3,False,True,SUCCEEDED,True,CYFGU,CYFGU,"[34525, 12001, 52, 151645]",65c58fc096c10b1cca501cdecd7e1285931c00ab63f781b97576715862f0cb6e,92,70,22,153.8,73.216,4,57163209359,56928794260,234415099,57106811664,643,7258bb07ac93fc7da8dffe7209595f08c293479ad9235ad55bb1fd9beb52b32d,229,33111,CERTIFIED_SLICE
h1-small-reuse24,qwen2.5-0.5b-instruct-fp16-v2,slice-versus-full-cache-v1,record-reuse,24,940129,confirmation,MEASUREMENT,attempt-e6b2a2da5032458ab5d5bc5c381b73b6,candidate,1,1,r100,edefefb0bcf5d7dd4f9b5205bc5c43ac53d77498099c84e68441a5f68437daf8,12,4,False,True,SUCCEEDED,False,CLUSN,CNWCT,"[28668, 54, 1162, 151645]",52eaa975c07369c75152a35b6573ebe07c395d3eb7df8d430353502a549d47c6,92,70,22,154.241,73.371,4,57402123804,57167380465,234743339,57339526641,643,7f861e45ba05d36de92e59dda6694de093bed8a94ef796019c9a766fefe2e93f,229,33132,CERTIFIED_SLICE
h1-small-reuse24,qwen2.5-0.5b-instruct-fp16-v2,slice-versus-full-cache-v1,record-reuse,24,940129,confirmation,MEASUREMENT,attempt-e6b2a2da5032458ab5d5bc5c381b73b6,candidate,1,1,r101,edefefb0bcf5d7dd4f9b5205bc5c43ac53d77498099c84e68441a5f68437daf8,12,5,False,True,SUCCEEDED,False,CIAON,CDBHH,"[34, 3506, 23180, 151645]",08cbff8b99511bf009657e0c5c0861628ee1c4b974e70bead10a121c89860182,91,70,21,148.074,73.222,4,58165430646,57936690842,228739804,58100128754,643,92ba87a527cb8e37902b15b6be8330794414c5323401025016efd89b57b85a59,229,33122,CERTIFIED_SLICE
h1-small-reuse24,qwen2.5-0.5b-instruct-fp16-v2,slice-versus-full-cache-v1,record-reuse,24,940129,confirmation,MEASUREMENT,attempt-e6b2a2da5032458ab5d5bc5c381b73b6,candidate,1,1,r102,edefefb0bcf5d7dd4f9b5205bc5c43ac53d77498099c84e68441a5f68437daf8,12,6,False,True,SUCCEEDED,False,CCRSL,CFVKB,"[9650, 53, 29862, 151645]",485918cee4cde80812525244dd2000f64657eaac83c5a75b7521ba8df525099e,92,70,22,154.091,73.336,4,58405124040,58170280475,234843565,58345315663,643,21af11ec1b95f3a4136b8d34ce24d275fd578d7c9009331d94308fae7e9323a9,229,33172,CERTIFIED_SLICE
h1-small-reuse24,qwen2.5-0.5b-instruct-fp16-v2,slice-versus-full-cache-v1,record-reuse,24,940129,confirmation,MEASUREMENT,attempt-e6b2a2da5032458ab5d5bc5c381b73b6,candidate,1,1,r103,edefefb0bcf5d7dd4f9b5205bc5c43ac53d77498099c84e68441a5f68437daf8,12,7,False,True,SUCCEEDED,False,CTRLT,CHVID,"[2149, 7483, 151645]",0fda1113a2990eabf2c8e0436cc346ce992a476fd0b68ca3bf9339f2898c5902,89,70,19,135.429,48.908,3,59126913469,58934734902,192178567,59095249938,643,ede482cf25e727d909bcb19e27eca8fbc4fe39b0a262602f6847d5a149fd1c31,229,32661,CERTIFIED_SLICE
h1-small-reuse24,qwen2.5-0.5b-instruct-fp16-v2,slice-versus-full-cache-v1,record-reuse,24,940129,confirmation,MEASUREMENT,attempt-e6b2a2da5032458ab5d5bc5c381b73b6,candidate,1,1,r104,c7aab0ddac869462273e075103bd0ef7393b6afd4edf83ad4c92dd6a7c739030,13,0,True,True,SUCCEEDED,False,CNWXK,CVOCI,"[19589, 63983, 151645]",a98f6faaf5a84a50a1505e7cdab93d862d8d80134657a5455856ea922011b1d9,90,70,20,143.723,49.083,3,59334270912,59132450786,201820126,59301304088,643,de3d38118c7b5f0d839cadb697c66545626af4313ad52d972b5568dc163feb62,229,33082,CERTIFIED_SLICE
h1-small-reuse24,qwen2.5-0.5b-instruct-fp16-v2,slice-versus-full-cache-v1,record-reuse,24,940129,confirmation,MEASUREMENT,attempt-e6b2a2da5032458ab5d5bc5c381b73b6,candidate,1,1,r105,c7aab0ddac869462273e075103bd0ef7393b6afd4edf83ad4c92dd6a7c739030,13,1,False,True,SUCCEEDED,True,CYDCB,CYDCB,"[34525, 5626, 33, 151645]",5747eb3880181fd91ec02d42be28a71446446b85d3957258a42e3a583a200ab8,92,70,22,153.679,73.25,4,60174855206,59940551636,234303570,60109126400,643,8ddcb109454e01072ec8993d954e29f62e386224d2ee13ed05872b7ae19cee72,229,32641,CERTIFIED_SLICE
h1-small-reuse24,qwen2.5-0.5b-instruct-fp16-v2,slice-versus-full-cache-v1,record-reuse,24,940129,confirmation,MEASUREMENT,attempt-e6b2a2da5032458ab5d5bc5c381b73b6,candidate,1,1,r106,c7aab0ddac869462273e075103bd0ef7393b6afd4edf83ad4c92dd6a7c739030,13,2,False,True,SUCCEEDED,True,CSRYE,CSRYE,"[6412, 11242, 36, 151645]",f56f59a16a99bd6ba8f4290879812f1b76a01981b209b7e3719c2b0a076358c0,92,70,22,154.064,73.157,4,60421345830,60186736090,234609740,60356196100,643,a7c1b8b2838f8d3e6920ef4a29863583a2ae4bc18e719de4032a38f1934a0b8f,229,33722,CERTIFIED_SLICE
h1-small-reuse24,qwen2.5-0.5b-instruct-fp16-v2,slice-versus-full-cache-v1,record-reuse,24,940129,confirmation,MEASUREMENT,attempt-e6b2a2da5032458ab5d5bc5c381b73b6,candidate,1,1,r107,c7aab0ddac869462273e075103bd0ef7393b6afd4edf83ad4c92dd6a7c739030,13,3,False,True,SUCCEEDED,False,CCFHB,CFFHB,"[34, 1748, 30725, 151645]",ac7a917192a1b7a94883f2b19e01d01f7be9a98a694ac2c85b0bbeca716adb58,92,70,22,153.505,73.165,4,61180292745,60946228509,234064236,61123289825,643,d345a01e195b13e8eab20336c5064d2d16f0edbb63d8c7995b9b0a6c73280a5f,229,35456,CERTIFIED_SLICE
h1-small-reuse24,qwen2.5-0.5b-instruct-fp16-v2,slice-versus-full-cache-v1,record-reuse,24,940129,confirmation,MEASUREMENT,attempt-e6b2a2da5032458ab5d5bc5c381b73b6,candidate,1,1,r108,c7aab0ddac869462273e075103bd0ef7393b6afd4edf83ad4c92dd6a7c739030,13,4,False,True,SUCCEEDED,True,CGVXQ,CGVXQ,"[8798, 53, 55, 48, 151645]",ac19f1a5ee868d90ced0f7c3b14878d614e989a0aa249d14527643cdacbadb90,93,70,23,159.062,97.962,5,61449274502,61184889192,264385310,61369405511,643,d38121b195a01a8c1b7521ee8a33597fab66e0c73887687b4ad143647d11c37c,229,34103,CERTIFIED_SLICE
h1-small-reuse24,qwen2.5-0.5b-instruct-fp16-v2,slice-versus-full-cache-v1,record-reuse,24,940129,confirmation,MEASUREMENT,attempt-e6b2a2da5032458ab5d5bc5c381b73b6,candidate,1,1,r109,c7aab0ddac869462273e075103bd0ef7393b6afd4edf83ad4c92dd6a7c739030,13,5,False,True,SUCCEEDED,False,CTCIU,CCTND,"[34, 1162, 8065, 151645]",7feb43e693a88201652e1639082c3acd40f4264f16ae44e1a49be3d9f70e22bd,90,70,20,143.407,73.261,4,62175476406,61951401226,224075180,62120284193,643,242150965e3bc149afaba70f44e5b44642fbf0f1f45c47212fc7b98ae2d4aec1,229,33713,CERTIFIED_SLICE
h1-small-reuse24,qwen2.5-0.5b-instruct-fp16-v2,slice-versus-full-cache-v1,record-reuse,24,940129,confirmation,MEASUREMENT,attempt-e6b2a2da5032458ab5d5bc5c381b73b6,candidate,1,1,r110,c7aab0ddac869462273e075103bd0ef7393b6afd4edf83ad4c92dd6a7c739030,13,6,False,True,SUCCEEDED,False,CBPRC,CQILO,"[34, 48, 40, 1593, 151645]",31941678c0167ed9d631b37ad9aee6c3a3461e99ae027c6b46ca2c735c1c4494,94,70,24,165.538,97.706,5,62451339079,62180198948,271140131,62363418635,643,4ca807cdb8ed78563a955cf11326ab8061f0dd7b05b4ca9e7c382ed3be1c786b,229,32971,CERTIFIED_SLICE
h1-small-reuse24,qwen2.5-0.5b-instruct-fp16-v2,slice-versus-full-cache-v1,record-reuse,24,940129,confirmation,MEASUREMENT,attempt-e6b2a2da5032458ab5d5bc5c381b73b6,candidate,1,1,r111,c7aab0ddac869462273e075103bd0ef7393b6afd4edf83ad4c92dd6a7c739030,13,7,False,True,SUCCEEDED,False,CCTYS,VALUE CKQPO,"[23832, 30066, 48, 2045, 151645]",806360e60fb9b751ce0524aa7a6fac62530d87ba601c47a1bf7d97ab75c7b4c3,91,70,21,147.991,97.461,5,63217259070,62964293957,252965113,63127127205,643,36051d32d379a6517de54645de2a27e659325db9c31f613ce849f7185c5d668d,229,33201,CERTIFIED_SLICE
h1-small-reuse24,qwen2.5-0.5b-instruct-fp16-v2,slice-versus-full-cache-v1,record-reuse,24,940129,confirmation,MEASUREMENT,attempt-e6b2a2da5032458ab5d5bc5c381b73b6,candidate,1,1,r112,8072f457b97eb28dfeab619075dbb71df9d5b884ad0d9061be00f5ea028355ea,14,0,True,True,SUCCEEDED,False,CYHRT,CMGJP,"[9985, 38, 27188, 151645]",c92926b85da58773263b7cc8fece6432bfb5a548f70bc6aeb6a009fe51e90ee0,92,70,22,153.468,73.294,4,64185928507,63951945211,233983296,64130084241,643,84acbbbebcd57e9b4de667d4329dd13091f7c8b8d74af296ea4fd367c384372a,229,37009,CERTIFIED_SLICE
h1-small-reuse24,qwen2.5-0.5b-instruct-fp16-v2,slice-versus-full-cache-v1,record-reuse,24,940129,confirmation,MEASUREMENT,attempt-e6b2a2da5032458ab5d5bc5c381b73b6,candidate,1,1,r113,8072f457b97eb28dfeab619075dbb71df9d5b884ad0d9061be00f5ea028355ea,14,1,False,True,SUCCEEDED,True,CEOMH,CEOMH,"[2104, 1898, 39, 151645]",b402c813c75f30b58292e273c59b36af6199bfa36079f5164d02baeeaf2d7960,92,70,22,154.841,73.466,4,64426830888,64191189680,235641208,64371216310,643,269fbfd4966045752d2f9aa68a408cd81c97bae199975398ac1ea94f2ead9ccf,229,32611,CERTIFIED_SLICE
h1-small-reuse24,qwen2.5-0.5b-instruct-fp16-v2,slice-versus-full-cache-v1,record-reuse,24,940129,confirmation,MEASUREMENT,attempt-e6b2a2da5032458ab5d5bc5c381b73b6,candidate,1,1,r114,8072f457b97eb28dfeab619075dbb71df9d5b884ad0d9061be00f5ea028355ea,14,2,False,True,SUCCEEDED,False,CZGJC,CUCIF,"[34, 5459, 2773, 151645]",10663823056dde3be00b8978e66eb185abbd4ae352e84ccd88550f0b38df4760,92,70,22,153.737,73.214,4,65175830476,64941680881,234149595,65110078246,643,7a74b508cf4884b74a8e90d4e7c8325571671b7e271d5045d73bc589e0c9c77e,229,33502,CERTIFIED_SLICE
h1-small-reuse24,qwen2.5-0.5b-instruct-fp16-v2,slice-versus-full-cache-v1,record-reuse,24,940129,confirmation,MEASUREMENT,attempt-e6b2a2da5032458ab5d5bc5c381b73b6,candidate,1,1,r115,8072f457b97eb28dfeab619075dbb71df9d5b884ad0d9061be00f5ea028355ea,14,3,False,True,SUCCEEDED,True,CPNPW,CPNPW,"[7123, 26227, 54, 151645]",0bc2a490645ee9155f9b689aad8c9ec10e5042c9f73dee27534f14134a3676ee,92,70,22,155.677,73.593,4,65418028397,65181518884,236509513,65362214418,643,efb01adde249fd29253741fc2b60489f4b485872a7c24fcc7e970781b0749321,229,32962,CERTIFIED_SLICE
h1-small-reuse24,qwen2.5-0.5b-instruct-fp16-v2,slice-versus-full-cache-v1,record-reuse,24,940129,confirmation,MEASUREMENT,attempt-e6b2a2da5032458ab5d5bc5c381b73b6,candidate,1,1,r116,8072f457b97eb28dfeab619075dbb71df9d5b884ad0d9061be00f5ea028355ea,14,4,False,True,SUCCEEDED,False,CGQIU,CWFCC,"[34, 32131, 3706, 151645]",be4e8dca119ee7f959f6c43b525384c9b370a29411649456ecdc7ec1c2726aed,92,70,22,153.648,73.435,4,66207695638,65973479400,234216238,66152096498,643,40b85eff7aa016e70f565a7a3a178a0b94cbf4cd99cf9b539c6d742493aa98a3,229,34625,CERTIFIED_SLICE
h1-small-reuse24,qwen2.5-0.5b-instruct-fp16-v2,slice-versus-full-cache-v1,record-reuse,24,940129,confirmation,MEASUREMENT,attempt-e6b2a2da5032458ab5d5bc5c381b73b6,candidate,1,1,r117,8072f457b97eb28dfeab619075dbb71df9d5b884ad0d9061be00f5ea028355ea,14,5,False,True,SUCCEEDED,True,CMTLQ,CMTLQ,"[34, 8505, 43, 48, 151645]",86a0ebb5da90876b10a6b66d86a1690b219a6a5aba00099e37fc2948c13b268f,93,71,22,153.796,97.514,5,67196756854,66938161451,258595403,67115181781,643,e1ba65c8a31b4b4f7cc493abf70c538fb98cef72dab08e95d8eb3905d287307c,229,32902,CERTIFIED_SLICE
h1-small-reuse24,qwen2.5-0.5b-instruct-fp16-v2,slice-versus-full-cache-v1,record-reuse,24,940129,confirmation,MEASUREMENT,attempt-e6b2a2da5032458ab5d5bc5c381b73b6,candidate,1,1,r118,8072f457b97eb28dfeab619075dbb71df9d5b884ad0d9061be00f5ea028355ea,14,6,False,True,SUCCEEDED,False,CCPBI,CCPBIC,"[3706, 40637, 1317, 151645]",5246de92c148c2f339d774dea2e1c544aebd57a5646531ccb4cb069744ab0c88,91,70,21,150.238,73.624,4,67433875329,67202518218,231357111,67363302495,643,0b523b50a80a1a436d323e992f7c3e5d1c9811719e1591d386d09d7143301940,229,32861,CERTIFIED_SLICE
h1-small-reuse24,qwen2.5-0.5b-instruct-fp16-v2,slice-versus-full-cache-v1,record-reuse,24,940129,confirmation,MEASUREMENT,attempt-e6b2a2da5032458ab5d5bc5c381b73b6,candidate,1,1,r119,8072f457b97eb28dfeab619075dbb71df9d5b884ad0d9061be00f5ea028355ea,14,7,False,True,SUCCEEDED,False,CSHDI,CWDUE,"[34, 17563, 2230, 151645]",bb63ffc068493ea33762131842aed0bb1ff5d07fe0943749460b925d8b651345,90,70,20,142.941,73.112,4,68209210229,67986030534,223179695,68154448807,643,5f7bd1d1c0c6a804e4fe69b768a9d2e38b47a3c7f9535537369362fa9faf9f29,229,34534,CERTIFIED_SLICE
h1-small-reuse24,qwen2.5-0.5b-instruct-fp16-v2,slice-versus-full-cache-v1,record-reuse,24,940129,confirmation,MEASUREMENT,attempt-e6b2a2da5032458ab5d5bc5c381b73b6,candidate,1,1,r120,8f5d398b8c2e9af3d3281a2bd74b8562743308cf4e7ea1f1fed4a9810c4542b3,15,0,True,True,SUCCEEDED,True,CJUWD,CJUWD,"[34, 41, 52, 17563, 151645]",28e5a548b0f68bf9fbf56d7fa0a5a1b6c0d8aebf31e44f7b1552fc0619b157b6,92,70,22,153.726,97.599,5,69183758708,68925000953,258757755,69102141726,643,f25aeceeb49c3c77b9fa64d871b9302ac1527bd87c649dbbdde1ccb8235f8abd,229,32240,CERTIFIED_SLICE
h1-small-reuse24,qwen2.5-0.5b-instruct-fp16-v2,slice-versus-full-cache-v1,record-reuse,24,940129,confirmation,MEASUREMENT,attempt-e6b2a2da5032458ab5d5bc5c381b73b6,candidate,1,1,r121,8f5d398b8c2e9af3d3281a2bd74b8562743308cf4e7ea1f1fed4a9810c4542b3,15,1,False,True,SUCCEEDED,True,CVZBE,CVZBE,"[19589, 57, 11594, 151645]",93c92285c73ee164d0f4d34e27f1ce3218ba2aca72d4b54a521014ff95bad9e1,92,70,22,155.973,76.474,4,69428892839,69189419424,239473415,69370241593,643,b57fdf36271231edf891294caffe98ec3f48f63d1fe5482372106fb6df3afd59,229,32390,CERTIFIED_SLICE
h1-small-reuse24,qwen2.5-0.5b-instruct-fp16-v2,slice-versus-full-cache-v1,record-reuse,24,940129,confirmation,MEASUREMENT,attempt-e6b2a2da5032458ab5d5bc5c381b73b6,candidate,1,1,r122,8f5d398b8c2e9af3d3281a2bd74b8562743308cf4e7ea1f1fed4a9810c4542b3,15,2,False,True,SUCCEEDED,False,CJGIR,CPAGQ,"[7123, 1890, 48, 151645]",0a1b6945fb878b047247b6a1bdb65ca0004de05c9edb0e680f5a49c03e501307,92,70,22,153.816,73.148,4,70227924704,69993439135,234485569,70167132367,643,feb84228a6e96c4319b90cb31eb71d3997c9a28557ca6504d0a96a8e2c043892,229,33422,CERTIFIED_SLICE
h1-small-reuse24,qwen2.5-0.5b-instruct-fp16-v2,slice-versus-full-cache-v1,record-reuse,24,940129,confirmation,MEASUREMENT,attempt-e6b2a2da5032458ab5d5bc5c381b73b6,candidate,1,1,r123,8f5d398b8c2e9af3d3281a2bd74b8562743308cf4e7ea1f1fed4a9810c4542b3,15,3,False,True,SUCCEEDED,True,CRGDH,CRGDH,"[8973, 40849, 39, 151645]",6687878a925df054043ad028d04f671f835543ece7b522579f4fd56bbabcaba8,92,70,22,153.695,73.361,4,71183789239,70949009603,234779636,71121145479,643,299abd23598ae14c0a78ab564f0f356e1a2d6662aec0f4dae75b91257777490d,229,33602,CERTIFIED_SLICE
h1-small-reuse24,qwen2.5-0.5b-instruct-fp16-v2,slice-versus-full-cache-v1,record-reuse,24,940129,confirmation,MEASUREMENT,attempt-e6b2a2da5032458ab5d5bc5c381b73b6,candidate,1,1,r124,8f5d398b8c2e9af3d3281a2bd74b8562743308cf4e7ea1f1fed4a9810c4542b3,15,4,False,True,SUCCEEDED,False,CTSVU,CNGPD,"[34, 6140, 23025, 151645]",a3759f71055b3e817564b1757230f1640149c179346069a585027d2f2884e901,93,70,23,160.497,73.939,4,71437185844,71195605211,241580633,71381208381,643,ff5ca4459dc6de154f40b04ed6247baac98962c7fc57bf250b6d16b0ca491234,229,33071,CERTIFIED_SLICE
h1-small-reuse24,qwen2.5-0.5b-instruct-fp16-v2,slice-versus-full-cache-v1,record-reuse,24,940129,confirmation,MEASUREMENT,attempt-e6b2a2da5032458ab5d5bc5c381b73b6,candidate,1,1,r125,8f5d398b8c2e9af3d3281a2bd74b8562743308cf4e7ea1f1fed4a9810c4542b3,15,5,False,True,SUCCEEDED,True,CMCHW,CMCHW,"[9985, 2149, 54, 151645]",a10453ac1233682222ecd5ab5afba3762b4fca9e7e968ba274a2509df403784e,92,70,22,153.711,73.13,4,72197767560,71963805774,233961786,72137154927,643,b950bdc762910fb2e4121ef3f3fdfb34d2a5eb35d125139eaa051f838b629ac2,229,32841,CERTIFIED_SLICE
h1-small-reuse24,qwen2.5-0.5b-instruct-fp16-v2,slice-versus-full-cache-v1,record-reuse,24,940129,confirmation,MEASUREMENT,attempt-e6b2a2da5032458ab5d5bc5c381b73b6,candidate,1,1,r126,8f5d398b8c2e9af3d3281a2bd74b8562743308cf4e7ea1f1fed4a9810c4542b3,15,6,False,True,SUCCEEDED,False,CGSNJ,VALUE CHGZZ CGSNJ,"[23832, 6826, 38, 33536, 6159, 18966, 41, 151645]",20eb69392352640346c6ab7c56277145532bdfd716e98553dedd76fe22f39e6a,92,70,22,155.406,171.506,8,72537170900,72202328661,334842239,72370450443,643,5b3b8212dc64a6cbdd94b59a81217193a55d06a6ab9e0df4b7e6198ff2f901bd,229,33042,CERTIFIED_SLICE
h1-small-reuse24,qwen2.5-0.5b-instruct-fp16-v2,slice-versus-full-cache-v1,record-reuse,24,940129,confirmation,MEASUREMENT,attempt-e6b2a2da5032458ab5d5bc5c381b73b6,candidate,1,1,r127,8f5d398b8c2e9af3d3281a2bd74b8562743308cf4e7ea1f1fed4a9810c4542b3,15,7,False,True,SUCCEEDED,True,CFKKM,CFKKM,"[9650, 50457, 44, 151645]",09d454aae901748bced64b4f07bcfd14261450e89aba36e420f70ab0fcbecd97,92,70,22,153.664,73.21,4,73230179709,72996183139,233996570,73167105209,643,c88bdf1d20bd1bb76e5e1af68f2534cde619f8a0990ed83a88da3bc0a8927d68,229,32540,CERTIFIED_SLICE
h1-small-reuse24,qwen2.5-0.5b-instruct-fp16-v2,slice-versus-full-cache-v1,record-reuse,24,940129,confirmation,MEASUREMENT,attempt-988b01866edb4d97823bbbc018615c4e,baseline,1,1,r000,e2bbcf7fdcde8b11629d90c05f4882448617accadbe671b62961f35e85473931,0,0,True,True,SUCCEEDED,True,CLOTH,CLOTH,"[34, 1593, 3617, 151645]",788ef520e39794fca88a99cee3895e1f39664a7fee0c3ab48765522656138474,278,0,278,1661.139,76.543,4,2445149215,699197528,1745951687,2387407260,643,95ab229aad631d13ffd5b08cbb36506b1a9660794f2011ed6d9c927f18a9fa4d,643,32451,IDENTITY
h1-small-reuse24,qwen2.5-0.5b-instruct-fp16-v2,slice-versus-full-cache-v1,record-reuse,24,940129,confirmation,MEASUREMENT,attempt-988b01866edb4d97823bbbc018615c4e,baseline,1,1,r001,e2bbcf7fdcde8b11629d90c05f4882448617accadbe671b62961f35e85473931,0,1,False,True,SUCCEEDED,False,CQERS,CXSLN,"[65240, 7984, 45, 151645]",dcfacdb81f248db54ef96a44869270b1dabd62d5c6c8310ab02c66fab34ae57b,278,266,12,97.116,76.626,4,2961616515,2781676065,179940450,2894171457,643,15b407d07db478933af53f9fba2f42db625139de79f5b1c376a3202e0d5c641f,643,12243,IDENTITY
h1-small-reuse24,qwen2.5-0.5b-instruct-fp16-v2,slice-versus-full-cache-v1,record-reuse,24,940129,confirmation,MEASUREMENT,attempt-988b01866edb4d97823bbbc018615c4e,baseline,1,1,r002,e2bbcf7fdcde8b11629d90c05f4882448617accadbe671b62961f35e85473931,0,2,False,True,SUCCEEDED,False,CZDGI,CQERS,"[34, 48, 4321, 151645]",fed68538240390e6c8f00752c8d399476e62d6e84e90cd78420a530c5726f1e6,278,267,11,91.466,76.721,4,3145719856,2969644724,176075132,3087492058,643,ed491892ecd440055f89d77b4d3bd2dcfa08bcfad66c5538aaaedf97394b42ef,643,11151,IDENTITY
h1-small-reuse24,qwen2.5-0.5b-instruct-fp16-v2,slice-versus-full-cache-v1,record-reuse,24,940129,confirmation,MEASUREMENT,attempt-988b01866edb4d97823bbbc018615c4e,baseline,1,1,r003,e2bbcf7fdcde8b11629d90c05f4882448617accadbe671b62961f35e85473931,0,3,False,True,SUCCEEDED,False,COJDO,CJZKM,"[34, 41, 57, 65651, 151645]",e03aa324f584fec84e3a4ba33b0ed2a93e6283d12fb83ebb4d6a16db7f82aefd,278,267,11,91.188,102.036,5,3988155563,3787434882,200720681,3897533576,643,3c26b8fb55d8e5d6e7e41576a3addc7c2a7ac0ec79abdea8de87d3da749badd4,643,11020,IDENTITY
h1-small-reuse24,qwen2.5-0.5b-instruct-fp16-v2,slice-versus-full-cache-v1,record-reuse,24,940129,confirmation,MEASUREMENT,attempt-988b01866edb4d97823bbbc018615c4e,baseline,1,1,r004,e2bbcf7fdcde8b11629d90c05f4882448617accadbe671b62961f35e85473931,0,4,False,True,SUCCEEDED,False,CYEYZ,CQEYZ,"[34, 48, 36, 40209, 151645]",bf4c4aca34f51f0ed303b3a4cff9e9c1b4c5521c5de7b02574ad8c369b982619,279,266,13,105.968,102.594,5,4213779454,3996147094,217632360,4128434340,643,197d603cadaf4bdf250c519cd2f35de45c2c1f0ac294125859e75f83511ede75,643,11712,IDENTITY
h1-small-reuse24,qwen2.5-0.5b-instruct-fp16-v2,slice-versus-full-cache-v1,record-reuse,24,940129,confirmation,MEASUREMENT,attempt-988b01866edb4d97823bbbc018615c4e,baseline,1,1,r005,e2bbcf7fdcde8b11629d90c05f4882448617accadbe671b62961f35e85473931,0,5,False,True,SUCCEEDED,True,CDPLE,CDPLE,"[6484, 9515, 151645]",e07f2b170d479db6f415134775aaff11eb8b5d4b5e3b38b2b23ce8038742df9f,279,266,13,104.954,51.188,3,4948172770,4781080963,167091807,4901831165,643,20133fe664ed5f322f48fa97a94a4c56d59dfc9f593da3c66329a681617614f3,643,10940,IDENTITY
h1-small-reuse24,qwen2.5-0.5b-instruct-fp16-v2,slice-versus-full-cache-v1,record-reuse,24,940129,confirmation,MEASUREMENT,attempt-988b01866edb4d97823bbbc018615c4e,baseline,1,1,r006,e2bbcf7fdcde8b11629d90c05f4882448617accadbe671b62961f35e85473931,0,6,False,True,SUCCEEDED,False,CZSRO,CXEKM,"[65240, 36, 65651, 151645]",e41e5e5f767000682921c7304c5bd31d8f1665835a0fc407c237469463699ac2,278,266,12,97.579,77.12,4,5135433292,4953562533,181870759,5077396679,643,6e8616009c1ea00489e114b1db743596dbf3181c0d99a3599796be32ef0801cd,643,10810,IDENTITY
h1-small-reuse24,qwen2.5-0.5b-instruct-fp16-v2,slice-versus-full-cache-v1,record-reuse,24,940129,confirmation,MEASUREMENT,attempt-988b01866edb4d97823bbbc018615c4e,baseline,1,1,r007,e2bbcf7fdcde8b11629d90c05f4882448617accadbe671b62961f35e85473931,0,7,False,True,SUCCEEDED,True,CGCND,CGCND,"[8798, 34, 8065, 151645]",3e7297c93a295e92b282495f036363d612874361f905ffddc7a5ce65b90e45f5,278,266,12,96.907,76.564,4,5972666494,5791862339,180804155,5905660844,643,091b9f3bad44fffe877757da1b98ba32d8c64d4882bfb1c07cbf20d2ba9d188c,643,10891,IDENTITY
h1-small-reuse24,qwen2.5-0.5b-instruct-fp16-v2,slice-versus-full-cache-v1,record-reuse,24,940129,confirmation,MEASUREMENT,attempt-988b01866edb4d97823bbbc018615c4e,baseline,1,1,r008,5a1ee5278b6015963dfae3285b51acf7892b79a0d9029eedd2291b9ef4f8aa2d,1,0,True,True,SUCCEEDED,False,CSKBE,CGXQE,"[8798, 55, 98025, 151645]",513e93d7e2cf863451d8e8db35613db70a40fee74f230d1f8c772b1e0620bc26,276,70,206,1244.65,76.533,4,7308022365,5979562258,1328460107,7247797253,643,2b1ffad0f3a92f5df01835e964e8cecca4359dde5d9dbd0dc4d500583c9617f3,643,11451,IDENTITY
h1-small-reuse24,qwen2.5-0.5b-instruct-fp16-v2,slice-versus-full-cache-v1,record-reuse,24,940129,confirmation,MEASUREMENT,attempt-988b01866edb4d97823bbbc018615c4e,baseline,1,1,r009,5a1ee5278b6015963dfae3285b51acf7892b79a0d9029eedd2291b9ef4f8aa2d,1,1,False,True,SUCCEEDED,False,CRHWH,CGRDR,"[8798, 49, 7687, 151645]",9612c5255031ca5baec43a3521f8628b5f6bde8b9290691e2e929f18c53c0d20,276,264,12,97.189,76.644,4,7966142277,7785208951,180933326,7908437291,643,09b956c9107b42490ec184110d5d565a3cc45e30b76b2531efdb1d5d8a2c2b03,643,10821,IDENTITY
h1-small-reuse24,qwen2.5-0.5b-instruct-fp16-v2,slice-versus-full-cache-v1,record-reuse,24,940129,confirmation,MEASUREMENT,attempt-988b01866edb4d97823bbbc018615c4e,baseline,1,1,r010,5a1ee5278b6015963dfae3285b51acf7892b79a0d9029eedd2291b9ef4f8aa2d,1,2,False,True,SUCCEEDED,True,COMCC,COMCC,"[8696, 3706, 151645]",fd32aa2f6ff06fc1f996fe561a8d35ae5a62db61330a86a942cb5d6459d31d73,276,264,12,97.576,51.695,3,8138432010,7977406604,161025406,8098925836,643,3186075e6e03bc1287aa92d1cdca4c70c44dc6444c4015fa42e726c67e8d3b5c,643,11011,IDENTITY
h1-small-reuse24,qwen2.5-0.5b-instruct-fp16-v2,slice-versus-full-cache-v1,record-reuse,24,940129,confirmation,MEASUREMENT,attempt-988b01866edb4d97823bbbc018615c4e,baseline,1,1,r011,5a1ee5278b6015963dfae3285b51acf7892b79a0d9029eedd2291b9ef4f8aa2d,1,3,False,True,SUCCEEDED,True,COXXI,COXXI,"[8281, 6148, 40, 151645]",53a7d6c04103096f1da26cbd7ee252190ad6030f644e4cb7c0dbf448cdf376c0,276,264,12,97.017,76.689,4,8989693679,8806006422,183687257,8919769111,643,22c3f85971c08a15fa1121e8bb49491b93272d151ee9ebafbdd1efd0af9fa376,643,11481,IDENTITY
h1-small-reuse24,qwen2.5-0.5b-instruct-fp16-v2,slice-versus-full-cache-v1,record-reuse,24,940129,confirmation,MEASUREMENT,attempt-988b01866edb4d97823bbbc018615c4e,baseline,1,1,r012,5a1ee5278b6015963dfae3285b51acf7892b79a0d9029eedd2291b9ef4f8aa2d,1,4,False,True,SUCCEEDED,True,CKAEX,CKAEX,"[34, 26444, 3257, 151645]",c54aa9f9c21268af8ae4a8ea666b0f2cdce20ee11eacba69a5ef1a61685fc2a5,276,264,12,97.33,76.709,4,9178167657,8996754690,181412967,9120499821,643,3f4f75f2eb8e4b1cef4e393ef2a751fa41762153fb714969936cad020c879860,643,10679,IDENTITY
h1-small-reuse24,qwen2.5-0.5b-instruct-fp16-v2,slice-versus-full-cache-v1,record-reuse,24,940129,confirmation,MEASUREMENT,attempt-988b01866edb4d97823bbbc018615c4e,baseline,1,1,r013,5a1ee5278b6015963dfae3285b51acf7892b79a0d9029eedd2291b9ef4f8aa2d,1,5,False,True,SUCCEEDED,True,CDLRR,CDLRR,"[6484, 43, 8106, 151645]",c7b427e5ae26f234745bf0ee65822dd541c19b3030c51f70759a834462954e38,276,264,12,96.953,76.702,4,9978457222,9797678984,180778238,9911370620,643,42e04a6014f00e7ff5251140474e0c1f5b6884ff68071b045dd7f6ca55dd8c4c,643,10890,IDENTITY
h1-small-reuse24,qwen2.5-0.5b-instruct-fp16-v2,slice-versus-full-cache-v1,record-reuse,24,940129,confirmation,MEASUREMENT,attempt-988b01866edb4d97823bbbc018615c4e,baseline,1,1,r014,5a1ee5278b6015963dfae3285b51acf7892b79a0d9029eedd2291b9ef4f8aa2d,1,6,False,True,SUCCEEDED,True,CTHDY,CTHDY,"[34, 3617, 69916, 151645]",c42ff85516b472ee8e867c7b101b56c3aa1c224f1399b29b91d65638276d29d3,276,264,12,97.802,81.666,4,10172867779,9986343377,186524402,10103278985,643,b602eb49cf0800c05f3bc3a217b0b27e62ba28b02ef103ed55d21dea013546b4,643,10550,IDENTITY
h1-small-reuse24,qwen2.5-0.5b-instruct-fp16-v2,slice-versus-full-cache-v1,record-reuse,24,940129,confirmation,MEASUREMENT,attempt-988b01866edb4d97823bbbc018615c4e,baseline,1,1,r015,5a1ee5278b6015963dfae3285b51acf7892b79a0d9029eedd2291b9ef4f8aa2d,1,7,False,True,SUCCEEDED,False,CRUIG,CGUIG,"[8798, 52, 1914, 151645]",00751ce1370bf9fef8cc846f3d74137f9d6a28de57dec77b6f97cca204e6784c,276,264,12,97.033,76.677,4,11004214576,10823341813,180872763,10936223774,643,ea1e0ecd3e15ff747b6020b0ab143ed8a370ef3af7b66dd74788c6530a908d23,643,10640,IDENTITY
h1-small-reuse24,qwen2.5-0.5b-instruct-fp16-v2,slice-versus-full-cache-v1,record-reuse,24,940129,confirmation,MEASUREMENT,attempt-988b01866edb4d97823bbbc018615c4e,baseline,1,1,r016,4b2234251b56f044b6c9d6572412a4f70ddf4d9d40746b2f7ff5b754c458c9a3,2,0,True,True,SUCCEEDED,True,CXNOB,CXNOB,"[65240, 8996, 33, 151645]",1fb40aab3623f55fb03eec299c3ed8f6b5142e24f0fb715586b569bf7fd5f80c,273,71,202,1236.29,78.441,4,12333074537,11011241323,1321833214,12274911981,643,d0961bc853dff1fa34a81a1b7dce92c2ef2fdc4fe933b0b3bc5e66b0717d078a,643,10970,IDENTITY
h1-small-reuse24,qwen2.5-0.5b-instruct-fp16-v2,slice-versus-full-cache-v1,record-reuse,24,940129,confirmation,MEASUREMENT,attempt-988b01866edb4d97823bbbc018615c4e,baseline,1,1,r017,4b2234251b56f044b6c9d6572412a4f70ddf4d9d40746b2f7ff5b754c458c9a3,2,1,False,True,SUCCEEDED,False,CYYZH,CDYGG,"[6484, 56, 22254, 151645]",9009ca9d6e7c1fcd1a74407e2059c85fca725386b2d6686affbf13ec270ca200,273,261,12,97.008,76.551,4,12982733225,12802040647,180692578,12925277272,643,51a699edf6f3e52da6762bddd413c80e8841ea9bff21d777d89d7b578a193ee3,643,10690,IDENTITY
h1-small-reuse24,qwen2.5-0.5b-instruct-fp16-v2,slice-versus-full-cache-v1,record-reuse,24,940129,confirmation,MEASUREMENT,attempt-988b01866edb4d97823bbbc018615c4e,baseline,1,1,r018,4b2234251b56f044b6c9d6572412a4f70ddf4d9d40746b2f7ff5b754c458c9a3,2,2,False,True,SUCCEEDED,True,CQSRC,CQSRC,"[34, 48, 56017, 151645]",f26acba12a83a3b79b68c3db635cca13ce5ee58e5c155041d3f9599535b3c9ca,273,261,12,97.349,76.989,4,13171521698,12990083313,181438385,13113460069,643,4457ae32617d66fa92e6637fe5afaedcaf327786f984bf3d3fda8013baea4e24,643,10801,IDENTITY
h1-small-reuse24,qwen2.5-0.5b-instruct-fp16-v2,slice-versus-full-cache-v1,record-reuse,24,940129,confirmation,MEASUREMENT,attempt-988b01866edb4d97823bbbc018615c4e,baseline,1,1,r019,4b2234251b56f044b6c9d6572412a4f70ddf4d9d40746b2f7ff5b754c458c9a3,2,3,False,True,SUCCEEDED,True,COTKX,COTKX,"[34, 1793, 42, 55, 151645]",0df9b4fb47906b3cd4256453877b9fa0d7e347c333488c7ed09a46fbd0580be3,273,261,12,96.989,102.275,5,14025616556,13819210101,206406455,13925771318,643,9eea2154396bc87a7f32f0950b3258e976886610a9bfc9605bf7323efc6471ce,643,10850,IDENTITY
h1-small-reuse24,qwen2.5-0.5b-instruct-fp16-v2,slice-versus-full-cache-v1,record-reuse,24,940129,confirmation,MEASUREMENT,attempt-988b01866edb4d97823bbbc018615c4e,baseline,1,1,r020,4b2234251b56f044b6c9d6572412a4f70ddf4d9d40746b2f7ff5b754c458c9a3,2,4,False,True,SUCCEEDED,False,COOPA,COPA,"[34, 3067, 32, 151645]",0a27728c9ef4a72809ba0d28dc5cf1c55ff2462161e7f9fa75f2c5d065fdb9ad,273,261,12,97.248,76.792,4,14214891654,14032598089,182293565,14156717836,643,45535628379364b71ad0ce2811ef66b1e2dd4a60108907e11f5e5c3aec0c4f8c,643,10730,IDENTITY
h1-small-reuse24,qwen2.5-0.5b-instruct-fp16-v2,slice-versus-full-cache-v1,record-reuse,24,940129,confirmation,MEASUREMENT,attempt-988b01866edb4d97823bbbc018615c4e,baseline,1,1,r021,4b2234251b56f044b6c9d6572412a4f70ddf4d9d40746b2f7ff5b754c458c9a3,2,5,False,True,SUCCEEDED,False,CEKQD,CCHCDG,"[34, 2149, 6484, 38, 151645]",85192b42509a28f510fb6e6230e6a62629bd391c985eb3b8e7166fae545e792f,273,261,12,96.949,102.051,5,15017555153,14811386340,206168813,14922699693,643,ba3ae339bdcee0d39ce3a8b6747212f9a14e48877b46b4de70a7bcdd751a3580,643,10569,IDENTITY
h1-small-reuse24,qwen2.5-0.5b-instruct-fp16-v2,slice-versus-full-cache-v1,record-reuse,24,940129,confirmation,MEASUREMENT,attempt-988b01866edb4d97823bbbc018615c4e,baseline,1,1,r022,4b2234251b56f044b6c9d6572412a4f70ddf4d9d40746b2f7ff5b754c458c9a3,2,6,False,True,SUCCEEDED,True,CDXSN,CDXSN,"[6484, 55, 18966, 151645]",06286f47de5bf37bfee0cb4609ae2cc5974fcbe98aeb771dceae09adc8871a3d,273,261,12,97.274,76.821,4,15206632793,15025441668,181191125,15144278292,643,c64068d11d7a34d1cf0e7a74858833dbc27809a3c39689de931231e2ed7555d8,643,10870,IDENTITY
h1-small-reuse24,qwen2.5-0.5b-instruct-fp16-v2,slice-versus-full-cache-v1,record-reuse,24,940129,confirmation,MEASUREMENT,attempt-988b01866edb4d97823bbbc018615c4e,baseline,1,1,r023,4b2234251b56f044b6c9d6572412a4f70ddf4d9d40746b2f7ff5b754c458c9a3,2,7,False,True,SUCCEEDED,False,CMDLC,CQSRC,"[34, 48, 56017, 151645]",35c94caf1ef5f17726ba2f41e67c5f363b577bff8b4f0107624e79e245f32a63,273,261,12,96.864,76.48,4,16009780032,15825347619,184432413,15938670339,643,a489f82a51600d64d2b7ff17640354f1832f1d3d2b2ac07706e9c438561d358e,643,10590,IDENTITY
h1-small-reuse24,qwen2.5-0.5b-instruct-fp16-v2,slice-versus-full-cache-v1,record-reuse,24,940129,confirmation,MEASUREMENT,attempt-988b01866edb4d97823bbbc018615c4e,baseline,1,1,r024,de7452659b7303feb075caac1c0e06e99c3f8c11f8563dcadf86a93adf7e608d,3,0,True,True,SUCCEEDED,True,CIBOO,CIBOO,"[34, 3256, 19499, 151645]",b722ace7dcb6aeaeca54e83704360072ed693b16bb4c0f6e032bc991b6e16163,281,70,211,1274.036,76.665,4,17379204966,16017349497,1361855469,17316740920,643,804e4c5ca88794f28a136f9f98ff59af099696e3012b620728a7d8e9ad832d74,643,10630,IDENTITY
h1-small-reuse24,qwen2.5-0.5b-instruct-fp16-v2,slice-versus-full-cache-v1,record-reuse,24,940129,confirmation,MEASUREMENT,attempt-988b01866edb4d97823bbbc018615c4e,baseline,1,1,r025,de7452659b7303feb075caac1c0e06e99c3f8c11f8563dcadf86a93adf7e608d,3,1,False,True,SUCCEEDED,False,CEJHB,CGBGK,"[34, 5381, 38, 42, 151645]",ab6bd2f5df41ce309f022719c861375bad4198e2cc8707abfa88411ac22049fd,282,269,13,105.081,101.926,5,18031484857,17816177431,215307426,17947423040,643,24a79ce864966f9cfa3f676e9be79629db9d76ed4b509a3aa7a4ef7ecb1436f4,643,11221,IDENTITY
h1-small-reuse24,qwen2.5-0.5b-instruct-fp16-v2,slice-versus-full-cache-v1,record-reuse,24,940129,confirmation,MEASUREMENT,attempt-988b01866edb4d97823bbbc018615c4e,baseline,1,1,r026,de7452659b7303feb075caac1c0e06e99c3f8c11f8563dcadf86a93adf7e608d,3,2,False,True,SUCCEEDED,False,CPZQF,CXBRC,"[65240, 33, 7380, 151645]",5bcf0d84518b8975c948730e3ed801d2faa1d51823118303173685e3f776bdff,281,269,12,97.621,76.935,4,18227260223,18045313352,181946871,18159372402,643,cc6677c3cd0935929b5a229e3ed0d8b246a6f445f4d718204f5eb55ed04faff3,643,11271,IDENTITY
h1-small-reuse24,qwen2.5-0.5b-instruct-fp16-v2,slice-versus-full-cache-v1,record-reuse,24,940129,confirmation,MEASUREMENT,attempt-988b01866edb4d97823bbbc018615c4e,baseline,1,1,r027,de7452659b7303feb075caac1c0e06e99c3f8c11f8563dcadf86a93adf7e608d,3,3,False,True,SUCCEEDED,False,COCQP,CXRXD,"[65240, 45813, 35, 151645]",24db9ac12df8786dc8977cd54fafb7cddb6b470ffd5ecea20864a9cdd0abfabb,280,269,11,91.376,76.794,4,19002387817,18826893505,175494312,18935470520,643,53f7be0dba6bb218ee3cbb2282076e9756161be889d3e9f19ae169c39f8734dd,643,10961,IDENTITY
h1-small-reuse24,qwen2.5-0.5b-instruct-fp16-v2,slice-versus-full-cache-v1,record-reuse,24,940129,confirmation,MEASUREMENT,attempt-988b01866edb4d97823bbbc018615c4e,baseline,1,1,r028,de7452659b7303feb075caac1c0e06e99c3f8c11f8563dcadf86a93adf7e608d,3,4,False,True,SUCCEEDED,False,CITVX,CDODC,"[6484, 2069, 34, 151645]",cb324cc3e1b94e2b3856f23fd75d4520d264ddc1e6980a5b895432a266cd3a69,281,269,12,97.64,76.961,4,19191852357,19009986056,181866301,19143556659,643,6b9192f273f25831c1d907f0e76697325b72015848a75d2a12ace7e4911d8850,643,11100,IDENTITY
h1-small-reuse24,qwen2.5-0.5b-instruct-fp16-v2,slice-versus-full-cache-v1,record-reuse,24,940129,confirmation,MEASUREMENT,attempt-988b01866edb4d97823bbbc018615c4e,baseline,1,1,r029,de7452659b7303feb075caac1c0e06e99c3f8c11f8563dcadf86a93adf7e608d,3,5,False,True,SUCCEEDED,True,CXRXD,CXRXD,"[65240, 45813, 35, 151645]",f5dc4126f460f1e11c7d2646efe6ac36adb598cb1c55b5814237ae52e51076b4,282,269,13,105.092,76.582,4,20026704302,19837675662,189028640,19969493295,643,74ab8604ee2c126df4ca0887606b73d37908232a000de16eef3aaa51c4931f88,643,11211,IDENTITY
h1-small-reuse24,qwen2.5-0.5b-instruct-fp16-v2,slice-versus-full-cache-v1,record-reuse,24,940129,confirmation,MEASUREMENT,attempt-988b01866edb4d97823bbbc018615c4e,baseline,1,1,r030,de7452659b7303feb075caac1c0e06e99c3f8c11f8563dcadf86a93adf7e608d,3,6,False,True,SUCCEEDED,False,CZLKP,CJTIH,"[34, 41, 26614, 39, 151645]",a40f196cda94c8dcab14b57e7919271c3700e6b42b37dcfd6b338c9bfc2e73ad,281,269,12,97.717,102.258,5,20237731339,20030534474,207196865,20154512729,643,4722e7aec06b204b2d7585809368a508746b4db559c5242297ee1eede5d223d9,643,10629,IDENTITY
h1-small-reuse24,qwen2.5-0.5b-instruct-fp16-v2,slice-versus-full-cache-v1,record-reuse,24,940129,confirmation,MEASUREMENT,attempt-988b01866edb4d97823bbbc018615c4e,baseline,1,1,r031,de7452659b7303feb075caac1c0e06e99c3f8c11f8563dcadf86a93adf7e608d,3,7,False,True,SUCCEEDED,False,COLQZ,CXBRC,"[65240, 33, 7380, 151645]",0349c1959656581cf842a3ad336497e0cd60b4c8a9336e8d8400db3254d678d1,282,269,13,104.795,76.56,4,21009824049,20821125173,188698876,20952336678,643,bfe36c31897268a400384f46c9adacac65123f5a0d1e55b76c6f11bbedc3aa3d,643,10770,IDENTITY
h1-small-reuse24,qwen2.5-0.5b-instruct-fp16-v2,slice-versus-full-cache-v1,record-reuse,24,940129,confirmation,MEASUREMENT,attempt-988b01866edb4d97823bbbc018615c4e,baseline,1,1,r032,465aba40aeff43f68e362d37f102e2178ab71d65fb90a666b41011b524868280,4,0,True,True,SUCCEEDED,False,CEGNJ,CCTJJ,"[34, 1162, 63391, 151645]",4c309b5a4766ce5f53f9ca1eba07b4c3b4cfd6a96e577bad2242d1e100a9ec78,276,70,206,1245.904,76.66,4,22343833005,21014095603,1329737402,22290597310,643,e6542de337d508444f85db84ef32a290dc82821041414315c4ab128dfe08a3d5,643,11261,IDENTITY
h1-small-reuse24,qwen2.5-0.5b-instruct-fp16-v2,slice-versus-full-cache-v1,record-reuse,24,940129,confirmation,MEASUREMENT,attempt-988b01866edb4d97823bbbc018615c4e,baseline,1,1,r033,465aba40aeff43f68e362d37f102e2178ab71d65fb90a666b41011b524868280,4,1,False,True,SUCCEEDED,False,CHIHK,CQXSP,"[34, 48, 55, 4592, 151645]",316b5663813bf4daf1c2db0efbf1dd1098fb51e326221799da350f3c4f469807,276,265,11,180.778,104.667,5,23338250792,23045546091,292704701,23252522976,643,cff41e028ffd7f3b1f0e85e6c65b9fcc0c70b06064b6af45ffce1cd2e69907ba,643,10510,IDENTITY
h1-small-reuse24,qwen2.5-0.5b-instruct-fp16-v2,slice-versus-full-cache-v1,record-reuse,24,940129,confirmation,MEASUREMENT,attempt-988b01866edb4d97823bbbc018615c4e,baseline,1,1,r034,465aba40aeff43f68e362d37f102e2178ab71d65fb90a666b41011b524868280,4,2,False,True,SUCCEEDED,False,CWXJI,CULJS,"[34, 1094, 12545, 151645]",778352bcd4d1beaed5ed4b1c40dd64a0f3a3190501c721632aeae71b8ecde910,276,264,12,97.318,76.658,4,24016904137,23835710046,181194091,23965009937,643,9784194228e61c195592952e8fe07937929742e7798d3c1fe951618f744d24f4,643,10770,IDENTITY
h1-small-reuse24,qwen2.5-0.5b-instruct-fp16-v2,slice-versus-full-cache-v1,record-reuse,24,940129,confirmation,MEASUREMENT,attempt-988b01866edb4d97823bbbc018615c4e,baseline,1,1,r035,465aba40aeff43f68e362d37f102e2178ab71d65fb90a666b41011b524868280,4,3,False,True,SUCCEEDED,False,CRQHV,CQGXL,"[34, 48, 38, 36530, 151645]",9984b2b28e90bf13f45b1949e9bd35837c739187da36c5be25fb57da504fd572,276,264,12,97.634,102.598,5,24231503537,24023744547,207758990,24154697882,643,53cc5ebae51cf49a7c677be9611b18fdc16030f9c0b864421b58d15681cf7c12,643,10770,IDENTITY
h1-small-reuse24,qwen2.5-0.5b-instruct-fp16-v2,slice-versus-full-cache-v1,record-reuse,24,940129,confirmation,MEASUREMENT,attempt-988b01866edb4d97823bbbc018615c4e,baseline,1,1,r036,465aba40aeff43f68e362d37f102e2178ab71d65fb90a666b41011b524868280,4,4,False,True,SUCCEEDED,True,CBRTA,CBRTA,"[12979, 5350, 32, 151645]",6583d751d2b7a528e46410628cfd31ba55e07e8c4f42548d5617156e048913af,276,264,12,97.081,76.449,4,25032811585,24851769627,181041958,24965679088,643,9e770932713a2e8407aeea1d5a460f34c785f3c0dd934af19c9f3f42c482f26d,643,10439,IDENTITY
h1-small-reuse24,qwen2.5-0.5b-instruct-fp16-v2,slice-versus-full-cache-v1,record-reuse,24,940129,confirmation,MEASUREMENT,attempt-988b01866edb4d97823bbbc018615c4e,baseline,1,1,r037,465aba40aeff43f68e362d37f102e2178ab71d65fb90a666b41011b524868280,4,5,False,True,SUCCEEDED,True,CULJS,CULJS,"[34, 1094, 12545, 151645]",62a9b77149bfbc7a7759401fa4c2c667d7aa12cd8c1af6e186948d92d133f366,275,264,11,91.441,76.713,4,25218573159,25043158095,175415064,25160496773,643,f311a85ffa5636e4a0ce0ac1292379cfd1b996798d0e24cdabd5abb8019acfa7,643,10649,IDENTITY
h1-small-reuse24,qwen2.5-0.5b-instruct-fp16-v2,slice-versus-full-cache-v1,record-reuse,24,940129,confirmation,MEASUREMENT,attempt-988b01866edb4d97823bbbc018615c4e,baseline,1,1,r038,465aba40aeff43f68e362d37f102e2178ab71d65fb90a666b41011b524868280,4,6,False,True,SUCCEEDED,False,CDEGZ,CCTJJ,"[34, 1162, 63391, 151645]",3445422e739750147c8be544a37567f51619ab890883f25e7ee97d877a463556,276,264,12,97.019,77.023,4,26023348495,25839859366,183489129,25963488692,643,8729e96251c2c78c47790705f77db40e5ac37650558f40ef4abafafc54c45e07,643,10660,IDENTITY
h1-small-reuse24,qwen2.5-0.5b-instruct-fp16-v2,slice-versus-full-cache-v1,record-reuse,24,940129,confirmation,MEASUREMENT,attempt-988b01866edb4d97823bbbc018615c4e,baseline,1,1,r039,465aba40aeff43f68e362d37f102e2178ab71d65fb90a666b41011b524868280,4,7,False,True,SUCCEEDED,False,CDVDM,CHOYT,"[30498, 78345, 151645]",4c852a9f55af93f8b619f37cf34c9689265084111f02245f7acd962c5d53a96c,276,264,12,97.385,51.319,3,26186773443,26027657317,159116126,26151654036,643,4573e23525359a140f1fd3e86755d7e2bc5f7ae6466e0fc9bb953e1c78d19980,643,11751,IDENTITY
h1-small-reuse24,qwen2.5-0.5b-instruct-fp16-v2,slice-versus-full-cache-v1,record-reuse,24,940129,confirmation,MEASUREMENT,attempt-988b01866edb4d97823bbbc018615c4e,baseline,1,1,r040,ce6da994793097e8265f857fad5e4e835b9ff468e4bbf067e735e140b309694e,5,0,True,True,SUCCEEDED,True,CMHPA,CMHPA,"[9985, 6610, 32, 151645]",67912ba631d2e49ea90087c8ff6944b2cb124efb5b1389512810273aa57bccb9,270,70,200,1212.643,76.758,4,28152111421,26852045685,1300065736,28092385788,643,2f61e4d2cc043827a92071488a37547279a32a5439f0c6d45f985c110eb6a0da,643,10590,IDENTITY
h1-small-reuse24,qwen2.5-0.5b-instruct-fp16-v2,slice-versus-full-cache-v1,record-reuse,24,940129,confirmation,MEASUREMENT,attempt-988b01866edb4d97823bbbc018615c4e,baseline,1,1,r041,ce6da994793097e8265f857fad5e4e835b9ff468e4bbf067e735e140b309694e,5,1,False,True,SUCCEEDED,True,CYWXU,CYWXU,"[34525, 65376, 52, 151645]",27f114535c13dd1b6c233496385c13b2411f1164528bdbd7a50396a15b1a94d3,271,259,12,96.956,76.4,4,29040433818,28859912388,180521430,28973573387,643,a5029ad07815708fc1499c63bea6d636ab16e870fe1473296740630041efc10d,643,12644,IDENTITY
h1-small-reuse24,qwen2.5-0.5b-instruct-fp16-v2,slice-versus-full-cache-v1,record-reuse,24,940129,confirmation,MEASUREMENT,attempt-988b01866edb4d97823bbbc018615c4e,baseline,1,1,r042,ce6da994793097e8265f857fad5e4e835b9ff468e4bbf067e735e140b309694e,5,2,False,True,SUCCEEDED,False,CRAHS,CGLFA,"[34, 3825, 3627, 151645]",d5e342ca408efb19bc31fd9c745408ac269943c368293d0f7bfe5c9e89903040,270,259,11,91.509,76.905,4,29230350308,29051405280,178945028,29175309537,643,7e44b067a1f2cc57694e7d9b1d10690ea825c0f6f0f512bce39cce754ac44b90,643,10519,IDENTITY
h1-small-reuse24,qwen2.5-0.5b-instruct-fp16-v2,slice-versus-full-cache-v1,record-reuse,24,940129,confirmation,MEASUREMENT,attempt-988b01866edb4d97823bbbc018615c4e,baseline,1,1,r043,ce6da994793097e8265f857fad5e4e835b9ff468e4bbf067e735e140b309694e,5,3,False,True,SUCCEEDED,False,CHJDO,CFSYH,"[34, 8485, 56, 39, 151645]",4b5f2387fd89ee8f6e081f90c2cf61c608b9b054656eee9b39776393c25aeb42,271,259,12,96.867,101.969,5,30078976517,29872597714,206378803,29986242673,643,6b432f28966f7d1e0e2277d4f120ffa0eacaaab3453edd5013ff3bd7f2a12728,643,10680,IDENTITY
h1-small-reuse24,qwen2.5-0.5b-instruct-fp16-v2,slice-versus-full-cache-v1,record-reuse,24,940129,confirmation,MEASUREMENT,attempt-988b01866edb4d97823bbbc018615c4e,baseline,1,1,r044,ce6da994793097e8265f857fad5e4e835b9ff468e4bbf067e735e140b309694e,5,4,False,True,SUCCEEDED,False,CSRBI,CZZMK,"[34, 33536, 44140, 151645]",33dc55cfc22a127b8266e40fff4b32308a1a495847b70a41cf5bde4ea35335f2,271,259,12,97.303,76.779,4,30267307990,30086112767,181195223,30196580458,643,5e1df64bd03c81bb66609589f95976569aaf3e87ec678d4d546fbbe5ad52bb31,643,10710,IDENTITY
h1-small-reuse24,qwen2.5-0.5b-instruct-fp16-v2,slice-versus-full-cache-v1,record-reuse,24,940129,confirmation,MEASUREMENT,attempt-988b01866edb4d97823bbbc018615c4e,baseline,1,1,r045,ce6da994793097e8265f857fad5e4e835b9ff468e4bbf067e735e140b309694e,5,5,False,True,SUCCEEDED,False,CWUXI,CMLWS,"[34, 2668, 7433, 151645]",b8b3b24885fb30d9c047e48542c058a3a8c72c5331d3fdb289f8e33dad05fd60,271,259,12,96.848,76.551,4,31040973034,30853825653,187147381,30977423541,643,4547d7de1ebf1002599935e192dbf6be72b61a26ccded471b04fcdc73e1662d6,643,11221,IDENTITY
h1-small-reuse24,qwen2.5-0.5b-instruct-fp16-v2,slice-versus-full-cache-v1,record-reuse,24,940129,confirmation,MEASUREMENT,attempt-988b01866edb4d97823bbbc018615c4e,baseline,1,1,r046,ce6da994793097e8265f857fad5e4e835b9ff468e4bbf067e735e140b309694e,5,6,False,True,SUCCEEDED,True,CZZMK,CZZMK,"[34, 33536, 44140, 151645]",95ebd4a8b02591ef2cc89c602380745345dc620168f9bda278cf42695a9ad67e,271,259,12,97.097,77.217,4,31229799198,31048317372,181481826,31171720236,643,251713514f46617cd01fd3fc41ddbcdcff311b143d4dd49505863c884165e9b8,643,10640,IDENTITY
h1-small-reuse24,qwen2.5-0.5b-instruct-fp16-v2,slice-versus-full-cache-v1,record-reuse,24,940129,confirmation,MEASUREMENT,attempt-988b01866edb4d97823bbbc018615c4e,baseline,1,1,r047,ce6da994793097e8265f857fad5e4e835b9ff468e4bbf067e735e140b309694e,5,7,False,True,SUCCEEDED,True,CBARL,CBARL,"[12979, 934, 43, 151645]",bfae9b962c7cf076b75d4ea20457b8e964fe03394d7e332f10cd1e4fc2bfe3e9,271,259,12,97.038,76.298,4,32048566542,31868105234,180461308,31982177117,643,f4d9f141155f66bc5e231de48f8e89a5bf73992ccd3c616d46770733b6bf217f,643,10720,IDENTITY
h1-small-reuse24,qwen2.5-0.5b-instruct-fp16-v2,slice-versus-full-cache-v1,record-reuse,24,940129,confirmation,MEASUREMENT,attempt-988b01866edb4d97823bbbc018615c4e,baseline,1,1,r048,31c273a31cd186f5a8a683fcd5738d3b6ca032eb15fcf924351121440bf92fa2,6,0,True,True,SUCCEEDED,True,CFPEJ,CFPEJ,"[9650, 1740, 41, 151645]",69879c8e68e57d72875df6864972fe2c3a7fda3843aaea389a88b90cdf44becd,272,70,202,1221.494,76.777,4,33361722341,32055750311,1305972030,33308270003,643,0ce4427f285f6c99e3f6475ead8af1fb01f52ac04b77f5d403ad4f11b605c3ee,643,10510,IDENTITY
h1-small-reuse24,qwen2.5-0.5b-instruct-fp16-v2,slice-versus-full-cache-v1,record-reuse,24,940129,confirmation,MEASUREMENT,attempt-988b01866edb4d97823bbbc018615c4e,baseline,1,1,r049,31c273a31cd186f5a8a683fcd5738d3b6ca032eb15fcf924351121440bf92fa2,6,1,False,True,SUCCEEDED,True,CQWEV,CQWEV,"[34, 48, 12457, 53, 151645]",ed5cf49c0f0a39c9bbfb2a07df437589b5772b94a4f99e1f9a9089dfee4165f4,272,260,12,97.003,102.087,5,34083209878,33876485222,206724656,33983160450,643,ed6b22b83a949ca46961f3aba1bdd25afd2c51ee0f4b742089e05f7dba1d30b5,643,10590,IDENTITY
h1-small-reuse24,qwen2.5-0.5b-instruct-fp16-v2,slice-versus-full-cache-v1,record-reuse,24,940129,confirmation,MEASUREMENT,attempt-988b01866edb4d97823bbbc018615c4e,baseline,1,1,r050,31c273a31cd186f5a8a683fcd5738d3b6ca032eb15fcf924351121440bf92fa2,6,2,False,True,SUCCEEDED,False,CHRWQ,CWOET,"[34, 22681, 1348, 151645]",01c576b02831661e9b90e78db59d8b0e64df96e607d594e7254337448edf3aae,272,260,12,97.58,83.009,4,34277986576,34090018759,187967817,34205441114,643,fcf8aec58a502f3935e9c900a6f95111f318c8dada559032cd3d058170d0ca56,643,10630,IDENTITY
h1-small-reuse24,qwen2.5-0.5b-instruct-fp16-v2,slice-versus-full-cache-v1,record-reuse,24,940129,confirmation,MEASUREMENT,attempt-988b01866edb4d97823bbbc018615c4e,baseline,1,1,r051,31c273a31cd186f5a8a683fcd5738d3b6ca032eb15fcf924351121440bf92fa2,6,3,False,True,SUCCEEDED,True,CPTND,CPTND,"[34, 2828, 8065, 151645]",c59f7c11c99634d82e302454877a36012b234707c677256a3b489d990eeef764,271,260,11,91.208,76.982,4,35051663934,34876373511,175290423,34985831905,643,f66abecec89295c0ef8572bc9ceab2bd2d98dc8cc6028a17ef4f0a21d8473ac5,643,10971,IDENTITY
h1-small-reuse24,qwen2.5-0.5b-instruct-fp16-v2,slice-versus-full-cache-v1,record-reuse,24,940129,confirmation,MEASUREMENT,attempt-988b01866edb4d97823bbbc018615c4e,baseline,1,1,r052,31c273a31cd186f5a8a683fcd5738d3b6ca032eb15fcf924351121440bf92fa2,6,4,False,True,SUCCEEDED,True,CBYGB,CBYGB,"[34, 19912, 5381, 151645]",3fa9e2492d77fee83d4ce3e03431c8ebaf630583501a3a89f40d7a8a993c1768,272,260,12,97.418,76.828,4,35241328275,35059809571,181518704,35173430666,643,1872676294de46d2ffedc4713e5cd1e6013d8c56d07aae21fc59ae2d99a6165a,643,10930,IDENTITY
h1-small-reuse24,qwen2.5-0.5b-instruct-fp16-v2,slice-versus-full-cache-v1,record-reuse,24,940129,confirmation,MEASUREMENT,attempt-988b01866edb4d97823bbbc018615c4e,baseline,1,1,r053,31c273a31cd186f5a8a683fcd5738d3b6ca032eb15fcf924351121440bf92fa2,6,5,False,True,SUCCEEDED,True,CQCIC,CQCIC,"[34, 61042, 1317, 151645]",14decc4305f7be80ec5bc785dc95950721e1d1c7c1b536a60adaaf5ec01726c3,272,260,12,97.03,76.762,4,36055838965,35874245531,181593434,35997435410,643,4d472bf2c746443a728d87df4012486f9e71772438978abd1d34cf27965ab367,643,10610,IDENTITY
h1-small-reuse24,qwen2.5-0.5b-instruct-fp16-v2,slice-versus-full-cache-v1,record-reuse,24,940129,confirmation,MEASUREMENT,attempt-988b01866edb4d97823bbbc018615c4e,baseline,1,1,r054,31c273a31cd186f5a8a683fcd5738d3b6ca032eb15fcf924351121440bf92fa2,6,6,False,True,SUCCEEDED,True,CLOHE,CLOHE,"[34, 1593, 1799, 151645]",3baeff80be1df5452fc07a56887dd5ce0e9f47b1123e1a9ec54d4e9772364713,271,260,11,91.363,77.185,4,36241531701,36062188282,179343419,36185320202,643,783b72b430578947eb0d791b7fa138dc3d02c5bd1de376cb326f2c04ab20cc1e,643,10780,IDENTITY
h1-small-reuse24,qwen2.5-0.5b-instruct-fp16-v2,slice-versus-full-cache-v1,record-reuse,24,940129,confirmation,MEASUREMENT,attempt-988b01866edb4d97823bbbc018615c4e,baseline,1,1,r055,31c273a31cd186f5a8a683fcd5738d3b6ca032eb15fcf924351121440bf92fa2,6,7,False,True,SUCCEEDED,False,CAMWX,CWNOD,"[34, 36919, 2069, 151645]",7ddc8309568afd01cd9c875b7f43f136c300fdc53390209c6be2622cab6a32d1,272,260,12,96.893,76.733,4,37071946775,36890871195,181075580,37004952045,643,2f0578a16c15102d8c3bf3b45d2898d16c85fd0ec6408b19e37698b18fe8e926,643,10820,IDENTITY
h1-small-reuse24,qwen2.5-0.5b-instruct-fp16-v2,slice-versus-full-cache-v1,record-reuse,24,940129,confirmation,MEASUREMENT,attempt-988b01866edb4d97823bbbc018615c4e,baseline,1,1,r056,ce463ecae5f51b8506fc3a430b267bad026cb4a2f4a1a80ab72faeb6f40b2987,7,0,True,True,SUCCEEDED,False,CHKEZ,CROJX,"[34, 1285, 41, 55, 151645]",c15fd9d95e53b62efb3d0fa35ef78a815f8fcd2c80da959f9c39bba85570a5cc,280,70,210,1270.767,102.586,5,38459373655,37078501664,1380871991,38377109891,643,4a414c4ca4f5b1ed344a71118d8e4c4f0fad6695e3505513a2d76c68da4e3c9b,643,10449,IDENTITY
h1-small-reuse24,qwen2.5-0.5b-instruct-fp16-v2,slice-versus-full-cache-v1,record-reuse,24,940129,confirmation,MEASUREMENT,attempt-988b01866edb4d97823bbbc018615c4e,baseline,1,1,r057,ce463ecae5f51b8506fc3a430b267bad026cb4a2f4a1a80ab72faeb6f40b2987,7,1,False,True,SUCCEEDED,True,CAXSG,CAXSG,"[34, 2954, 7783, 151645]",f2231b96112429c0edfca1dd3c4749bb3a2f28fa50c490828423bee449ee8a36,280,268,12,97.348,76.573,4,39072401094,38888171769,184229325,39012182424,643,ec9cb18ca4089cbd5f0fccb41dcefbc3404667807f8fb517b33e5645619527b6,643,10570,IDENTITY
h1-small-reuse24,qwen2.5-0.5b-instruct-fp16-v2,slice-versus-full-cache-v1,record-reuse,24,940129,confirmation,MEASUREMENT,attempt-988b01866edb4d97823bbbc018615c4e,baseline,1,1,r058,ce463ecae5f51b8506fc3a430b267bad026cb4a2f4a1a80ab72faeb6f40b2987,7,2,False,True,SUCCEEDED,False,CFHFV,CLOA,"[34, 1593, 32, 151645]",858fa7bdf0fca5be0fa4fbc582a996ae115140b91ee213fd4a8b5b06dba1df83,280,268,12,97.999,77.065,4,39259667727,39076434565,183233162,39192431347,643,c4c7d93c1990902125f2651b0d58f78868e89900cc83fb686f73fd48968001d1,643,10549,IDENTITY
h1-small-reuse24,qwen2.5-0.5b-instruct-fp16-v2,slice-versus-full-cache-v1,record-reuse,24,940129,confirmation,MEASUREMENT,attempt-988b01866edb4d97823bbbc018615c4e,baseline,1,1,r059,ce463ecae5f51b8506fc3a430b267bad026cb4a2f4a1a80ab72faeb6f40b2987,7,3,False,True,SUCCEEDED,True,CROQS,CROQS,"[34, 1285, 70810, 151645]",1147b0696cdd1766869a31e90226792bdf2cd8b96a317c0b1a0f4dc501f0bddf,280,268,12,97.256,76.762,4,40080929761,39899056898,181872863,40013754916,643,cf9afe3d8e7f96e604fbd45a7d53f743e82e22baaa2c690a25a00970015b4c13,643,10690,IDENTITY
h1-small-reuse24,qwen2.5-0.5b-instruct-fp16-v2,slice-versus-full-cache-v1,record-reuse,24,940129,confirmation,MEASUREMENT,attempt-988b01866edb4d97823bbbc018615c4e,baseline,1,1,r060,ce463ecae5f51b8506fc3a430b267bad026cb4a2f4a1a80ab72faeb6f40b2987,7,4,False,True,SUCCEEDED,True,CEZML,CEZML,"[2104, 57, 2668, 151645]",a306f95a342d6af32cfacee597fecc28397a1bfbec8f993a48bf7263f04660e5,280,268,12,97.344,77.388,4,40274165183,40088820524,185344659,40217302865,643,f442d5bb1c8552ed47d76cea879e13cdc025631a06f0167c1d34145c9b4c8b2d,643,10860,IDENTITY
h1-small-reuse24,qwen2.5-0.5b-instruct-fp16-v2,slice-versus-full-cache-v1,record-reuse,24,940129,confirmation,MEASUREMENT,attempt-988b01866edb4d97823bbbc018615c4e,baseline,1,1,r061,ce463ecae5f51b8506fc3a430b267bad026cb4a2f4a1a80ab72faeb6f40b2987,7,5,False,True,SUCCEEDED,False,CRHIR,CROQS,"[34, 1285, 70810, 151645]",bcdfade3666164a47bec13c3c5d7abd2a4dfb518d00057378744ceefb6429ca7,280,268,12,97.083,76.409,4,41090890952,40905662839,185228113,41029492107,643,c28dc826c8367b92c76e12a86f0e893eb4a7e49b3120100d18d6f1abfb1c9288,643,10549,IDENTITY
h1-small-reuse24,qwen2.5-0.5b-instruct-fp16-v2,slice-versus-full-cache-v1,record-reuse,24,940129,confirmation,MEASUREMENT,attempt-988b01866edb4d97823bbbc018615c4e,baseline,1,1,r062,ce463ecae5f51b8506fc3a430b267bad026cb4a2f4a1a80ab72faeb6f40b2987,7,6,False,True,SUCCEEDED,True,CGLQI,CGLQI,"[34, 3825, 48, 40, 151645]",ee53f15fed34ae1e6ed6607769cb524c33ebf8dbb03dae828439fab2f948f4df,280,268,12,97.375,102.32,5,41305740557,41098581403,207159154,41221459822,643,76a7a247456e607735e44257db3808465471c26a07434d5d1cd66802329fefd1,643,10970,IDENTITY
h1-small-reuse24,qwen2.5-0.5b-instruct-fp16-v2,slice-versus-full-cache-v1,record-reuse,24,940129,confirmation,MEASUREMENT,attempt-988b01866edb4d97823bbbc018615c4e,baseline,1,1,r063,ce463ecae5f51b8506fc3a430b267bad026cb4a2f4a1a80ab72faeb6f40b2987,7,7,False,True,SUCCEEDED,False,CRBJR,CROJX,"[34, 1285, 41, 55, 151645]",3d5e5d4a44fa22a1e40b7d85a823ed1110db3c42a2360c8a59d0fd544bc0c316,280,268,12,97.246,102.204,5,42113655952,41906848852,206807100,42020901530,643,42256bc662484a2f8c12e715541c813b1acbc728a054bd8a3275ba5666f00a9d,643,10620,IDENTITY
h1-small-reuse24,qwen2.5-0.5b-instruct-fp16-v2,slice-versus-full-cache-v1,record-reuse,24,940129,confirmation,MEASUREMENT,attempt-988b01866edb4d97823bbbc018615c4e,baseline,1,1,r064,56d9cfb76db81890e3f27be0447bd2a04a2fcdf8ac5ea1dc287b177c12fc4fcc,8,0,True,True,SUCCEEDED,False,CKWQP,CVMXH,"[34, 11187, 55, 39, 151645]",409f0e95a59c88d5c77134fb306478fd84fff114d5a8f88715f9750957559abe,278,70,208,1260.5,102.631,5,43489871784,42120566022,1369305762,43400048542,643,022dab25a87e4d8182adcd811fcc2c282898a5d5b5dbe26b2f6b76b45ca28260,643,10800,IDENTITY
h1-small-reuse24,qwen2.5-0.5b-instruct-fp16-v2,slice-versus-full-cache-v1,record-reuse,24,940129,confirmation,MEASUREMENT,attempt-988b01866edb4d97823bbbc018615c4e,baseline,1,1,r065,56d9cfb76db81890e3f27be0447bd2a04a2fcdf8ac5ea1dc287b177c12fc4fcc,8,1,False,True,SUCCEEDED,True,CUEIE,CUEIE,"[34, 2230, 5371, 151645]",a5cf22e173487541d3d9cd89d2a0db3446d3a1aa94079fc26e5e38d55a5a590a,280,267,13,105.113,76.689,4,44091907504,43902265634,189641870,44034248003,643,e0c169e480aa663f4c84029ba059f859461f9adc71ba6023c80a1b615d26ceaf,643,10670,IDENTITY
h1-small-reuse24,qwen2.5-0.5b-instruct-fp16-v2,slice-versus-full-cache-v1,record-reuse,24,940129,confirmation,MEASUREMENT,attempt-988b01866edb4d97823bbbc018615c4e,baseline,1,1,r066,56d9cfb76db81890e3f27be0447bd2a04a2fcdf8ac5ea1dc287b177c12fc4fcc,8,2,False,True,SUCCEEDED,True,CRYRU,CRYRU,"[34, 11242, 36003, 151645]",358f1cda728164ff236872ed4c7433b01d6f1e69e7c85a0e359eae965c613606,280,268,12,97.753,76.752,4,44286981926,44102286644,184695282,44226738109,643,60b9088e6e08f62247d2f06f28246eb936c351a0b4e48c58348e953aa815a9d7,643,10629,IDENTITY
h1-small-reuse24,qwen2.5-0.5b-instruct-fp16-v2,slice-versus-full-cache-v1,record-reuse,24,940129,confirmation,MEASUREMENT,attempt-988b01866edb4d97823bbbc018615c4e,baseline,1,1,r067,56d9cfb76db81890e3f27be0447bd2a04a2fcdf8ac5ea1dc287b177c12fc4fcc,8,3,False,True,SUCCEEDED,False,CYVDC,CGRWX,"[8798, 56368, 55, 151645]",0b6d82ff4cd2bcfc76e305fa0262c854b203e04b341a4cf12b9ea161edf72790,279,267,12,97.318,76.617,4,45090403915,44909160342,181243573,45023488642,643,1c723ed5b0e7d5a961b24b0c42f59c2b787a17a8db4f9fa41044cd174f7ebf66,643,10960,IDENTITY
h1-small-reuse24,qwen2.5-0.5b-instruct-fp16-v2,slice-versus-full-cache-v1,record-reuse,24,940129,confirmation,MEASUREMENT,attempt-988b01866edb4d97823bbbc018615c4e,baseline,1,1,r068,56d9cfb76db81890e3f27be0447bd2a04a2fcdf8ac5ea1dc287b177c12fc4fcc,8,4,False,True,SUCCEEDED,False,CLZEF,CQNVV,"[34, 48, 36326, 53, 151645]",a3948e2a02211aaade9c916a0bf658bf7044f2a300b809f57f5f9d0eb46506da,279,267,12,97.767,102.254,5,45307974480,45100730828,207243652,45224601613,643,6653be220686e1ebf24c1ddbe94ab9d577626c9047466954209646505fe07e58,643,10590,IDENTITY
h1-small-reuse24,qwen2.5-0.5b-instruct-fp16-v2,slice-versus-full-cache-v1,record-reuse,24,940129,confirmation,MEASUREMENT,attempt-988b01866edb4d97823bbbc018615c4e,baseline,1,1,r069,56d9cfb76db81890e3f27be0447bd2a04a2fcdf8ac5ea1dc287b177c12fc4fcc,8,5,False,True,SUCCEEDED,True,CGUYW,CGUYW,"[8798, 31301, 54, 151645]",e0d2a692110b2209c231118c4ff948c3acbee63bc7ac374d251aa531982ead9d,279,267,12,97.207,76.545,4,46087584880,45905895528,181689352,46029552766,643,08e2ac5453e0d64533b6918fb173705e59e12b031be698b6ff9ac5652ab99312,643,10800,IDENTITY
h1-small-reuse24,qwen2.5-0.5b-instruct-fp16-v2,slice-versus-full-cache-v1,record-reuse,24,940129,confirmation,MEASUREMENT,attempt-988b01866edb4d97823bbbc018615c4e,baseline,1,1,r070,56d9cfb76db81890e3f27be0447bd2a04a2fcdf8ac5ea1dc287b177c12fc4fcc,8,6,False,True,SUCCEEDED,False,CGQBF,CWWCX,"[34, 18985, 65240, 151645]",d250cda8fed65e3a9b32fc999c159dec87711b38cccba114d6994cd248900ec9,279,267,12,97.507,76.964,4,46279575949,46093928286,185647663,46217571167,643,c0e924fda9771bec5fd5a725e7faa08a11eeed616f75782c8782b9fff869cb7f,643,10881,IDENTITY
h1-small-reuse24,qwen2.5-0.5b-instruct-fp16-v2,slice-versus-full-cache-v1,record-reuse,24,940129,confirmation,MEASUREMENT,attempt-988b01866edb4d97823bbbc018615c4e,baseline,1,1,r071,56d9cfb76db81890e3f27be0447bd2a04a2fcdf8ac5ea1dc287b177c12fc4fcc,8,7,False,True,SUCCEEDED,False,CYAND,CYZEF,"[34525, 57, 14884, 151645]",249385953ea122c49c081ac36255108536304618158f6424d537bcf17ab97b7c,279,267,12,97.368,76.576,4,47093251154,46911568835,181682319,47026041774,643,070fa72212066672e37b047b431f2bbbe08893cd08282b48e9189d5045f26841,643,10770,IDENTITY
h1-small-reuse24,qwen2.5-0.5b-instruct-fp16-v2,slice-versus-full-cache-v1,record-reuse,24,940129,confirmation,MEASUREMENT,attempt-988b01866edb4d97823bbbc018615c4e,baseline,1,1,r072,7dfce28e2c90ec4cf02b6faa00cc10bfbe877bc0128c2dc426154a4072defced,9,0,True,True,SUCCEEDED,False,CZRYR,CXRYR,"[65240, 11242, 49, 151645]",d91b46b08532011c04e464e5497e417c11d7371003f382dd84eb1e6959b1f3bd,277,70,207,1260.69,77.969,4,48448168190,47101648349,1346519841,48384576628,643,8c62b6a1214c115701729666f0edd2d62ba484c3ae1036feaaf5b71949c8c2fe,643,10770,IDENTITY
h1-small-reuse24,qwen2.5-0.5b-instruct-fp16-v2,slice-versus-full-cache-v1,record-reuse,24,940129,confirmation,MEASUREMENT,attempt-988b01866edb4d97823bbbc018615c4e,baseline,1,1,r073,7dfce28e2c90ec4cf02b6faa00cc10bfbe877bc0128c2dc426154a4072defced,9,1,False,True,SUCCEEDED,False,CSOMH,CXVBA,"[65240, 53, 7064, 151645]",0ce241b9e2467e90229e3782f508734155c213f395842a1364d76c368eba52aa,277,265,12,97.21,76.804,4,49108149232,48926757554,181391678,49040833625,643,6eda43ed70ef5f5306de23efb983e3a57fad07553a43758580b2e1d820a156fb,643,10940,IDENTITY
h1-small-reuse24,qwen2.5-0.5b-instruct-fp16-v2,slice-versus-full-cache-v1,record-reuse,24,940129,confirmation,MEASUREMENT,attempt-988b01866edb4d97823bbbc018615c4e,baseline,1,1,r074,7dfce28e2c90ec4cf02b6faa00cc10bfbe877bc0128c2dc426154a4072defced,9,2,False,True,SUCCEEDED,False,CJFCT,CQUFR,"[34, 5757, 10504, 151645]",91675d7bfd6d2d2ca3ed33c12e0ebdb661b4f83230dc3a757fcbaddec7047cf1,277,265,12,97.374,77.01,4,49301363155,49114701266,186661889,49238594473,643,a7a130a3d07333c5ef62caee8d55e7530bdccd5f4853fd1cfcd836739244a6de,643,10850,IDENTITY
h1-small-reuse24,qwen2.5-0.5b-instruct-fp16-v2,slice-versus-full-cache-v1,record-reuse,24,940129,confirmation,MEASUREMENT,attempt-988b01866edb4d97823bbbc018615c4e,baseline,1,1,r075,7dfce28e2c90ec4cf02b6faa00cc10bfbe877bc0128c2dc426154a4072defced,9,3,False,True,SUCCEEDED,False,CKROV,CFOQ,"[34, 3788, 48, 151645]",ef7f570ab48850f39c3ea2cb30f6f57855936394fb4284093fd0604e6de222a0,278,265,13,106.285,78.727,4,50122707401,49926958094,195749307,50059397453,643,fa891a3ea2ad037ae6effe67c0da4e623811fb8dc55a8f211faf3c93a5830c3e,643,10800,IDENTITY
h1-small-reuse24,qwen2.5-0.5b-instruct-fp16-v2,slice-versus-full-cache-v1,record-reuse,24,940129,confirmation,MEASUREMENT,attempt-988b01866edb4d97823bbbc018615c4e,baseline,1,1,r076,7dfce28e2c90ec4cf02b6faa00cc10bfbe877bc0128c2dc426154a4072defced,9,4,False,True,SUCCEEDED,True,CTFPK,CTFPK,"[34, 10808, 22242, 151645]",5ba9b3fcff2fcfe9849e27808abe5af1901e4e5fccb558aaf76dbc33428b7842,277,265,12,97.643,76.878,4,50312443707,50130745529,181698178,50254579695,643,aff1bcd8ae83f96df4aa03f53d09f586983480dc38f2e7bab8a927efe9eee2f0,643,10801,IDENTITY
h1-small-reuse24,qwen2.5-0.5b-instruct-fp16-v2,slice-versus-full-cache-v1,record-reuse,24,940129,confirmation,MEASUREMENT,attempt-988b01866edb4d97823bbbc018615c4e,baseline,1,1,r077,7dfce28e2c90ec4cf02b6faa00cc10bfbe877bc0128c2dc426154a4072defced,9,5,False,True,SUCCEEDED,True,CQUFR,CQUFR,"[34, 5757, 10504, 151645]",834c41b0d7885b7f4f254645822cd7b04d5ad15b40b812d4d1d9d3a6fd8ffec3,277,265,12,97.022,76.594,4,51098855134,50917063873,181791261,51029072369,643,5847c4364350cd9b84407cb8e3459e70ead8d0b108d145425627b2ee1b8389a7,643,10750,IDENTITY
h1-small-reuse24,qwen2.5-0.5b-instruct-fp16-v2,slice-versus-full-cache-v1,record-reuse,24,940129,confirmation,MEASUREMENT,attempt-988b01866edb4d97823bbbc018615c4e,baseline,1,1,r078,7dfce28e2c90ec4cf02b6faa00cc10bfbe877bc0128c2dc426154a4072defced,9,6,False,True,SUCCEEDED,True,CVDZC,CVDZC,"[34, 12474, 57, 34, 151645]",ebb9af117685fc7377e1e2d6453e7f9bca1aff0991619ab2051bc1784f4aa48a,277,265,12,97.678,102.505,5,51311986995,51104632417,207354578,51234235982,643,43a6cddf188ff7fe2d66ccaa7211b642c551863a4057ccfd49715751375179ea,643,11111,IDENTITY
h1-small-reuse24,qwen2.5-0.5b-instruct-fp16-v2,slice-versus-full-cache-v1,record-reuse,24,940129,confirmation,MEASUREMENT,attempt-988b01866edb4d97823bbbc018615c4e,baseline,1,1,r079,7dfce28e2c90ec4cf02b6faa00cc10bfbe877bc0128c2dc426154a4072defced,9,7,False,True,SUCCEEDED,True,CUBFP,CUBFP,"[34, 4493, 11698, 151645]",4e20f340e5453c9368b5a5b5f6949a6b61ada9e0cb19d85ec412f00d847b1f00,276,265,11,91.321,77.45,4,52130423474,51954519431,175904043,52056577503,643,0cfccf528bcfc1388bbb7076cac955b09eda05c74e8fd2554942c21417baa143,643,12453,IDENTITY
h1-small-reuse24,qwen2.5-0.5b-instruct-fp16-v2,slice-versus-full-cache-v1,record-reuse,24,940129,confirmation,MEASUREMENT,attempt-988b01866edb4d97823bbbc018615c4e,baseline,1,1,r080,b74e2f13ac0461af186d9e3d4ae5ae77a0a95f703d5ec928740df1bab8cf56d3,10,0,True,True,SUCCEEDED,False,CHQWC,CQMYH,"[34, 48, 19159, 39, 151645]",6837dc6ffb0b4b32f971d213007dacd541f14b547e20a7bd93317212c29bf48e,273,70,203,1227.713,102.115,5,53474146434,52137132280,1337014154,53395238370,643,3262c68f725a417aa60f30ce113b0c9637517111cf0aa9148e6b8f9e11eff702,643,11301,IDENTITY
h1-small-reuse24,qwen2.5-0.5b-instruct-fp16-v2,slice-versus-full-cache-v1,record-reuse,24,940129,confirmation,MEASUREMENT,attempt-988b01866edb4d97823bbbc018615c4e,baseline,1,1,r081,b74e2f13ac0461af186d9e3d4ae5ae77a0a95f703d5ec928740df1bab8cf56d3,10,1,False,True,SUCCEEDED,True,CXGMH,CXGMH,"[65240, 20637, 39, 151645]",4a7859cb49bef99db243281c899ee69966e84218000bd13b824c1523bc0952c2,273,262,11,91.038,76.623,4,54116664783,53941630838,175033945,54044321377,643,b6ce6e55cc167f869b6c7ae1285e8fb21d0ac636508ac0740115fd1da74ee513,643,11061,IDENTITY
h1-small-reuse24,qwen2.5-0.5b-instruct-fp16-v2,slice-versus-full-cache-v1,record-reuse,24,940129,confirmation,MEASUREMENT,attempt-988b01866edb4d97823bbbc018615c4e,baseline,1,1,r082,b74e2f13ac0461af186d9e3d4ae5ae77a0a95f703d5ec928740df1bab8cf56d3,10,2,False,True,SUCCEEDED,False,CUWVD,CRLQZ,"[34, 4728, 48, 57, 151645]",dc2b0e3264cf8aa6fbcf7b9cf1d345054b1431f3a0dd989e1c56ffcdceb49d41,273,261,12,97.24,102.587,5,54331209021,54124180950,207028071,54247498897,643,d62896ccff8bd983dfe16a39657e1023dc8686c660258112e22b6d10b3c4046b,643,10900,IDENTITY
h1-small-reuse24,qwen2.5-0.5b-instruct-fp16-v2,slice-versus-full-cache-v1,record-reuse,24,940129,confirmation,MEASUREMENT,attempt-988b01866edb4d97823bbbc018615c4e,baseline,1,1,r083,b74e2f13ac0461af186d9e3d4ae5ae77a0a95f703d5ec928740df1bab8cf56d3,10,3,False,True,SUCCEEDED,False,CPUEI,CCCKO,"[3706, 3021, 46, 151645]",8c7be66853170046201fc2b4a5bc36da14cc2801b4515dda5efa22f4044aaaad,273,261,12,97.017,76.62,4,55120602172,54939784221,180817951,55054107652,643,3f6a3e63f13c0e47a90d1842db005e20859d06cc0b15c49fb64bc7b4f444ff3e,643,10880,IDENTITY
h1-small-reuse24,qwen2.5-0.5b-instruct-fp16-v2,slice-versus-full-cache-v1,record-reuse,24,940129,confirmation,MEASUREMENT,attempt-988b01866edb4d97823bbbc018615c4e,baseline,1,1,r084,b74e2f13ac0461af186d9e3d4ae5ae77a0a95f703d5ec928740df1bab8cf56d3,10,4,False,True,SUCCEEDED,False,CCTRS,CMTMC,"[34, 8505, 11604, 151645]",713ae791746711821f04af83009fdabc75761761acf9d9c871394e38fe5ac808,272,261,11,91.512,77.23,4,55302153468,55127345221,174808247,55243632504,643,ccad43365038de58dc3784a8b0bcbc7a7d881964539441b9025ae549ef69ee7b,643,10529,IDENTITY
h1-small-reuse24,qwen2.5-0.5b-instruct-fp16-v2,slice-versus-full-cache-v1,record-reuse,24,940129,confirmation,MEASUREMENT,attempt-988b01866edb4d97823bbbc018615c4e,baseline,1,1,r085,b74e2f13ac0461af186d9e3d4ae5ae77a0a95f703d5ec928740df1bab8cf56d3,10,5,False,True,SUCCEEDED,False,CBKDF,CRLQZ,"[34, 4728, 48, 57, 151645]",b8cd6957f9f4de626e2506ec1e427e7f092a90abf7c635dc077b6fcdffadec85,272,261,11,91.128,102.138,5,56143283036,55942639197,200643839,56050875719,643,6c65ef9e03dde530e4aea54df16488642fcb46f462fc333a76d92ec59f13de96,643,10690,IDENTITY
h1-small-reuse24,qwen2.5-0.5b-instruct-fp16-v2,slice-versus-full-cache-v1,record-reuse,24,940129,confirmation,MEASUREMENT,attempt-988b01866edb4d97823bbbc018615c4e,baseline,1,1,r086,b74e2f13ac0461af186d9e3d4ae5ae77a0a95f703d5ec928740df1bab8cf56d3,10,6,False,True,SUCCEEDED,True,CGNXX,CGNXX,"[8798, 45, 6148, 151645]",c14951523b353ba524c9be9285a80809eb7a546e6f286cf7f5cc26afa2992544,273,261,12,97.581,77.643,4,56337522966,56150930968,186591998,56264341471,643,c903982b4515cb8b049680c88538080382d8cdeb37145f16b056df5cb50b2b22,643,11051,IDENTITY
h1-small-reuse24,qwen2.5-0.5b-instruct-fp16-v2,slice-versus-full-cache-v1,record-reuse,24,940129,confirmation,MEASUREMENT,attempt-988b01866edb4d97823bbbc018615c4e,baseline,1,1,r087,b74e2f13ac0461af186d9e3d4ae5ae77a0a95f703d5ec928740df1bab8cf56d3,10,7,False,True,SUCCEEDED,True,CACBD,CACBD,"[34, 1706, 9548, 151645]",3ba2cbd656e764f528a8be5ca65f3683adfb88febcd75f1949373856eea320b9,273,261,12,97.108,76.402,4,57129875511,56945361847,184513664,57051110383,643,421cc322f0bd466b4df0de195cdc7098256cd61239e34abb8666e96d43f11e35,643,10660,IDENTITY
h1-small-reuse24,qwen2.5-0.5b-instruct-fp16-v2,slice-versus-full-cache-v1,record-reuse,24,940129,confirmation,MEASUREMENT,attempt-988b01866edb4d97823bbbc018615c4e,baseline,1,1,r088,5a349e401fff133aa08cf08ac9effdaaf2656297fb7ec4f69fd66df1d01f4756,11,0,True,True,SUCCEEDED,True,CGYZA,CGYZA,"[8798, 40209, 32, 151645]",68cba7f739882086a0d66661e0cb53cdd2f0f219ecdc58566c8951f051bc3d31,283,70,213,1284.83,76.843,4,58507504891,57138193990,1369310901,58454532676,643,da3e53c1b56b1746f9ea52ee37028aec9f3c906a27ee7a2205861c9d266b666e,643,10881,IDENTITY
h1-small-reuse24,qwen2.5-0.5b-instruct-fp16-v2,slice-versus-full-cache-v1,record-reuse,24,940129,confirmation,MEASUREMENT,attempt-988b01866edb4d97823bbbc018615c4e,baseline,1,1,r089,5a349e401fff133aa08cf08ac9effdaaf2656297fb7ec4f69fd66df1d01f4756,11,1,False,True,SUCCEEDED,False,CZAFG,CEROM,"[34, 640, 1898, 151645]",30a51960c9a23ab8eb433a4b39090bdfadb131c90fd8be099e9661a387db8a85,283,272,11,91.355,76.323,4,59117592433,58942529364,175063069,59045223920,643,86e96deb390bd54c02133c345e68f8ef3983aff0c66cbfdb67fdc818e11b0de8,643,10659,IDENTITY
h1-small-reuse24,qwen2.5-0.5b-instruct-fp16-v2,slice-versus-full-cache-v1,record-reuse,24,940129,confirmation,MEASUREMENT,attempt-988b01866edb4d97823bbbc018615c4e,baseline,1,1,r090,5a349e401fff133aa08cf08ac9effdaaf2656297fb7ec4f69fd66df1d01f4756,11,2,False,True,SUCCEEDED,False,CKOZB,COWZB,"[34, 3307, 57, 33, 151645]",190b6945a6cf01a7cd0bddcbde89ad821165c11a3a338c1d4039c396c4566248,283,271,12,97.724,102.436,5,59332368151,59124976354,207391797,59254434850,643,eaeb8c0c0208e17fdd37e5f829cf69debe77f705e7bfa27105e7eb0fd55bbf2a,643,10891,IDENTITY
h1-small-reuse24,qwen2.5-0.5b-instruct-fp16-v2,slice-versus-full-cache-v1,record-reuse,24,940129,confirmation,MEASUREMENT,attempt-988b01866edb4d97823bbbc018615c4e,baseline,1,1,r091,5a349e401fff133aa08cf08ac9effdaaf2656297fb7ec4f69fd66df1d01f4756,11,3,False,True,SUCCEEDED,True,CCWDX,CCWDX,"[3706, 54, 16591, 151645]",741760660a63c109dcce2eccde80bed1fd4236039f5c53056f8bb7b88c10a362,283,271,12,97.167,76.837,4,60137874517,59956535718,181338799,60072308673,643,9b69c294c25c70a3b1799af15430fb066882c6fac05732991509ccddbc308854,643,10599,IDENTITY
h1-small-reuse24,qwen2.5-0.5b-instruct-fp16-v2,slice-versus-full-cache-v1,record-reuse,24,940129,confirmation,MEASUREMENT,attempt-988b01866edb4d97823bbbc018615c4e,baseline,1,1,r092,5a349e401fff133aa08cf08ac9effdaaf2656297fb7ec4f69fd66df1d01f4756,11,4,False,True,SUCCEEDED,True,CEMGY,CEMGY,"[34, 2716, 41470, 151645]",d7500fe34c3673b05039b7902bb0ef41bacf563c2d5618581a3f166e5ced75fc,283,271,12,97.544,76.679,4,60325557664,60144056863,181500801,60268009009,643,ad966d08b0a2b9d052ceaffa27cbe8c21fec3ecf4a012c573fd9f26fd6477829,643,10580,IDENTITY
h1-small-reuse24,qwen2.5-0.5b-instruct-fp16-v2,slice-versus-full-cache-v1,record-reuse,24,940129,confirmation,MEASUREMENT,attempt-988b01866edb4d97823bbbc018615c4e,baseline,1,1,r093,5a349e401fff133aa08cf08ac9effdaaf2656297fb7ec4f69fd66df1d01f4756,11,5,False,True,SUCCEEDED,True,COFPW,COFPW,"[8281, 11698, 54, 151645]",3e68c52e7813a8e6b60049a28fe9bde7205b2e884493c91259e58cbc5d019cee,283,271,12,97.571,76.593,4,61129365471,60948022984,181342487,61063099525,643,04e1eb5f59508c213feae9ea30c80a6830fe6b715644095295f239c2de8f0d3b,643,10710,IDENTITY
h1-small-reuse24,qwen2.5-0.5b-instruct-fp16-v2,slice-versus-full-cache-v1,record-reuse,24,940129,confirmation,MEASUREMENT,attempt-988b01866edb4d97823bbbc018615c4e,baseline,1,1,r094,5a349e401fff133aa08cf08ac9effdaaf2656297fb7ec4f69fd66df1d01f4756,11,6,False,True,SUCCEEDED,False,CIKRZ,CQOGU,"[34, 48, 12223, 52, 151645]",4639cbba9d6a9cf5407134f2221221af60497f681e617740abaaec2e931e79b6,284,271,13,105.279,102.546,5,61351169738,61136035364,215134374,61267518825,643,9319c8be6d5d4f2f609cca268ebdf943a34139b16839ad21a1fb96766d564e2d,643,11431,IDENTITY
h1-small-reuse24,qwen2.5-0.5b-instruct-fp16-v2,slice-versus-full-cache-v1,record-reuse,24,940129,confirmation,MEASUREMENT,attempt-988b01866edb4d97823bbbc018615c4e,baseline,1,1,r095,5a349e401fff133aa08cf08ac9effdaaf2656297fb7ec4f69fd66df1d01f4756,11,7,False,True,SUCCEEDED,False,CJPLA,CYUGK,"[34525, 2941, 42, 151645]",d7fd413e5dab3230795d6dcba50b20d7660ee93b91325bd7a96256827a7ba130,283,271,12,97.406,76.693,4,62134652149,61953081808,181570341,62067570597,643,897bce8c658aa021279767a1f8d5b01a9452732fcededadf73c1c0138cac3a60,643,10689,IDENTITY
h1-small-reuse24,qwen2.5-0.5b-instruct-fp16-v2,slice-versus-full-cache-v1,record-reuse,24,940129,confirmation,MEASUREMENT,attempt-988b01866edb4d97823bbbc018615c4e,baseline,1,1,r096,edefefb0bcf5d7dd4f9b5205bc5c43ac53d77498099c84e68441a5f68437daf8,12,0,True,True,SUCCEEDED,False,CMJJQ,CJJQ,"[34, 63391, 48, 151645]",b090940acbdd3c4c0afe5bb6d26b9128ba15060e64d17c5d2bfcf7fda6df5b8d,275,70,205,1239.811,76.639,4,63464435347,62140771749,1323663598,63409919141,643,8490d794a6f3139ba6d5c147946d566a7ba77063919a2b668f4c103bbe2cf774,643,10890,IDENTITY
h1-small-reuse24,qwen2.5-0.5b-instruct-fp16-v2,slice-versus-full-cache-v1,record-reuse,24,940129,confirmation,MEASUREMENT,attempt-988b01866edb4d97823bbbc018615c4e,baseline,1,1,r097,edefefb0bcf5d7dd4f9b5205bc5c43ac53d77498099c84e68441a5f68437daf8,12,1,False,True,SUCCEEDED,True,CJPES,CJPES,"[34, 27188, 1570, 151645]",a5e75150e18ac8810b9783684bd963fdc23192c588aa4a1b845515b557489813,276,263,13,104.725,76.721,4,64149758114,63960824441,188933673,64093113329,643,3c0a0954c2cd75f07adeb3c7c6af445ebe68f1eed106b4de228d0472582ce8eb,643,10670,IDENTITY
h1-small-reuse24,qwen2.5-0.5b-instruct-fp16-v2,slice-versus-full-cache-v1,record-reuse,24,940129,confirmation,MEASUREMENT,attempt-988b01866edb4d97823bbbc018615c4e,baseline,1,1,r098,edefefb0bcf5d7dd4f9b5205bc5c43ac53d77498099c84e68441a5f68437daf8,12,2,False,True,SUCCEEDED,True,CPARE,CPARE,"[7123, 4477, 151645]",ba1db44cf81e2331ce4022c1adeca838803f24716f49dadcdf3a23d4307891f5,276,263,13,105.29,51.272,3,64322141821,64153428269,168713552,64281202963,643,871444be0a27224b81fce5ab17fcbfafcedf9dcd78f83a958332e2978348b608,643,10450,IDENTITY
h1-small-reuse24,qwen2.5-0.5b-instruct-fp16-v2,slice-versus-full-cache-v1,record-reuse,24,940129,confirmation,MEASUREMENT,attempt-988b01866edb4d97823bbbc018615c4e,baseline,1,1,r099,edefefb0bcf5d7dd4f9b5205bc5c43ac53d77498099c84e68441a5f68437daf8,12,3,False,True,SUCCEEDED,False,CYFGU,CIGCC,"[34, 1914, 3706, 151645]",a233fc94f4832a365911c759991795e958c6a36498fa90f08952ea75b52a945a,275,263,12,97.009,76.475,4,65143615308,64962700426,180914882,65075545498,643,7258bb07ac93fc7da8dffe7209595f08c293479ad9235ad55bb1fd9beb52b32d,643,10660,IDENTITY
h1-small-reuse24,qwen2.5-0.5b-instruct-fp16-v2,slice-versus-full-cache-v1,record-reuse,24,940129,confirmation,MEASUREMENT,attempt-988b01866edb4d97823bbbc018615c4e,baseline,1,1,r100,edefefb0bcf5d7dd4f9b5205bc5c43ac53d77498099c84e68441a5f68437daf8,12,4,False,True,SUCCEEDED,False,CLUSN,CMLGO,"[34, 2668, 15513, 151645]",9a572567435434f28f239f1156ed1def022353d9bffa93805154ddf4d55006af,275,263,12,97.279,76.738,4,65334899632,65150343069,184556563,65273962646,643,7f861e45ba05d36de92e59dda6694de093bed8a94ef796019c9a766fefe2e93f,643,10509,IDENTITY
h1-small-reuse24,qwen2.5-0.5b-instruct-fp16-v2,slice-versus-full-cache-v1,record-reuse,24,940129,confirmation,MEASUREMENT,attempt-988b01866edb4d97823bbbc018615c4e,baseline,1,1,r101,edefefb0bcf5d7dd4f9b5205bc5c43ac53d77498099c84e68441a5f68437daf8,12,5,False,True,SUCCEEDED,False,CIAON,CCHVM,"[34, 2149, 11187, 151645]",ab744657b703882069a142c6a3f91138b553205c9f7e9a4838418a5b25c706e6,275,263,12,97.024,76.762,4,66147826677,65966651120,181175557,66080680655,643,92ba87a527cb8e37902b15b6be8330794414c5323401025016efd89b57b85a59,643,10690,IDENTITY
h1-small-reuse24,qwen2.5-0.5b-instruct-fp16-v2,slice-versus-full-cache-v1,record-reuse,24,940129,confirmation,MEASUREMENT,attempt-988b01866edb4d97823bbbc018615c4e,baseline,1,1,r102,edefefb0bcf5d7dd4f9b5205bc5c43ac53d77498099c84e68441a5f68437daf8,12,6,False,True,SUCCEEDED,True,CCRSL,CCRSL,"[34, 8973, 7984, 151645]",5c58627012350939dd83098bbcde0ba3e22f390b5abfa89407e6dfdff9515368,275,263,12,97.417,76.761,4,66339173106,66154212481,184960625,66283847264,643,21af11ec1b95f3a4136b8d34ce24d275fd578d7c9009331d94308fae7e9323a9,643,10941,IDENTITY
h1-small-reuse24,qwen2.5-0.5b-instruct-fp16-v2,slice-versus-full-cache-v1,record-reuse,24,940129,confirmation,MEASUREMENT,attempt-988b01866edb4d97823bbbc018615c4e,baseline,1,1,r103,edefefb0bcf5d7dd4f9b5205bc5c43ac53d77498099c84e68441a5f68437daf8,12,7,False,True,SUCCEEDED,False,CTRLT,CIVKK,"[34, 3090, 50457, 151645]",0f03b7339273b52dc2150054cb04c853b040884e97ea252be87ae2a8b936cf63,274,263,11,90.941,76.605,4,67159518315,66979654047,179864268,67082103127,643,ede482cf25e727d909bcb19e27eca8fbc4fe39b0a262602f6847d5a149fd1c31,643,10709,IDENTITY
h1-small-reuse24,qwen2.5-0.5b-instruct-fp16-v2,slice-versus-full-cache-v1,record-reuse,24,940129,confirmation,MEASUREMENT,attempt-988b01866edb4d97823bbbc018615c4e,baseline,1,1,r104,c7aab0ddac869462273e075103bd0ef7393b6afd4edf83ad4c92dd6a7c739030,13,0,True,True,SUCCEEDED,False,CNWXK,CVOCI,"[19589, 63983, 151645]",e0b8ee6220149346e75544c78291a2d69a34735835e20cb485d9a21556590000,273,70,203,1227.573,51.291,3,68463623754,67174139233,1289484521,68433004545,643,de3d38118c7b5f0d839cadb697c66545626af4313ad52d972b5568dc163feb62,643,10520,IDENTITY
h1-small-reuse24,qwen2.5-0.5b-instruct-fp16-v2,slice-versus-full-cache-v1,record-reuse,24,940129,confirmation,MEASUREMENT,attempt-988b01866edb4d97823bbbc018615c4e,baseline,1,1,r105,c7aab0ddac869462273e075103bd0ef7393b6afd4edf83ad4c92dd6a7c739030,13,1,False,True,SUCCEEDED,True,CYDCB,CYDCB,"[34525, 5626, 33, 151645]",19392903f8fd0a0e4bc457224e902dff53873254b4369dd8b01ec90e7dafe3fc,274,262,12,96.951,76.331,4,69161179218,68976895081,184284137,69091607215,643,8ddcb109454e01072ec8993d954e29f62e386224d2ee13ed05872b7ae19cee72,643,10820,IDENTITY
h1-small-reuse24,qwen2.5-0.5b-instruct-fp16-v2,slice-versus-full-cache-v1,record-reuse,24,940129,confirmation,MEASUREMENT,attempt-988b01866edb4d97823bbbc018615c4e,baseline,1,1,r106,c7aab0ddac869462273e075103bd0ef7393b6afd4edf83ad4c92dd6a7c739030,13,2,False,True,SUCCEEDED,False,CSRYE,CUCBL,"[34, 5459, 9389, 151645]",73f233a6f43bfe2a7161b80b739e4947ad9f7df2588bd3181412e7c5f59db036,274,262,12,97.452,76.749,4,69355176858,69169604736,185572122,69293691061,643,a7c1b8b2838f8d3e6920ef4a29863583a2ae4bc18e719de4032a38f1934a0b8f,643,10690,IDENTITY
h1-small-reuse24,qwen2.5-0.5b-instruct-fp16-v2,slice-versus-full-cache-v1,record-reuse,24,940129,confirmation,MEASUREMENT,attempt-988b01866edb4d97823bbbc018615c4e,baseline,1,1,r107,c7aab0ddac869462273e075103bd0ef7393b6afd4edf83ad4c92dd6a7c739030,13,3,False,True,SUCCEEDED,False,CCFHB,CQOHG,"[34, 48, 46761, 38, 151645]",ce6c58641f189b8519f42d10841f6ba78efb781f357e5449fbf094bbd0540add,274,262,12,97.658,101.806,5,70179665281,69973275728,206389553,70086835960,643,d345a01e195b13e8eab20336c5064d2d16f0edbb63d8c7995b9b0a6c73280a5f,643,10810,IDENTITY
h1-small-reuse24,qwen2.5-0.5b-instruct-fp16-v2,slice-versus-full-cache-v1,record-reuse,24,940129,confirmation,MEASUREMENT,attempt-988b01866edb4d97823bbbc018615c4e,baseline,1,1,r108,c7aab0ddac869462273e075103bd0ef7393b6afd4edf83ad4c92dd6a7c739030,13,4,False,True,SUCCEEDED,False,CGVXQ,CHOJU,"[30498, 41, 52, 151645]",95e49abf7ca971a0360891fdd2bd5c82f632480fb68e54afb5b10b39487795ae,274,262,12,98.606,77.945,4,70371763849,70187421835,184342014,70298282236,643,d38121b195a01a8c1b7521ee8a33597fab66e0c73887687b4ad143647d11c37c,643,11351,IDENTITY
h1-small-reuse24,qwen2.5-0.5b-instruct-fp16-v2,slice-versus-full-cache-v1,record-reuse,24,940129,confirmation,MEASUREMENT,attempt-988b01866edb4d97823bbbc018615c4e,baseline,1,1,r109,c7aab0ddac869462273e075103bd0ef7393b6afd4edf83ad4c92dd6a7c739030,13,5,False,True,SUCCEEDED,False,CTCIU,CCTND,"[34, 1162, 8065, 151645]",3a06fabac4bfd6cba9cd01df860daad567169c3e59ea1a62c278402afb5eaf88,273,262,11,91.058,76.804,4,71163162550,70988122664,175039886,71097477355,643,242150965e3bc149afaba70f44e5b44642fbf0f1f45c47212fc7b98ae2d4aec1,643,10760,IDENTITY
h1-small-reuse24,qwen2.5-0.5b-instruct-fp16-v2,slice-versus-full-cache-v1,record-reuse,24,940129,confirmation,MEASUREMENT,attempt-988b01866edb4d97823bbbc018615c4e,baseline,1,1,r110,c7aab0ddac869462273e075103bd0ef7393b6afd4edf83ad4c92dd6a7c739030,13,6,False,True,SUCCEEDED,False,CBPRC,CQILO,"[34, 48, 40, 1593, 151645]",9149a7011acf1e2de1c21a99b6400cb5601ec1b60c0bd10e2989e67214ed6611,275,262,13,105.09,102.366,5,71385383793,71170600432,214783361,71302754009,643,4ca807cdb8ed78563a955cf11326ab8061f0dd7b05b4ca9e7c382ed3be1c786b,643,10529,IDENTITY
h1-small-reuse24,qwen2.5-0.5b-instruct-fp16-v2,slice-versus-full-cache-v1,record-reuse,24,940129,confirmation,MEASUREMENT,attempt-988b01866edb4d97823bbbc018615c4e,baseline,1,1,r111,c7aab0ddac869462273e075103bd0ef7393b6afd4edf83ad4c92dd6a7c739030,13,7,False,True,SUCCEEDED,False,CCTYS,CQILO,"[34, 48, 40, 1593, 151645]",dcfcf2090063baef6b2ea28c0deb518145501d328f422086cc2db7b749c8b28a,274,262,12,98.438,102.411,5,72192841087,71984172355,208668732,72098544477,643,36051d32d379a6517de54645de2a27e659325db9c31f613ce849f7185c5d668d,643,10650,IDENTITY
h1-small-reuse24,qwen2.5-0.5b-instruct-fp16-v2,slice-versus-full-cache-v1,record-reuse,24,940129,confirmation,MEASUREMENT,attempt-988b01866edb4d97823bbbc018615c4e,baseline,1,1,r112,8072f457b97eb28dfeab619075dbb71df9d5b884ad0d9061be00f5ea028355ea,14,0,True,True,SUCCEEDED,False,CYHRT,CCTFC,"[34, 1162, 6754, 151645]",b6c4a6160c535b534b2c144fb353cfa7666df81c2050b54f589b8ee157c9fc20,276,70,206,1251.216,78.348,4,73536704708,72197832929,1338871779,73476763213,643,84acbbbebcd57e9b4de667d4329dd13091f7c8b8d74af296ea4fd367c384372a,643,10540,IDENTITY
h1-small-reuse24,qwen2.5-0.5b-instruct-fp16-v2,slice-versus-full-cache-v1,record-reuse,24,940129,confirmation,MEASUREMENT,attempt-988b01866edb4d97823bbbc018615c4e,baseline,1,1,r113,8072f457b97eb28dfeab619075dbb71df9d5b884ad0d9061be00f5ea028355ea,14,1,False,True,SUCCEEDED,False,CEOMH,CAXQT,"[34, 2954, 43678, 151645]",724a6d57770fa21a8a2873062433658ec5ad173adae8e406306b5c5ffaf3671e,276,264,12,97.192,76.47,4,74175137109,73994000475,181136634,74108401030,643,269fbfd4966045752d2f9aa68a408cd81c97bae199975398ac1ea94f2ead9ccf,643,13175,IDENTITY
h1-small-reuse24,qwen2.5-0.5b-instruct-fp16-v2,slice-versus-full-cache-v1,record-reuse,24,940129,confirmation,MEASUREMENT,attempt-988b01866edb4d97823bbbc018615c4e,baseline,1,1,r114,8072f457b97eb28dfeab619075dbb71df9d5b884ad0d9061be00f5ea028355ea,14,2,False,True,SUCCEEDED,False,CZGJC,CCTFC,"[34, 1162, 6754, 151645]",a35a43f66270f1dafc65ef95ecaa08f0af1f88c28300a7029d341921fc794cfe,276,264,12,97.565,77.052,4,74367669715,74185604123,182065592,74309725745,643,7a74b508cf4884b74a8e90d4e7c8325571671b7e271d5045d73bc589e0c9c77e,643,10620,IDENTITY
h1-small-reuse24,qwen2.5-0.5b-instruct-fp16-v2,slice-versus-full-cache-v1,record-reuse,24,940129,confirmation,MEASUREMENT,attempt-988b01866edb4d97823bbbc018615c4e,baseline,1,1,r115,8072f457b97eb28dfeab619075dbb71df9d5b884ad0d9061be00f5ea028355ea,14,3,False,True,SUCCEEDED,False,CPNPW,CJPQ,"[34, 27188, 48, 151645]",f6b733fbc5a423a4ad495f73ceb6a96e11045f9eae31dc456974948e0f221b71,276,264,12,97.193,76.623,4,75185246646,75003681737,181564909,75118954552,643,efb01adde249fd29253741fc2b60489f4b485872a7c24fcc7e970781b0749321,643,10619,IDENTITY
h1-small-reuse24,qwen2.5-0.5b-instruct-fp16-v2,slice-versus-full-cache-v1,record-reuse,24,940129,confirmation,MEASUREMENT,attempt-988b01866edb4d97823bbbc018615c4e,baseline,1,1,r116,8072f457b97eb28dfeab619075dbb71df9d5b884ad0d9061be00f5ea028355ea,14,4,False,True,SUCCEEDED,True,CGQIU,CGQIU,"[8798, 48, 80000, 151645]",f08f6b5d8a6d54d4d22f1448189433dd23450652de14ec8706fa6af220fcf5e9,276,264,12,97.554,76.774,4,75373393135,75191529279,181863856,75305496537,643,40b85eff7aa016e70f565a7a3a178a0b94cbf4cd99cf9b539c6d742493aa98a3,643,10570,IDENTITY
h1-small-reuse24,qwen2.5-0.5b-instruct-fp16-v2,slice-versus-full-cache-v1,record-reuse,24,940129,confirmation,MEASUREMENT,attempt-988b01866edb4d97823bbbc018615c4e,baseline,1,1,r117,8072f457b97eb28dfeab619075dbb71df9d5b884ad0d9061be00f5ea028355ea,14,5,False,True,SUCCEEDED,True,CMTLQ,CMTLQ,"[34, 8505, 43, 48, 151645]",00202746156704eba947b45017ea08b91cedd93be0df91b1152fa451afad7c7c,276,265,11,91.832,102.105,5,76191517574,75990195985,201321589,76093118766,643,e1ba65c8a31b4b4f7cc493abf70c538fb98cef72dab08e95d8eb3905d287307c,643,10489,IDENTITY
h1-small-reuse24,qwen2.5-0.5b-instruct-fp16-v2,slice-versus-full-cache-v1,record-reuse,24,940129,confirmation,MEASUREMENT,attempt-988b01866edb4d97823bbbc018615c4e,baseline,1,1,r118,8072f457b97eb28dfeab619075dbb71df9d5b884ad0d9061be00f5ea028355ea,14,6,False,True,SUCCEEDED,True,CCPBI,CCPBI,"[3706, 47, 8598, 151645]",4a44bc222e5015b532612b2384d5ca274e28bc331f1790f7eef04dec123ea61e,276,264,12,97.593,77.828,4,76381301168,76198650929,182650239,76322459168,643,0b523b50a80a1a436d323e992f7c3e5d1c9811719e1591d386d09d7143301940,643,10821,IDENTITY
h1-small-reuse24,qwen2.5-0.5b-instruct-fp16-v2,slice-versus-full-cache-v1,record-reuse,24,940129,confirmation,MEASUREMENT,attempt-988b01866edb4d97823bbbc018615c4e,baseline,1,1,r119,8072f457b97eb28dfeab619075dbb71df9d5b884ad0d9061be00f5ea028355ea,14,7,False,True,SUCCEEDED,True,CSHDI,CSHDI,"[34, 8590, 17625, 151645]",7dd4f5b896faa5cf6524c7de3d6b973b0f3faad12f9fb7b5a3835c102a3d4061,275,264,11,91.171,76.592,4,77176141389,77000933590,175207799,77111395841,643,5f7bd1d1c0c6a804e4fe69b768a9d2e38b47a3c7f9535537369362fa9faf9f29,643,10660,IDENTITY
h1-small-reuse24,qwen2.5-0.5b-instruct-fp16-v2,slice-versus-full-cache-v1,record-reuse,24,940129,confirmation,MEASUREMENT,attempt-988b01866edb4d97823bbbc018615c4e,baseline,1,1,r120,8f5d398b8c2e9af3d3281a2bd74b8562743308cf4e7ea1f1fed4a9810c4542b3,15,0,True,True,SUCCEEDED,False,CJUWD,CRLDJ,"[34, 4728, 53272, 151645]",4d253a1bc378bd103252adf3ee779c64ea4fbb9b789028169e5a302486324e2b,278,70,208,1258.12,76.73,4,78525405362,77183374940,1342030422,78473910865,643,f25aeceeb49c3c77b9fa64d871b9302ac1527bd87c649dbbdde1ccb8235f8abd,643,12753,IDENTITY
h1-small-reuse24,qwen2.5-0.5b-instruct-fp16-v2,slice-versus-full-cache-v1,record-reuse,24,940129,confirmation,MEASUREMENT,attempt-988b01866edb4d97823bbbc018615c4e,baseline,1,1,r121,8f5d398b8c2e9af3d3281a2bd74b8562743308cf4e7ea1f1fed4a9810c4542b3,15,1,False,True,SUCCEEDED,False,CVZBE,CZCHB,"[34, 57, 2149, 33, 151645]",59a9a05aad1012155872eeb0f774b07b5b62751fcabe1aa82e666515851ac860,278,266,12,97.171,101.938,5,79214475588,79007741564,206734024,79120107785,643,b57fdf36271231edf891294caffe98ec3f48f63d1fe5482372106fb6df3afd59,643,10680,IDENTITY
h1-small-reuse24,qwen2.5-0.5b-instruct-fp16-v2,slice-versus-full-cache-v1,record-reuse,24,940129,confirmation,MEASUREMENT,attempt-988b01866edb4d97823bbbc018615c4e,baseline,1,1,r122,8f5d398b8c2e9af3d3281a2bd74b8562743308cf4e7ea1f1fed4a9810c4542b3,15,2,False,True,SUCCEEDED,False,CJGIR,CPEEZ,"[34, 1740, 97278, 151645]",1f45b7070b3440f80e44eb97be13b759b334281d1f2e937cc1e4fdeafe162062,278,266,12,97.614,76.8,4,79402693570,79221050735,181642835,79325072309,643,feb84228a6e96c4319b90cb31eb71d3997c9a28557ca6504d0a96a8e2c043892,643,10980,IDENTITY
h1-small-reuse24,qwen2.5-0.5b-instruct-fp16-v2,slice-versus-full-cache-v1,record-reuse,24,940129,confirmation,MEASUREMENT,attempt-988b01866edb4d97823bbbc018615c4e,baseline,1,1,r123,8f5d398b8c2e9af3d3281a2bd74b8562743308cf4e7ea1f1fed4a9810c4542b3,15,3,False,True,SUCCEEDED,False,CRGDH,CPEEZ,"[34, 1740, 97278, 151645]",c343f2297970b8b4d686f2128beb45346edcd087bbc888aa0797cb8c91f005e5,278,266,12,97.132,76.691,4,80178818809,79997661216,181157593,80110971333,643,299abd23598ae14c0a78ab564f0f356e1a2d6662aec0f4dae75b91257777490d,643,10900,IDENTITY
h1-small-reuse24,qwen2.5-0.5b-instruct-fp16-v2,slice-versus-full-cache-v1,record-reuse,24,940129,confirmation,MEASUREMENT,attempt-988b01866edb4d97823bbbc018615c4e,baseline,1,1,r124,8f5d398b8c2e9af3d3281a2bd74b8562743308cf4e7ea1f1fed4a9810c4542b3,15,4,False,True,SUCCEEDED,True,CTSVU,CTSVU,"[34, 9951, 53, 52, 151645]",628b236a95cd43ec35d3f67c7f3e2bfe8a9650d6d31a37c35feb68c1e066ba78,278,266,12,97.539,102.466,5,80392426425,80185120598,207305827,80309655778,643,ff5ca4459dc6de154f40b04ed6247baac98962c7fc57bf250b6d16b0ca491234,643,10700,IDENTITY
h1-small-reuse24,qwen2.5-0.5b-instruct-fp16-v2,slice-versus-full-cache-v1,record-reuse,24,940129,confirmation,MEASUREMENT,attempt-988b01866edb4d97823bbbc018615c4e,baseline,1,1,r125,8f5d398b8c2e9af3d3281a2bd74b8562743308cf4e7ea1f1fed4a9810c4542b3,15,5,False,True,SUCCEEDED,True,CMCHW,CMCHW,"[9985, 2149, 54, 151645]",9127321bea4769e62d8ef14f24a31787bb29c26a67e13425c599e9a598fb8425,278,266,12,97.008,76.997,4,81189953442,81008786522,181166920,81121141272,643,b950bdc762910fb2e4121ef3f3fdfb34d2a5eb35d125139eaa051f838b629ac2,643,10499,IDENTITY
h1-small-reuse24,qwen2.5-0.5b-instruct-fp16-v2,slice-versus-full-cache-v1,record-reuse,24,940129,confirmation,MEASUREMENT,attempt-988b01866edb4d97823bbbc018615c4e,baseline,1,1,r126,8f5d398b8c2e9af3d3281a2bd74b8562743308cf4e7ea1f1fed4a9810c4542b3,15,6,False,True,SUCCEEDED,True,CGSNJ,CGSNJ,"[8798, 18966, 41, 151645]",c1410853bbd0b4f0643248c2cc489229d5eb80d3cf1518fe45ebbd06064b8d67,278,266,12,97.533,76.94,4,81382557130,81196703574,185853556,81320497476,643,5b3b8212dc64a6cbdd94b59a81217193a55d06a6ab9e0df4b7e6198ff2f901bd,643,10549,IDENTITY
h1-small-reuse24,qwen2.5-0.5b-instruct-fp16-v2,slice-versus-full-cache-v1,record-reuse,24,940129,confirmation,MEASUREMENT,attempt-988b01866edb4d97823bbbc018615c4e,baseline,1,1,r127,8f5d398b8c2e9af3d3281a2bd74b8562743308cf4e7ea1f1fed4a9810c4542b3,15,7,False,True,SUCCEEDED,False,CFKKM,CREQP,"[34, 28966, 47, 151645]",6703d2dbe5abdc3e56c610de220ab37f6259181289d1eeec9a70860c55e6c7d3,278,266,12,97.135,76.67,4,82197063691,82016309298,180754393,82129222667,643,c88bdf1d20bd1bb76e5e1af68f2534cde619f8a0990ed83a88da3bc0a8927d68,643,10539,IDENTITY
h2-small-reuse64,qwen2.5-0.5b-instruct-fp16-v2,slice-versus-full-cache-v1,record-reuse,64,940193,confirmation,MEASUREMENT,attempt-e7072fefa98948e4b6ec6d72814577fc,baseline,0,1,r000,363708ff503f422442a84205041663204f6ca24df6094fb6ccdee1fa90089452,0,0,True,True,SUCCEEDED,False,CPMYY,CPSRC,"[34, 5012, 7380, 151645]",033862f48a679085ffcb806caa64e6b2eae501ec953a4da3420085997efed2a2,597,0,597,3598.613,78.783,4,4458182535,768974271,3689208264,4426822730,1363,46a20e2cd2517678bc1d052bd354fe98784992d12b72847556c662d87bec0e58,1363,39874,IDENTITY
h2-small-reuse64,qwen2.5-0.5b-instruct-fp16-v2,slice-versus-full-cache-v1,record-reuse,64,940193,confirmation,MEASUREMENT,attempt-e7072fefa98948e4b6ec6d72814577fc,baseline,0,1,r001,363708ff503f422442a84205041663204f6ca24df6094fb6ccdee1fa90089452,0,1,False,True,SUCCEEDED,False,CGSHN,CCHJR,"[34, 2149, 84692, 151645]",d57d74e98cc62f90589c567a4249a889cc21dd8e196cb169debb8cdd41846dad,598,586,12,107.06,78.694,4,5002379871,4808265074,194114797,4934465220,1363,62643a2c77e231809bcc40d0db86864ec9082632da19c948a0fb88828715bfdd,1363,14938,IDENTITY
h2-small-reuse64,qwen2.5-0.5b-instruct-fp16-v2,slice-versus-full-cache-v1,record-reuse,64,940193,confirmation,MEASUREMENT,attempt-e7072fefa98948e4b6ec6d72814577fc,baseline,0,1,r002,363708ff503f422442a84205041663204f6ca24df6094fb6ccdee1fa90089452,0,2,False,True,SUCCEEDED,False,CVLSS,CNYXW,"[34, 23054, 55, 54, 151645]",0ce07440cc1767df254f55b6fdc35c168974bddab1d3996438e175b827f07a35,599,586,13,115.208,104.978,5,5237866322,5010130153,227736169,5151890595,1363,1b2882d6187baa69a684bd4d30cf9f58adb18fca991d328bae64a096c46bf43e,1363,12794,IDENTITY
h2-small-reuse64,qwen2.5-0.5b-instruct-fp16-v2,slice-versus-full-cache-v1,record-reuse,64,940193,confirmation,MEASUREMENT,attempt-e7072fefa98948e4b6ec6d72814577fc,baseline,0,1,r003,363708ff503f422442a84205041663204f6ca24df6094fb6ccdee1fa90089452,0,3,False,True,SUCCEEDED,False,CRPUP,CYOCM,"[34525, 7612, 44, 151645]",470f76c2fdccce2005da4381fd76d5f9ef734a9ffdb129a4869fdeeb6463544e,598,586,12,107.127,78.689,4,5996555448,5803178542,193376906,5936948345,1363,6e36a84afbb9bbb641510a9998f1ac8e201471cd67d64a6bea3c9bddf4e14888,1363,12443,IDENTITY
h2-small-reuse64,qwen2.5-0.5b-instruct-fp16-v2,slice-versus-full-cache-v1,record-reuse,64,940193,confirmation,MEASUREMENT,attempt-e7072fefa98948e4b6ec6d72814577fc,baseline,0,1,r004,363708ff503f422442a84205041663204f6ca24df6094fb6ccdee1fa90089452,0,4,False,True,SUCCEEDED,True,CUTKR,CUTKR,"[34, 1381, 61884, 151645]",bbe716a58f4f734003f44697ef6a56563825e1d6676cb0d2ccf2d0087c41a16f,598,586,12,108.05,81.363,4,6199412772,6001051338,198361434,6134226264,1363,2a57186a05c12b48c927c327514383de819d29fb8189f7947535ccd07d070ac1,1363,12263,IDENTITY
h2-small-reuse64,qwen2.5-0.5b-instruct-fp16-v2,slice-versus-full-cache-v1,record-reuse,64,940193,confirmation,MEASUREMENT,attempt-e7072fefa98948e4b6ec6d72814577fc,baseline,0,1,r005,363708ff503f422442a84205041663204f6ca24df6094fb6ccdee1fa90089452,0,5,False,True,SUCCEEDED,True,CFUPJ,CFUPJ,"[9650, 3124, 41, 151645]",b359f40abc321ac40525ca1b8c87a680fdfed95010b60fd3583b8d33aa5aad3c,598,586,12,108.646,78.732,4,7014509612,6816492728,198016884,6951856164,1363,21deaf70bfe9c4408ee616031a12cbf9fcdc2e70d48b97908ec15cd96b297208,1363,12283,IDENTITY
h2-small-reuse64,qwen2.5-0.5b-instruct-fp16-v2,slice-versus-full-cache-v1,record-reuse,64,940193,confirmation,MEASUREMENT,attempt-e7072fefa98948e4b6ec6d72814577fc,baseline,0,1,r006,363708ff503f422442a84205041663204f6ca24df6094fb6ccdee1fa90089452,0,6,False,True,SUCCEEDED,True,CXTBZ,CXTBZ,"[34, 9036, 33, 57, 151645]",604128c3ce4c84709c49671ff33c3817262c72405406bb1eedb6a2fd20ca910b,598,586,12,109.643,113.076,5,7250764671,7020084128,230680543,7152659249,1363,afad4484c7f2be102c690d91cc6cf0c3f622bd7b73aa26a3d9abd5d500f7b859,1363,12343,IDENTITY
h2-small-reuse64,qwen2.5-0.5b-instruct-fp16-v2,slice-versus-full-cache-v1,record-reuse,64,940193,confirmation,MEASUREMENT,attempt-e7072fefa98948e4b6ec6d72814577fc,baseline,0,1,r007,363708ff503f422442a84205041663204f6ca24df6094fb6ccdee1fa90089452,0,7,False,True,SUCCEEDED,False,CZGRP,CIBCF,"[34, 3256, 9650, 151645]",731a74ecdbf859434e6613b5b285f303a91eb6e01b0796a67bf997fb99567737,598,586,12,107.797,78.782,4,8045331143,7849377156,195953987,7983830730,1363,b8be704bc547f624db9812f2b568d99e94cc4916ccfb8c5e7eb711c8f42838cd,1363,12574,IDENTITY
h2-small-reuse64,qwen2.5-0.5b-instruct-fp16-v2,slice-versus-full-cache-v1,record-reuse,64,940193,confirmation,MEASUREMENT,attempt-e7072fefa98948e4b6ec6d72814577fc,baseline,0,1,r008,bbf57066674006b1972ce3add31d36a2e3d882ffc9ff1ba72f67913cea899c51,1,0,True,True,SUCCEEDED,False,CWFKL,CFQFO,"[9650, 48, 3788, 151645]",05bf5bae67120574930344732034ed0c4de835210b48c5c3d531eef038867049,588,70,518,3170.711,81.395,4,12087536125,8828105006,3259431119,12016984109,1363,ac4cc2b9be334d20d7abb481a8178eac3c99c7557e38e337568e47f2a77f4311,1363,12323,IDENTITY
h2-small-reuse64,qwen2.5-0.5b-instruct-fp16-v2,slice-versus-full-cache-v1,record-reuse,64,940193,confirmation,MEASUREMENT,attempt-e7072fefa98948e4b6ec6d72814577fc,baseline,0,1,r009,bbf57066674006b1972ce3add31d36a2e3d882ffc9ff1ba72f67913cea899c51,1,1,False,True,SUCCEEDED,False,CYRPH,CNYJI,"[34, 23054, 45064, 151645]",32a0e86535a14dc55cd261d8057e02b33ea8a805f0a3c17ebce4cc0537a86204,590,577,13,114.885,78.902,4,13029580280,12828025647,201554633,12969789515,1363,2f5979949a4917fc8241b554544f219cf063867eba12c4046d788679fce0bf99,1363,12504,IDENTITY
h2-small-reuse64,qwen2.5-0.5b-instruct-fp16-v2,slice-versus-full-cache-v1,record-reuse,64,940193,confirmation,MEASUREMENT,attempt-e7072fefa98948e4b6ec6d72814577fc,baseline,0,1,r010,bbf57066674006b1972ce3add31d36a2e3d882ffc9ff1ba72f67913cea899c51,1,2,False,True,SUCCEEDED,False,CZYFF,CYJVZ,"[34525, 77891, 57, 151645]",e379d691b8db17c27495eb768a5a752f4873f921e9a898f6a91da0c226d40083,589,577,12,107.61,78.965,4,13231246529,13036765681,194480848,13169055271,1363,57dd3227af8a9c5edd6d2996ddc8504ae6b10521ee898fe4baedea32a952c3b1,1363,12183,IDENTITY
h2-small-reuse64,qwen2.5-0.5b-instruct-fp16-v2,slice-versus-full-cache-v1,record-reuse,64,940193,confirmation,MEASUREMENT,attempt-e7072fefa98948e4b6ec6d72814577fc,baseline,0,1,r011,bbf57066674006b1972ce3add31d36a2e3d882ffc9ff1ba72f67913cea899c51,1,3,False,True,SUCCEEDED,False,CTKDB,CSPRE,"[34, 4592, 787, 151645]",e54babebf3f069a37eb45c9999005ca6f6b00b44d10803e58bdb65ea2dd4f670,588,577,11,100.206,78.884,4,14022217796,13835895609,186322187,13953814927,1363,9db9f9473da8a4185efab85dcb1e5b575daa59c573f59082b8d45c973d9009ac,1363,12734,IDENTITY
h2-small-reuse64,qwen2.5-0.5b-instruct-fp16-v2,slice-versus-full-cache-v1,record-reuse,64,940193,confirmation,MEASUREMENT,attempt-e7072fefa98948e4b6ec6d72814577fc,baseline,0,1,r012,bbf57066674006b1972ce3add31d36a2e3d882ffc9ff1ba72f67913cea899c51,1,4,False,True,SUCCEEDED,False,CSRKR,CMMJD,"[34, 8035, 49915, 151645]",c7b9c0c444a0889ae968d2351e059976c9536dbd0415091a0b092b6254347d29,589,577,12,107.38,78.898,4,14222337931,14028927022,193410909,14153973353,1363,51aef925bf2e21cde531d2e9ed3d7d5b074e01a8586c558edec29a1f2e27ad26,1363,12233,IDENTITY
h2-small-reuse64,qwen2.5-0.5b-instruct-fp16-v2,slice-versus-full-cache-v1,record-reuse,64,940193,confirmation,MEASUREMENT,attempt-e7072fefa98948e4b6ec6d72814577fc,baseline,0,1,r013,bbf57066674006b1972ce3add31d36a2e3d882ffc9ff1ba72f67913cea899c51,1,5,False,True,SUCCEEDED,False,CACZZ,CMMJD,"[34, 8035, 49915, 151645]",b061f0a86f595f3abed4574f75fdf53131dde68d590dc2d34f9c1732d91b2b7e,589,577,12,107.03,78.719,4,15021355630,14828217198,193138432,14961680080,1363,56a5526b35a6f75009b5c73bf2c0adc0582d2c85cbc3b8fd0c1424db6ecb601c,1363,12233,IDENTITY
h2-small-reuse64,qwen2.5-0.5b-instruct-fp16-v2,slice-versus-full-cache-v1,record-reuse,64,940193,confirmation,MEASUREMENT,attempt-e7072fefa98948e4b6ec6d72814577fc,baseline,0,1,r014,bbf57066674006b1972ce3add31d36a2e3d882ffc9ff1ba72f67913cea899c51,1,6,False,True,SUCCEEDED,False,CZBSR,CFQFO,"[9650, 48, 3788, 151645]",8a15bf5feeb66c067cc0fdcbf0c53b73e89d8b7f425a722f966fe4a40cbf77e1,588,577,11,100.74,79.009,4,15216906819,15030194556,186712263,15156172259,1363,48e352842dbe7f865932293e363c270ffed75c35c9b19ede09c7301ce8e9a319,1363,12343,IDENTITY
h2-small-reuse64,qwen2.5-0.5b-instruct-fp16-v2,slice-versus-full-cache-v1,record-reuse,64,940193,confirmation,MEASUREMENT,attempt-e7072fefa98948e4b6ec6d72814577fc,baseline,0,1,r015,bbf57066674006b1972ce3add31d36a2e3d882ffc9ff1ba72f67913cea899c51,1,7,False,True,SUCCEEDED,True,COTWX,COTWX,"[34, 1793, 65376, 151645]",8abc18063fb8ff76bb02536570fac150cbd102bd9c081f3ad42d305a18779078,589,577,12,106.875,78.939,4,16019495438,15826532342,192963096,15959689065,1363,14fc110e6cd44c7d2dd68eaa1189f218d157972b60a64e8d8ab7275b0c2e014c,1363,16381,IDENTITY
h2-small-reuse64,qwen2.5-0.5b-instruct-fp16-v2,slice-versus-full-cache-v1,record-reuse,64,940193,confirmation,MEASUREMENT,attempt-e7072fefa98948e4b6ec6d72814577fc,baseline,0,1,r016,3f36045073a7e3ea0bdc2d225bc8f1527be54ad91409eceb85f08880257b6cda,2,0,True,True,SUCCEEDED,False,CYQXC,CKCTL,"[3021, 23871, 151645]",8d861811e0b6fb10124a9b70c95b11f5ff29be630b7b7334587a7baca0641472,592,70,522,3189.859,52.825,3,19278485977,16024729621,3253756356,19244783205,1363,abb823b0aeda7f2f7b3fbe07b498af54f18e3364ad89c516bb43bb4c798a3094,1363,12463,IDENTITY
h2-small-reuse64,qwen2.5-0.5b-instruct-fp16-v2,slice-versus-full-cache-v1,record-reuse,64,940193,confirmation,MEASUREMENT,attempt-e7072fefa98948e4b6ec6d72814577fc,baseline,0,1,r017,3f36045073a7e3ea0bdc2d225bc8f1527be54ad91409eceb85f08880257b6cda,2,1,False,True,SUCCEEDED,False,CDHWT,CCHLT,"[34, 2149, 27404, 151645]",b4cff11893d457085f4a4ad5b16a9a5a8a24ca62516ab118e55ab8894aa33b28,592,581,11,100.304,78.833,4,20044504233,19858025815,186478418,19975936307,1363,ed0977d1d7caa6d2463c889e2f3e81e628c6164d34f820c637db9d24b4b1c709,1363,12413,IDENTITY
h2-small-reuse64,qwen2.5-0.5b-instruct-fp16-v2,slice-versus-full-cache-v1,record-reuse,64,940193,confirmation,MEASUREMENT,attempt-e7072fefa98948e4b6ec6d72814577fc,baseline,0,1,r018,3f36045073a7e3ea0bdc2d225bc8f1527be54ad91409eceb85f08880257b6cda,2,2,False,True,SUCCEEDED,True,CNRRZ,CNRRZ,"[28668, 8106, 57, 151645]",1cda94dc7ee2cded2a913d7152c0708d8ceebb4bebb095f9855aaa349d13935f,593,581,12,107.737,78.852,4,20244190210,20051052460,193137750,20183084601,1363,74a1b1ad265ad449eda4a8fe5a9b30fd41770463cae862ae32731d55547005e8,1363,12083,IDENTITY
h2-small-reuse64,qwen2.5-0.5b-instruct-fp16-v2,slice-versus-full-cache-v1,record-reuse,64,940193,confirmation,MEASUREMENT,attempt-e7072fefa98948e4b6ec6d72814577fc,baseline,0,1,r019,3f36045073a7e3ea0bdc2d225bc8f1527be54ad91409eceb85f08880257b6cda,2,3,False,True,SUCCEEDED,True,CUMQJ,CUMQJ,"[34, 2794, 48, 41, 151645]",c396402f8e91bf3295dd78a90dc25a522c59847fa2cd7efb25051f04989ef61d,593,581,12,107.291,105.053,5,21074479992,20854680051,219799941,20975789331,1363,f49a733b301495f3facd290645d2655a42adba3a7c886867f2afd97454d9996a,1363,12083,IDENTITY
h2-small-reuse64,qwen2.5-0.5b-instruct-fp16-v2,slice-versus-full-cache-v1,record-reuse,64,940193,confirmation,MEASUREMENT,attempt-e7072fefa98948e4b6ec6d72814577fc,baseline,0,1,r020,3f36045073a7e3ea0bdc2d225bc8f1527be54ad91409eceb85f08880257b6cda,2,4,False,True,SUCCEEDED,False,CAUJV,CVCDF,"[34, 11287, 5262, 151645]",09b2e641f683cea6879707819d100c1d3e29298750761ec5bb1c7a38869c2c10,593,581,12,107.118,78.882,4,22042859960,21849620460,193239500,21982889581,1363,bda301a37b5cb597bdd60684a320cf07750bbd7bc7989072f951007b07597e31,1363,12473,IDENTITY
h2-small-reuse64,qwen2.5-0.5b-instruct-fp16-v2,slice-versus-full-cache-v1,record-reuse,64,940193,confirmation,MEASUREMENT,attempt-e7072fefa98948e4b6ec6d72814577fc,baseline,0,1,r021,3f36045073a7e3ea0bdc2d225bc8f1527be54ad91409eceb85f08880257b6cda,2,5,False,True,SUCCEEDED,False,CSZOY,CLOOF,"[34, 1593, 12483, 151645]",5d890532bfc3e6017fcd597321c29ce080e11f6e8875bd5d28383f88abac670c,593,581,12,107.974,79.052,4,22242660921,22047635290,195025631,22175107832,1363,43560eecf4370eac2a987cf281d4bd83c9fba317ae5924d72d49202e9e225a87,1363,12654,IDENTITY
h2-small-reuse64,qwen2.5-0.5b-instruct-fp16-v2,slice-versus-full-cache-v1,record-reuse,64,940193,confirmation,MEASUREMENT,attempt-e7072fefa98948e4b6ec6d72814577fc,baseline,0,1,r022,3f36045073a7e3ea0bdc2d225bc8f1527be54ad91409eceb85f08880257b6cda,2,6,False,True,SUCCEEDED,True,CCWWE,CCWWE,"[3706, 54, 12457, 151645]",988208b1ab4208d604a6affb96bad76efa543c369f3b05a25ac547d96b4ab09c,593,581,12,106.934,78.893,4,23061554871,22868044858,193510013,23001697974,1363,a40ac1f1413916556668a74ba0626563f29bdfee163161d3afeccb05a221dace,1363,12523,IDENTITY
h2-small-reuse64,qwen2.5-0.5b-instruct-fp16-v2,slice-versus-full-cache-v1,record-reuse,64,940193,confirmation,MEASUREMENT,attempt-e7072fefa98948e4b6ec6d72814577fc,baseline,0,1,r023,3f36045073a7e3ea0bdc2d225bc8f1527be54ad91409eceb85f08880257b6cda,2,7,False,True,SUCCEEDED,False,CEPWU,CJPTE,"[34, 27188, 2446, 151645]",8f9da2db82f3398ee0824e8e5b8d555eef46282b63cae3bd20aa9482680152e1,593,581,12,107.602,78.854,4,23263461939,23065938072,197523867,23191081112,1363,5c1221f0c5a91aa12e9caf909ccc7c1f9e76209010f5c9427e1db04d73e1e375,1363,12513,IDENTITY
h2-small-reuse64,qwen2.5-0.5b-instruct-fp16-v2,slice-versus-full-cache-v1,record-reuse,64,940193,confirmation,MEASUREMENT,attempt-e7072fefa98948e4b6ec6d72814577fc,baseline,0,1,r024,97d1a0ffe814888e0b953ccdbaebac51e9405046c416b2d26277c67210d2c04d,3,0,True,True,SUCCEEDED,True,CCVHU,CCVHU,"[3706, 53, 88014, 151645]",f4bd0097eaaff08d8be5f9d0eae320d244fc9fc57430f17b7780aef7082f9db9,585,70,515,3151.306,78.587,4,27094990425,23857025134,3237965291,27028626698,1363,6da5e8b92920c05cf6df97354d80283c1fc1ecdae1579e1b1e4d9cadeff5aed4,1363,12543,IDENTITY
h2-small-reuse64,qwen2.5-0.5b-instruct-fp16-v2,slice-versus-full-cache-v1,record-reuse,64,940193,confirmation,MEASUREMENT,attempt-e7072fefa98948e4b6ec6d72814577fc,baseline,0,1,r025,97d1a0ffe814888e0b953ccdbaebac51e9405046c416b2d26277c67210d2c04d,3,1,False,True,SUCCEEDED,True,CGPTV,CGPTV,"[8798, 2828, 53, 151645]",0af88e9549ab402d339f09ebe331aa0b9e0f652925f67a5a47439f36300bb1f7,585,573,12,106.751,78.646,4,28068269864,27875002402,193267462,28008730808,1363,15032f6b1fb8f9b1020c4be3e47122f1d71b1ffe6e5adcacebea69a9e70057d4,1363,13064,IDENTITY
h2-small-reuse64,qwen2.5-0.5b-instruct-fp16-v2,slice-versus-full-cache-v1,record-reuse,64,940193,confirmation,MEASUREMENT,attempt-e7072fefa98948e4b6ec6d72814577fc,baseline,0,1,r026,97d1a0ffe814888e0b953ccdbaebac51e9405046c416b2d26277c67210d2c04d,3,2,False,True,SUCCEEDED,False,CABHE,CFLDL,"[34, 6126, 16524, 151645]",a48cbe5d6cedf89437d89b6f7af878e4219b59603775fe78c38e83ce2d733ef1,585,573,12,107.481,78.793,4,28270213510,28072826908,197386602,28205052189,1363,9fe24cfc42d7b52dcbe5e4cd3eee7a12b586d2a61feddb531a3d83f0511eaf8a,1363,13064,IDENTITY
h2-small-reuse64,qwen2.5-0.5b-instruct-fp16-v2,slice-versus-full-cache-v1,record-reuse,64,940193,confirmation,MEASUREMENT,attempt-e7072fefa98948e4b6ec6d72814577fc,baseline,0,1,r027,97d1a0ffe814888e0b953ccdbaebac51e9405046c416b2d26277c67210d2c04d,3,3,False,True,SUCCEEDED,False,CPPCX,CIXJZ,"[34, 5396, 41, 57, 151645]",d65c94760c43ca0ab7da4fe40853cc5a3f05ef73d67a2d8a2b8de5600b7090b0,585,573,12,106.562,104.86,5,29094727751,28875867177,218860574,28996792906,1363,61f323844c1168f27073c00e4eb22e2019f86ef3a0c1771499e0f125ddfb2867,1363,12784,IDENTITY
h2-small-reuse64,qwen2.5-0.5b-instruct-fp16-v2,slice-versus-full-cache-v1,record-reuse,64,940193,confirmation,MEASUREMENT,attempt-e7072fefa98948e4b6ec6d72814577fc,baseline,0,1,r028,97d1a0ffe814888e0b953ccdbaebac51e9405046c416b2d26277c67210d2c04d,3,4,False,True,SUCCEEDED,False,CPONM,CYSFR,"[34, 9394, 10504, 151645]",cf32c15a3e8b1cbaccd9658200e5b8bab10126e2598b6c3d9a2eac540efdcadd,585,573,12,106.775,78.729,4,30072304140,29879061995,193242145,30012693451,1363,d78062e969aa2e66921ac7b245aed3a0b533eb289224e8facac30c3c1cf97413,1363,13135,IDENTITY
h2-small-reuse64,qwen2.5-0.5b-instruct-fp16-v2,slice-versus-full-cache-v1,record-reuse,64,940193,confirmation,MEASUREMENT,attempt-e7072fefa98948e4b6ec6d72814577fc,baseline,0,1,r029,97d1a0ffe814888e0b953ccdbaebac51e9405046c416b2d26277c67210d2c04d,3,5,False,True,SUCCEEDED,False,CJMAE,CAGWP,"[34, 1890, 25674, 151645]",bfefe925987483e98b9f4a8d6378a2e686935043557ca51c47886977c8deb3ff,585,573,12,107.941,80.395,4,30274758285,30076948527,197809758,30212479565,1363,c9c02d29d7b755f4e81bafd32eb1b1587f5b4151b8b4971a8dae6a2caa2f5fa8,1363,12433,IDENTITY
h2-small-reuse64,qwen2.5-0.5b-instruct-fp16-v2,slice-versus-full-cache-v1,record-reuse,64,940193,confirmation,MEASUREMENT,attempt-e7072fefa98948e4b6ec6d72814577fc,baseline,0,1,r030,97d1a0ffe814888e0b953ccdbaebac51e9405046c416b2d26277c67210d2c04d,3,6,False,True,SUCCEEDED,True,CCERZ,CCERZ,"[3706, 640, 57, 151645]",4744c9e8e7a90e04cfa38f9fe90cf57a517b49f0074fa52443cca4a63f9a9eae,584,573,11,99.935,78.582,4,31067562330,30881611464,185950866,30995654383,1363,982cff77b0eb67f0013d0c6392752d9935cee0e8a4309f2c4887145cfcc69ca8,1363,12514,IDENTITY
h2-small-reuse64,qwen2.5-0.5b-instruct-fp16-v2,slice-versus-full-cache-v1,record-reuse,64,940193,confirmation,MEASUREMENT,attempt-e7072fefa98948e4b6ec6d72814577fc,baseline,0,1,r031,97d1a0ffe814888e0b953ccdbaebac51e9405046c416b2d26277c67210d2c04d,3,7,False,True,SUCCEEDED,False,CKLFH,CFLDL,"[34, 6126, 16524, 151645]",5195c8a2ec5fa4ea8cbf864a396ce54f861ae6324e1b08b9e00e335b4dc2a6d7,584,573,11,100.859,79.088,4,31261875436,31074370420,187505016,31197047194,1363,97a47b0e3c30422bf0db0909d70f409c3e770799f837a5a0e75208bc19aa7fba,1363,12333,IDENTITY
h2-small-reuse64,qwen2.5-0.5b-instruct-fp16-v2,slice-versus-full-cache-v1,record-reuse,64,940193,confirmation,MEASUREMENT,attempt-e7072fefa98948e4b6ec6d72814577fc,baseline,0,1,r032,49a4a6f3b0d4bdbce0372394528fcbda918e69727938772e103f943fa24f070f,4,0,True,True,SUCCEEDED,True,CQGEK,CQGEK,"[34, 48, 10777, 42, 151645]",af56022505653d55db573ec6770572c471468040665a4aae51c4786c0f613edb,603,70,533,3269.955,105.431,5,35278191806,31895128266,3383063540,35179538875,1363,7a3fb58260bb4b5f8149e35d06c681fee19ca0772a928a9efb73e0f4fe368ef0,1363,12473,IDENTITY
h2-small-reuse64,qwen2.5-0.5b-instruct-fp16-v2,slice-versus-full-cache-v1,record-reuse,64,940193,confirmation,MEASUREMENT,attempt-e7072fefa98948e4b6ec6d72814577fc,baseline,0,1,r033,49a4a6f3b0d4bdbce0372394528fcbda918e69727938772e103f943fa24f070f,4,1,False,True,SUCCEEDED,False,COXCY,CSDXG,"[34, 5491, 55, 38, 151645]",14e968b1c682dcb432580793e9eabbdc5f89723c5ce3fca7185db9ab9d0c6571,603,591,12,107.512,108.286,5,36125811043,35902521002,223290041,36036727106,1363,73d69d0565aef5f583b4df19319ad6f54c25df6eef583668e94489ad46e96f40,1363,12353,IDENTITY
h2-small-reuse64,qwen2.5-0.5b-instruct-fp16-v2,slice-versus-full-cache-v1,record-reuse,64,940193,confirmation,MEASUREMENT,attempt-e7072fefa98948e4b6ec6d72814577fc,baseline,0,1,r034,49a4a6f3b0d4bdbce0372394528fcbda918e69727938772e103f943fa24f070f,4,2,False,True,SUCCEEDED,True,CNZPJ,CNZPJ,"[28668, 57, 94235, 151645]",c6c3106c400eb3c47ae7b266f82327307763aa40d9a8ad109857d72b1e1aab84,603,591,12,107.854,80.301,4,37061792514,36866564096,195228418,36988763873,1363,cd9ef14558486ae9e2112e824149cf504dc35d0aece3a9be7ca0944fc3b71752,1363,12493,IDENTITY
h2-small-reuse64,qwen2.5-0.5b-instruct-fp16-v2,slice-versus-full-cache-v1,record-reuse,64,940193,confirmation,MEASUREMENT,attempt-e7072fefa98948e4b6ec6d72814577fc,baseline,0,1,r035,49a4a6f3b0d4bdbce0372394528fcbda918e69727938772e103f943fa24f070f,4,3,False,True,SUCCEEDED,False,CNRMH,CTFRY,"[1162, 10504, 56, 151645]",64a320f7c7ccb721eee4c04664312e5d64bb58057ef370a7f41bc1c9a780015e,603,592,11,102.774,82.001,4,37257752473,37065604743,192147730,37186199616,1363,8821bf87d529e85b53a0f7d7afff84f4f9d91ab91c9055cff944c00f4e15e96d,1363,12493,IDENTITY
h2-small-reuse64,qwen2.5-0.5b-instruct-fp16-v2,slice-versus-full-cache-v1,record-reuse,64,940193,confirmation,MEASUREMENT,attempt-e7072fefa98948e4b6ec6d72814577fc,baseline,0,1,r036,49a4a6f3b0d4bdbce0372394528fcbda918e69727938772e103f943fa24f070f,4,4,False,True,SUCCEEDED,False,CAAOE,CDLQR,"[6484, 43, 30465, 151645]",acef49ba588b6a2ef059c2777532d0a5753df34379551ee840ed814977218419,603,591,12,108.667,81.362,4,38068448578,37870314276,198134302,38005511694,1363,87cc052937f1c1b0003dad480f5b45eb576f75195bc9814da7fd54a2f95b1303,1363,12603,IDENTITY
h2-small-reuse64,qwen2.5-0.5b-instruct-fp16-v2,slice-versus-full-cache-v1,record-reuse,64,940193,confirmation,MEASUREMENT,attempt-e7072fefa98948e4b6ec6d72814577fc,baseline,0,1,r037,49a4a6f3b0d4bdbce0372394528fcbda918e69727938772e103f943fa24f070f,4,5,False,True,SUCCEEDED,False,CMGGO,CQGGO,"[34, 48, 38, 15513, 151645]",d4770573271c09d89ed2a6ce60b4aa0fd8eab54c5f03607cfa71fbba99bf8ded,603,591,12,110.105,111.382,5,38307889172,38079034834,228854338,38213925882,1363,275f20c946c301dfa7a97aa74bc8f81aea20cef772dbbdd58b096e1eb9422a34,1363,12433,IDENTITY
h2-small-reuse64,qwen2.5-0.5b-instruct-fp16-v2,slice-versus-full-cache-v1,record-reuse,64,940193,confirmation,MEASUREMENT,attempt-e7072fefa98948e4b6ec6d72814577fc,baseline,0,1,r038,49a4a6f3b0d4bdbce0372394528fcbda918e69727938772e103f943fa24f070f,4,6,False,True,SUCCEEDED,False,CSXDZ,CSDXG,"[34, 5491, 55, 38, 151645]",3347cc7046a211430155f335aef8d3b8f0453b99e3f2cadbcbd420d0494fee58,603,591,12,107.939,106.972,5,39114162142,38892054561,222107581,39026453684,1363,638829f13883657ea9294f5df7f55f28383946757a5709e178c272e86015ed42,1363,12503,IDENTITY
h2-small-reuse64,qwen2.5-0.5b-instruct-fp16-v2,slice-versus-full-cache-v1,record-reuse,64,940193,confirmation,MEASUREMENT,attempt-e7072fefa98948e4b6ec6d72814577fc,baseline,0,1,r039,49a4a6f3b0d4bdbce0372394528fcbda918e69727938772e103f943fa24f070f,4,7,False,True,SUCCEEDED,False,CHHOW,CQACZ,"[34, 48, 1706, 57, 151645]",2b1db6922d6239e23264dd67158c491f92882519eca3bf4158613d49281c5786,603,591,12,108.037,105.558,5,40127031571,39905942133,221089438,40036537111,1363,f994c618870bce74dad858f98bc5e0338cbb82a90ddf7cac485db00fa3263d33,1363,12624,IDENTITY
h2-small-reuse64,qwen2.5-0.5b-instruct-fp16-v2,slice-versus-full-cache-v1,record-reuse,64,940193,confirmation,MEASUREMENT,attempt-e7072fefa98948e4b6ec6d72814577fc,baseline,0,1,r040,773276865e31957cc099eb49a810711fa968e72b30adaee99ef888ec93469acd,5,0,True,True,SUCCEEDED,False,CLQQQ,CWOJW,"[34, 22681, 41, 54, 151645]",7368f6544e66306e10f27976b8d7aba2f2ac6a8dd2dff9116c59b49d10d8964d,588,70,518,3167.376,105.672,5,44146288950,40867106382,3279182568,44094025062,1363,6d6c301b30a09ed8afaf5b6a4086d1cfaa0f5901b1b62cb161f5d677d98c5391,1363,12713,IDENTITY
h2-small-reuse64,qwen2.5-0.5b-instruct-fp16-v2,slice-versus-full-cache-v1,record-reuse,64,940193,confirmation,MEASUREMENT,attempt-e7072fefa98948e4b6ec6d72814577fc,baseline,0,1,r041,773276865e31957cc099eb49a810711fa968e72b30adaee99ef888ec93469acd,5,1,False,True,SUCCEEDED,False,CZWNE,CNYMH,"[34, 23054, 48202, 151645]",e05bca6ca1ad37303d0d76856397e8ac3d1c2269e5f9c306dc5d2001dc7c89c1,587,576,11,100.572,78.679,4,45087179670,44901504857,185674813,45017067262,1363,34e7fe9a540b5644c477e20c525f4597a726130c8552df56c0711ed72651b1c4,1363,12774,IDENTITY
h2-small-reuse64,qwen2.5-0.5b-instruct-fp16-v2,slice-versus-full-cache-v1,record-reuse,64,940193,confirmation,MEASUREMENT,attempt-e7072fefa98948e4b6ec6d72814577fc,baseline,0,1,r042,773276865e31957cc099eb49a810711fa968e72b30adaee99ef888ec93469acd,5,2,False,True,SUCCEEDED,True,CGOYW,CGOYW,"[8798, 46, 98117, 151645]",70f5b1fbbfe97e30c66304cde3ecc4911a14132169b66ba73953f2e78f3729d4,586,575,11,101.089,78.917,4,45281029295,45094468454,186560841,45210070713,1363,7e0977fd346a4000623197b1645e31424e701b67a728cadb5dae358e78ec2d4d,1363,12293,IDENTITY
h2-small-reuse64,qwen2.5-0.5b-instruct-fp16-v2,slice-versus-full-cache-v1,record-reuse,64,940193,confirmation,MEASUREMENT,attempt-e7072fefa98948e4b6ec6d72814577fc,baseline,0,1,r043,773276865e31957cc099eb49a810711fa968e72b30adaee99ef888ec93469acd,5,3,False,True,SUCCEEDED,True,CJPRD,CJPRD,"[34, 41, 6480, 35, 151645]",3bc2063034a571b418315f6ee55b7d48e8197d2b037b03c87d003425ab085084,587,575,12,107.278,108.668,5,46122088202,45899911942,222176260,46022034406,1363,a9b0322ad26ed1748a96ce6a3093d37bc23ecda2913ba6b07060da51cc0a76e0,1363,12273,IDENTITY
h2-small-reuse64,qwen2.5-0.5b-instruct-fp16-v2,slice-versus-full-cache-v1,record-reuse,64,940193,confirmation,MEASUREMENT,attempt-e7072fefa98948e4b6ec6d72814577fc,baseline,0,1,r044,773276865e31957cc099eb49a810711fa968e72b30adaee99ef888ec93469acd,5,4,False,True,SUCCEEDED,True,CYHGX,CYHGX,"[34525, 39, 84432, 151645]",f49e76f60aedc02a45edcd37bf2b0ac9a3a54de1c26125a3285034ebf60be011,587,575,12,109.401,79.2,4,46324033511,46129215806,194817705,46251193340,1363,d557d61364b39dadb8fe042ad77d2746e60cac7ca903d4508ceb52d8391adb6c,1363,12594,IDENTITY
h2-small-reuse64,qwen2.5-0.5b-instruct-fp16-v2,slice-versus-full-cache-v1,record-reuse,64,940193,confirmation,MEASUREMENT,attempt-e7072fefa98948e4b6ec6d72814577fc,baseline,0,1,r045,773276865e31957cc099eb49a810711fa968e72b30adaee99ef888ec93469acd,5,5,False,True,SUCCEEDED,False,CCCRT,CSSZV,"[33658, 57, 53, 151645]",c74fd3313b238b30332db3d054763085ed48adc3add8cdc232211c70311fd88a,587,575,12,107.745,81.101,4,47112779679,46917657228,195122451,47039774041,1363,77b065e7a8d6781558ca1b80305160f8f58efe293a0aa1b30f2bba972a6a010b,1363,12613,IDENTITY
h2-small-reuse64,qwen2.5-0.5b-instruct-fp16-v2,slice-versus-full-cache-v1,record-reuse,64,940193,confirmation,MEASUREMENT,attempt-e7072fefa98948e4b6ec6d72814577fc,baseline,0,1,r046,773276865e31957cc099eb49a810711fa968e72b30adaee99ef888ec93469acd,5,6,False,True,SUCCEEDED,False,CGDPU,CNYMH,"[34, 23054, 48202, 151645]",4018e27f569182fe6bf1b1578ef98cfe349fbade8acdc9ce8b09dbeefc274f89,588,575,13,115.612,78.933,4,47321457327,47120839707,200617620,47251224034,1363,b79f5bb6944d0f7536c260bd0b5728e0ffd7513e4f94a923a838199675e27854,1363,12703,IDENTITY
h2-small-reuse64,qwen2.5-0.5b-instruct-fp16-v2,slice-versus-full-cache-v1,record-reuse,64,940193,confirmation,MEASUREMENT,attempt-e7072fefa98948e4b6ec6d72814577fc,baseline,0,1,r047,773276865e31957cc099eb49a810711fa968e72b30adaee99ef888ec93469acd,5,7,False,True,SUCCEEDED,False,CCDDK,CQFEV,"[34, 48, 11419, 53, 151645]",29f624c338c77063fc919671cf3e4d188168963187ae33b2135aa380291d40b8,587,575,12,107.987,108.831,5,48132071962,47909158591,222913371,48032373627,1363,c2d629d74b15452c7eceed3445880c04bf667e6f619c10ac15a0613939210004,1363,12794,IDENTITY
h2-small-reuse64,qwen2.5-0.5b-instruct-fp16-v2,slice-versus-full-cache-v1,record-reuse,64,940193,confirmation,MEASUREMENT,attempt-e7072fefa98948e4b6ec6d72814577fc,baseline,0,1,r048,992b8f50c056aa6a827fa2aa6f814f155d868289b32bd4fd8e6818079b3f6d50,6,0,True,True,SUCCEEDED,True,COXKF,COXKF,"[8281, 55, 65008, 151645]",8ac3c0df79c3b9c6e6706478123822ac1654659017ea5f4428a317482374cb42,594,70,524,3226.038,80.832,4,51468578506,48137777241,3330801265,51389476973,1363,bd92af347a0f075293b93e801cd156f0bc241944fbf7b483e352f10b8c3c590b,1363,12753,IDENTITY
h2-small-reuse64,qwen2.5-0.5b-instruct-fp16-v2,slice-versus-full-cache-v1,record-reuse,64,940193,confirmation,MEASUREMENT,attempt-e7072fefa98948e4b6ec6d72814577fc,baseline,0,1,r049,992b8f50c056aa6a827fa2aa6f814f155d868289b32bd4fd8e6818079b3f6d50,6,1,False,True,SUCCEEDED,False,CTMAF,CJAYP,"[34, 41, 3022, 47, 151645]",9be70d679e00491cc15f3b068f756598ac05c8ff83b999a2aa44ceed1832386a,594,582,12,108.818,106.149,5,52175472977,51952859144,222613833,52075778690,1363,dbca10b0c99a47943aa123e2ef363ca9d27eaf313c2a13fd16208782454e2482,1363,12293,IDENTITY
h2-small-reuse64,qwen2.5-0.5b-instruct-fp16-v2,slice-versus-full-cache-v1,record-reuse,64,940193,confirmation,MEASUREMENT,attempt-e7072fefa98948e4b6ec6d72814577fc,baseline,0,1,r050,992b8f50c056aa6a827fa2aa6f814f155d868289b32bd4fd8e6818079b3f6d50,6,2,False,True,SUCCEEDED,True,CFCXF,CFCXF,"[34, 6754, 66138, 151645]",229e26f35badc32a50386677c3e35973a7323020969984fbf34c3ba09d8000e2,594,582,12,107.826,78.562,4,53117580330,52923662248,193918082,53041308227,1363,174f7cda837b9ec20a52be7a9acbd678b2a8bafa8f23b5452fdebac451961e63,1363,12633,IDENTITY
h2-small-reuse64,qwen2.5-0.5b-instruct-fp16-v2,slice-versus-full-cache-v1,record-reuse,64,940193,confirmation,MEASUREMENT,attempt-e7072fefa98948e4b6ec6d72814577fc,baseline,0,1,r051,992b8f50c056aa6a827fa2aa6f814f155d868289b32bd4fd8e6818079b3f6d50,6,3,False,True,SUCCEEDED,True,CGVBG,CGVBG,"[8798, 36874, 38, 151645]",88c3094c0e2d6410a302bf56b08242d9a49da5fb38691fdb9c9026631c743fad,593,582,11,101.399,78.997,4,53309990477,53122068706,187921771,53242642460,1363,9bb979c2df075b645c264a15c797b64a577d44c115843d13f8213cdaf8e8f018,1363,12784,IDENTITY
h2-small-reuse64,qwen2.5-0.5b-instruct-fp16-v2,slice-versus-full-cache-v1,record-reuse,64,940193,confirmation,MEASUREMENT,attempt-e7072fefa98948e4b6ec6d72814577fc,baseline,0,1,r052,992b8f50c056aa6a827fa2aa6f814f155d868289b32bd4fd8e6818079b3f6d50,6,4,False,True,SUCCEEDED,False,CRPWL,CDJVU,"[6484, 77891, 52, 151645]",d7dcb18f92e1074de5fac3e0b8d599c52f245826feb9dc045cf474e7871ca26d,593,582,11,100.515,78.66,4,54120386475,53933608450,186778025,54049965233,1363,73a4479b9484a60ddc652337cfcf273623ca06c3aa388d6fbbff3b303b84c546,1363,12393,IDENTITY
h2-small-reuse64,qwen2.5-0.5b-instruct-fp16-v2,slice-versus-full-cache-v1,record-reuse,64,940193,confirmation,MEASUREMENT,attempt-e7072fefa98948e4b6ec6d72814577fc,baseline,0,1,r053,992b8f50c056aa6a827fa2aa6f814f155d868289b32bd4fd8e6818079b3f6d50,6,5,False,True,SUCCEEDED,False,CVVWU,CGVTA,"[8798, 53, 15204, 151645]",b0ef74a6fe2775763429809602b83fef30e8eeae9ee566a635fb00375f543b24,594,582,12,108.02,79.187,4,54325546852,54127134253,198412599,54261541200,1363,5edcfd93fe967276d5b7a4525de3cde3e400b61c4089d3a5d88716c53508f37f,1363,12383,IDENTITY
h2-small-reuse64,qwen2.5-0.5b-instruct-fp16-v2,slice-versus-full-cache-v1,record-reuse,64,940193,confirmation,MEASUREMENT,attempt-e7072fefa98948e4b6ec6d72814577fc,baseline,0,1,r054,992b8f50c056aa6a827fa2aa6f814f155d868289b32bd4fd8e6818079b3f6d50,6,6,False,True,SUCCEEDED,True,CBJNP,CBJNP,"[34, 14978, 26227, 151645]",9d57cf71ee6b7832584cefbf495de2e6631c27314a2fe15399a2c8843a7fcf46,594,582,12,107.38,78.669,4,55122197861,54928704839,193493022,55049809139,1363,8433964269b39cbe79d7e163b2b8e15356e58001949a6f2e85bb22858cdc6ebe,1363,12263,IDENTITY
h2-small-reuse64,qwen2.5-0.5b-instruct-fp16-v2,slice-versus-full-cache-v1,record-reuse,64,940193,confirmation,MEASUREMENT,attempt-e7072fefa98948e4b6ec6d72814577fc,baseline,0,1,r055,992b8f50c056aa6a827fa2aa6f814f155d868289b32bd4fd8e6818079b3f6d50,6,7,False,True,SUCCEEDED,True,CLCRU,CLCRU,"[3140, 8973, 52, 151645]",9759968b685955942411da746f4c1020fe472677d15576ebe2d733fa2705e051,594,582,12,108.7,78.973,4,55321725594,55126839532,194886062,55259704953,1363,5acee67e1bbb4a86e826d2c6ce847caef0eea5c0df09c8f756c0152656ff1b23,1363,12553,IDENTITY
h2-small-reuse64,qwen2.5-0.5b-instruct-fp16-v2,slice-versus-full-cache-v1,record-reuse,64,940193,confirmation,MEASUREMENT,attempt-e7072fefa98948e4b6ec6d72814577fc,baseline,0,1,r056,c346add73791c5b9734afc4d2569a121216762d04195e1c3f89771846d7152aa,7,0,True,True,SUCCEEDED,True,CQLAN,CQLAN,"[34, 3588, 1093, 151645]",9e83f9bedbd2f814c67a010888460b2beddd514145154d6a87c045f78bd4138c,596,70,526,3219.048,78.653,4,59237486195,55928842873,3308643322,59217296942,1363,fa4e3d121050546b2226fd1d97b727919d94367491d2a2adb78e1078c6487be5,1363,12784,IDENTITY
h2-small-reuse64,qwen2.5-0.5b-instruct-fp16-v2,slice-versus-full-cache-v1,record-reuse,64,940193,confirmation,MEASUREMENT,attempt-e7072fefa98948e4b6ec6d72814577fc,baseline,0,1,r057,c346add73791c5b9734afc4d2569a121216762d04195e1c3f89771846d7152aa,7,1,False,True,SUCCEEDED,False,CRLOM,CLOXX,"[34, 1593, 6148, 151645]",575cf662f3b82f878395a1addbf4e62076e20a487bb928aaacd3ed6c13f80952,596,585,11,100.499,79.754,4,60155973765,59968461305,187512460,60084155806,1363,4200f5343f353f4035d494d44e5ff365175e1d12670ff6980977254c3ed6ccb0,1363,12634,IDENTITY
h2-small-reuse64,qwen2.5-0.5b-instruct-fp16-v2,slice-versus-full-cache-v1,record-reuse,64,940193,confirmation,MEASUREMENT,attempt-e7072fefa98948e4b6ec6d72814577fc,baseline,0,1,r058,c346add73791c5b9734afc4d2569a121216762d04195e1c3f89771846d7152aa,7,2,False,True,SUCCEEDED,False,CUJOE,CLOXX,"[34, 1593, 6148, 151645]",04f412b951bdf33c15f5f8e17fc961e4a65666394d5735c9085c917d757ca025,596,585,11,101.041,78.97,4,60348755924,60161469946,187285978,60295375110,1363,4e27c5ed7fef81f3696e90ba539f4311857b068cd0014211ddc996638489ef92,1363,12814,IDENTITY
h2-small-reuse64,qwen2.5-0.5b-instruct-fp16-v2,slice-versus-full-cache-v1,record-reuse,64,940193,confirmation,MEASUREMENT,attempt-e7072fefa98948e4b6ec6d72814577fc,baseline,0,1,r059,c346add73791c5b9734afc4d2569a121216762d04195e1c3f89771846d7152aa,7,3,False,True,SUCCEEDED,False,CSBES,CJYET,"[34, 41, 56, 1348, 151645]",0b422dfb941ad8ffd6cba427bf13c40bab20bfdd94e5b8f750572011f82fc109,596,584,12,107.192,105.678,5,61186990860,60966929925,220060935,61100693285,1363,ad02b5db5ccdac8f3cc7bcbbcdd907708ed81839ba599bb271888b2aa45406bd,1363,12564,IDENTITY
h2-small-reuse64,qwen2.5-0.5b-instruct-fp16-v2,slice-versus-full-cache-v1,record-reuse,64,940193,confirmation,MEASUREMENT,attempt-e7072fefa98948e4b6ec6d72814577fc,baseline,0,1,r060,c346add73791c5b9734afc4d2569a121216762d04195e1c3f89771846d7152aa,7,4,False,True,SUCCEEDED,False,CIWAV,CQVGM,"[34, 48, 53, 20637, 151645]",45dab4c6e5ab2a800269252172d074ade63cc36f08a8fdeb076fd28d61c3207a,596,584,12,107.344,106.518,5,62194036620,61972320506,221716114,62105699462,1363,04ead0a2764a43e2f7d1ee21569adeae0177be540f0a317924539be5db014fbf,1363,12393,IDENTITY
h2-small-reuse64,qwen2.5-0.5b-instruct-fp16-v2,slice-versus-full-cache-v1,record-reuse,64,940193,confirmation,MEASUREMENT,attempt-e7072fefa98948e4b6ec6d72814577fc,baseline,0,1,r061,c346add73791c5b9734afc4d2569a121216762d04195e1c3f89771846d7152aa,7,5,False,True,SUCCEEDED,True,CQIGM,CQIGM,"[34, 48, 1914, 44, 151645]",6b829788825550d4213c4e134e7644cf2d6226cb41eee0d6a1e426fa05def85a,597,584,13,115.187,107.162,5,63190047408,62959681841,230365567,63101516841,1363,cf885e143869e8bd2e52fa0579cb652c6d3998235f38786a89d7ac6acadae4b7,1363,12493,IDENTITY
h2-small-reuse64,qwen2.5-0.5b-instruct-fp16-v2,slice-versus-full-cache-v1,record-reuse,64,940193,confirmation,MEASUREMENT,attempt-e7072fefa98948e4b6ec6d72814577fc,baseline,0,1,r062,c346add73791c5b9734afc4d2569a121216762d04195e1c3f89771846d7152aa,7,6,False,True,SUCCEEDED,False,CZRMU,CJYET,"[34, 41, 56, 1348, 151645]",78004965d18c39ae112ce3d87ef41cd4451c28196e1e918117336a1acc00b169,596,584,12,107.431,105.467,5,64177909865,63957826097,220083768,64091670378,1363,7147f53b20d6c346865862de6c78f4627bb2c07a30ecf0436ff5d703d9d633ad,1363,12854,IDENTITY
h2-small-reuse64,qwen2.5-0.5b-instruct-fp16-v2,slice-versus-full-cache-v1,record-reuse,64,940193,confirmation,MEASUREMENT,attempt-e7072fefa98948e4b6ec6d72814577fc,baseline,0,1,r063,c346add73791c5b9734afc4d2569a121216762d04195e1c3f89771846d7152aa,7,7,False,True,SUCCEEDED,False,CHLIV,CQVGM,"[34, 48, 53, 20637, 151645]",d05d603a25faeda2ecce422eb68324a0848e8fe1a19f48340f63c74a2de4329e,596,584,12,107.641,105.164,5,64405850263,64181700083,224150180,64310806464,1363,afc9e053cae1beac91df39de8181d6e5c3dfe92cc773a5cfa89ae61f8fd20b33,1363,12543,IDENTITY
h2-small-reuse64,qwen2.5-0.5b-instruct-fp16-v2,slice-versus-full-cache-v1,record-reuse,64,940193,confirmation,MEASUREMENT,attempt-e7072fefa98948e4b6ec6d72814577fc,baseline,0,1,r064,32073d2604158d4d79867d3e59c604cc04b768c12c2de3ef7ace418367fb2948,8,0,True,True,SUCCEEDED,False,CVAHW,CAUJL,"[5049, 52, 41, 43, 151645]",cf7587e9ebee3aea320e62d0ca6693c237f1ea889617ecef33d2a2bee9c68831,588,70,518,3153.938,105.904,5,68256513762,64986662377,3269851385,68209693297,1363,dbe67cec40f0875db7ffaf6870fb47011cc63558845539c1590e8fe85f04765a,1363,12423,IDENTITY
h2-small-reuse64,qwen2.5-0.5b-instruct-fp16-v2,slice-versus-full-cache-v1,record-reuse,64,940193,confirmation,MEASUREMENT,attempt-e7072fefa98948e4b6ec6d72814577fc,baseline,0,1,r065,32073d2604158d4d79867d3e59c604cc04b768c12c2de3ef7ace418367fb2948,8,1,False,True,SUCCEEDED,True,CQOES,CQOES,"[34, 48, 46, 1570, 151645]",2e21b80caa69d76b47ab6df7b33940f337381cbb4fde1e823c524fad97f228cf,587,575,12,107.032,105.634,5,69211547272,68991447534,220099738,69124698702,1363,f1ecc83767d3a92c7089cf4f8622c6815cbdcf99ce889127a6343d244ea66baf,1363,12373,IDENTITY
h2-small-reuse64,qwen2.5-0.5b-instruct-fp16-v2,slice-versus-full-cache-v1,record-reuse,64,940193,confirmation,MEASUREMENT,attempt-e7072fefa98948e4b6ec6d72814577fc,baseline,0,1,r066,32073d2604158d4d79867d3e59c604cc04b768c12c2de3ef7ace418367fb2948,8,2,False,True,SUCCEEDED,True,CTJNK,CTJNK,"[1162, 41, 76180, 151645]",ceeff000f36c21ec641b200747a655643c6290c28a195eb559621008b0198280,587,575,12,106.823,79.335,4,70184556378,69990520437,194035941,70123624662,1363,889dfa74f2c891beb0319c8743612554d8c476e7197bd1e038dccfe94df03ac0,1363,12163,IDENTITY
h2-small-reuse64,qwen2.5-0.5b-instruct-fp16-v2,slice-versus-full-cache-v1,record-reuse,64,940193,confirmation,MEASUREMENT,attempt-e7072fefa98948e4b6ec6d72814577fc,baseline,0,1,r067,32073d2604158d4d79867d3e59c604cc04b768c12c2de3ef7ace418367fb2948,8,3,False,True,SUCCEEDED,False,CYQWZ,CBAWBR,"[34, 7064, 54, 13095, 151645]",3eac306fa84425f946c6aa90d26441ab2e69fb0b10d0ffac5bd5746887c904fa,587,576,11,100.599,105.745,5,70402642121,70188823723,213818398,70305686887,1363,3e290fa345bc3700804a22ec03dfb37af412d8e0161b71ed54cb3bd2b9376b73,1363,12303,IDENTITY
h2-small-reuse64,qwen2.5-0.5b-instruct-fp16-v2,slice-versus-full-cache-v1,record-reuse,64,940193,confirmation,MEASUREMENT,attempt-e7072fefa98948e4b6ec6d72814577fc,baseline,0,1,r068,32073d2604158d4d79867d3e59c604cc04b768c12c2de3ef7ace418367fb2948,8,4,False,True,SUCCEEDED,True,CQGVR,CQGVR,"[34, 48, 38, 18800, 151645]",3cdb14b7b748b3d2392b5a9ee0f491cbc4d09412f7287ac8b870298a7187a1bd,587,575,12,107.033,105.725,5,71221447396,71001319265,220128131,71134646916,1363,526c83d748fbfbe9a83de9f4e528ea2e35f08de4fac7d385c1c23710d385d7f3,1363,12373,IDENTITY
h2-small-reuse64,qwen2.5-0.5b-instruct-fp16-v2,slice-versus-full-cache-v1,record-reuse,64,940193,confirmation,MEASUREMENT,attempt-e7072fefa98948e4b6ec6d72814577fc,baseline,0,1,r069,32073d2604158d4d79867d3e59c604cc04b768c12c2de3ef7ace418367fb2948,8,5,False,True,SUCCEEDED,False,CDGKX,CCYEH,"[3706, 56, 45589, 151645]",f5429ab19189b9d548508c128530809c1ae8fd85986697761119030c8bc287ea,587,575,12,106.871,79.444,4,72187407044,71993760908,193646136,72114809555,1363,5300cd192473ad81449777480a4aa43662b849e49c637507b0a0ed3afa8b1f7b,1363,12273,IDENTITY
h2-small-reuse64,qwen2.5-0.5b-instruct-fp16-v2,slice-versus-full-cache-v1,record-reuse,64,940193,confirmation,MEASUREMENT,attempt-e7072fefa98948e4b6ec6d72814577fc,baseline,0,1,r070,32073d2604158d4d79867d3e59c604cc04b768c12c2de3ef7ace418367fb2948,8,6,False,True,SUCCEEDED,False,CIZOB,CYJLX,"[34525, 41, 43, 55, 151645]",cfbb3d848bc42a34173dcdd89d308a1db7089bdd527b9a9715db09d0ddf0555e,587,575,12,107.333,104.987,5,72411608319,72191912682,219695637,72325743278,1363,97c5ff064f82088fd1fe3b7e3ea8b4c646aac60ead154d40e8e7741c362fd488,1363,12573,IDENTITY
h2-small-reuse64,qwen2.5-0.5b-instruct-fp16-v2,slice-versus-full-cache-v1,record-reuse,64,940193,confirmation,MEASUREMENT,attempt-e7072fefa98948e4b6ec6d72814577fc,baseline,0,1,r071,32073d2604158d4d79867d3e59c604cc04b768c12c2de3ef7ace418367fb2948,8,7,False,True,SUCCEEDED,False,CMCQX,CTGPU,"[1162, 49891, 151645]",d629324066cb6a79524094ab0ab4e6e7ffbddbaa8226b50f47741a211488b5ba,586,575,11,100.034,53.527,3,73168799119,73007363740,161435379,73124672292,1363,744e758869745269dcd73d61096833bbe346f3490014da1a2a0c926a1a738055,1363,12724,IDENTITY
h2-small-reuse64,qwen2.5-0.5b-instruct-fp16-v2,slice-versus-full-cache-v1,record-reuse,64,940193,confirmation,MEASUREMENT,attempt-e7072fefa98948e4b6ec6d72814577fc,baseline,0,1,r072,d7390d56000586c3cb3667baaf8333af3ecc3cb46e395fd50bf81c7ac8d0e8f2,9,0,True,True,SUCCEEDED,False,CCTTS,CTALO,"[1162, 969, 46, 151645]",9b1ad3de41411a6c541ee8bee038d81a34c8927ed033e4d588f08c452268a11f,589,70,519,3157.098,78.925,4,76420289761,73174588815,3245700946,76357823793,1363,ef5c8c53a0d89373adc333817835b894d3208b4f0cbed56550d013ba7266bcd2,1363,13345,IDENTITY
h2-small-reuse64,qwen2.5-0.5b-instruct-fp16-v2,slice-versus-full-cache-v1,record-reuse,64,940193,confirmation,MEASUREMENT,attempt-e7072fefa98948e4b6ec6d72814577fc,baseline,0,1,r073,d7390d56000586c3cb3667baaf8333af3ecc3cb46e395fd50bf81c7ac8d0e8f2,9,1,False,True,SUCCEEDED,False,CGEMH,CZWYEB,"[34, 81756, 56, 8264, 151645]",4650271ad05405d32d739426b284591cc90fd873a403afed20523bf541711e9f,589,577,12,107.148,105.6,5,77234252622,77014084266,220168356,77152549791,1363,fee7aad2787a75625193910856c2c06da32f69a6fe238643cf0151cd986a78aa,1363,12503,IDENTITY
h2-small-reuse64,qwen2.5-0.5b-instruct-fp16-v2,slice-versus-full-cache-v1,record-reuse,64,940193,confirmation,MEASUREMENT,attempt-e7072fefa98948e4b6ec6d72814577fc,baseline,0,1,r074,d7390d56000586c3cb3667baaf8333af3ecc3cb46e395fd50bf81c7ac8d0e8f2,9,2,False,True,SUCCEEDED,False,CPVJH,CVDYO,"[34, 12474, 56644, 151645]",e29a0812a1ffcf37ad89df9fce3541ee7bdcd86aa64d934a16257fc9e7881ae6,589,578,11,100.135,79.85,4,78195177637,78007865930,187311707,78124218204,1363,76644d638807397e46ea8aa9be14ca0671ff8b21864d94538622dbe6349134e7,1363,12864,IDENTITY
h2-small-reuse64,qwen2.5-0.5b-instruct-fp16-v2,slice-versus-full-cache-v1,record-reuse,64,940193,confirmation,MEASUREMENT,attempt-e7072fefa98948e4b6ec6d72814577fc,baseline,0,1,r075,d7390d56000586c3cb3667baaf8333af3ecc3cb46e395fd50bf81c7ac8d0e8f2,9,3,False,True,SUCCEEDED,False,CVOGL,CXGHP,"[65240, 38, 6610, 151645]",d9a5a48f788abe1d331c87cda955ce851dfdcbf8a75c3272223a0fada52af7f6,589,577,12,108.236,84.127,4,78400287250,78200584000,199703250,78328758178,1363,b606a5ffb164711bcf26ead5b4cf6b76462a9d8fa219b275290f9438959e6a6a,1363,12734,IDENTITY
h2-small-reuse64,qwen2.5-0.5b-instruct-fp16-v2,slice-versus-full-cache-v1,record-reuse,64,940193,confirmation,MEASUREMENT,attempt-e7072fefa98948e4b6ec6d72814577fc,baseline,0,1,r076,d7390d56000586c3cb3667baaf8333af3ecc3cb46e395fd50bf81c7ac8d0e8f2,9,4,False,True,SUCCEEDED,True,CPEPD,CPEPD,"[34, 1740, 23025, 151645]",f95a08e2c769d25a0184b90624b05e6b1d8149e80c83ab36acf6a965907031d8,589,577,12,149.049,83.533,4,79277768857,79029900632,247868225,79203882581,1363,5bd8e022a681c4e782eb802c7ad8122ac37363515fb1e6c9f2736f4b1e36508b,1363,12814,IDENTITY
h2-small-reuse64,qwen2.5-0.5b-instruct-fp16-v2,slice-versus-full-cache-v1,record-reuse,64,940193,confirmation,MEASUREMENT,attempt-e7072fefa98948e4b6ec6d72814577fc,baseline,0,1,r077,d7390d56000586c3cb3667baaf8333af3ecc3cb46e395fd50bf81c7ac8d0e8f2,9,5,False,True,SUCCEEDED,True,COJFF,COJFF,"[8281, 41, 1748, 151645]",04f5bf09895367fe7750c19797a6e586ea25855e3444ee2a7a84a18524999736,589,577,12,107.232,79.588,4,80200022240,80002650596,197371644,80132612909,1363,d0003ea4634a1d1796964ca939ac5d6044c0ec00d3dfcc4682359a734c4d606b,1363,12763,IDENTITY
h2-small-reuse64,qwen2.5-0.5b-instruct-fp16-v2,slice-versus-full-cache-v1,record-reuse,64,940193,confirmation,MEASUREMENT,attempt-e7072fefa98948e4b6ec6d72814577fc,baseline,0,1,r078,d7390d56000586c3cb3667baaf8333af3ecc3cb46e395fd50bf81c7ac8d0e8f2,9,6,False,True,SUCCEEDED,True,CERRF,CERRF,"[34, 2650, 37, 151645]",273aa62613182f2d072d947da30216cc913eec2041ded15e9414996720f8461d,589,577,12,108.989,79.116,4,80407423896,80208897484,198526412,80340586888,1363,08c0bed7d1ef4202abb75a6ce6d1827877bfccd8a87f24d645a9edc5cc7173a8,1363,12584,IDENTITY
h2-small-reuse64,qwen2.5-0.5b-instruct-fp16-v2,slice-versus-full-cache-v1,record-reuse,64,940193,confirmation,MEASUREMENT,attempt-e7072fefa98948e4b6ec6d72814577fc,baseline,0,1,r079,d7390d56000586c3cb3667baaf8333af3ecc3cb46e395fd50bf81c7ac8d0e8f2,9,7,False,True,SUCCEEDED,False,CHVGJ,CAGJHG,"[34, 1890, 41, 90111, 151645]",6accf0f369739ace734318e71d56f047911244e38ff33de256794e33ab81cc84,588,577,11,100.426,105.598,5,81199835961,80986564180,213271781,81113548475,1363,3c55fe61a091e193be1de0d18ac839843ebe5011d633e7a0ddc5e7bd164eec1f,1363,13184,IDENTITY
h2-small-reuse64,qwen2.5-0.5b-instruct-fp16-v2,slice-versus-full-cache-v1,record-reuse,64,940193,confirmation,MEASUREMENT,attempt-e7072fefa98948e4b6ec6d72814577fc,baseline,0,1,r080,bc708ad77692546142999282f7852c06f1f763a4af482caa555ec2bf3782b6bd,10,0,True,True,SUCCEEDED,True,CMMFV,CMMFV,"[34, 8035, 37, 53, 151645]",4a8b5167868b0cea529e86b7f0a550f48660985fde995ffcab211f5d479d3043,601,70,531,3252.825,107.028,5,84572095891,81205067640,3367028251,84484737223,1363,0b402c4497fdd7cfda29745b59679d53026a8285bef9aca56348ab9551539cba,1363,12293,IDENTITY
h2-small-reuse64,qwen2.5-0.5b-instruct-fp16-v2,slice-versus-full-cache-v1,record-reuse,64,940193,confirmation,MEASUREMENT,attempt-e7072fefa98948e4b6ec6d72814577fc,baseline,0,1,r081,bc708ad77692546142999282f7852c06f1f763a4af482caa555ec2bf3782b6bd,10,1,False,True,SUCCEEDED,True,CWNQT,CWNQT,"[34, 36919, 43678, 151645]",acdcc83cdd5ccc7ddbcb3c330855c680c91913db1291b9c3374d9297dfd4e050,600,589,11,100.602,79.662,4,85219181043,85026992788,192188255,85153732127,1363,f641edb2768b1c4aaeb6541564bf6d5257c982ed6df0a9b859c20d23220a85ea,1363,12573,IDENTITY
h2-small-reuse64,qwen2.5-0.5b-instruct-fp16-v2,slice-versus-full-cache-v1,record-reuse,64,940193,confirmation,MEASUREMENT,attempt-e7072fefa98948e4b6ec6d72814577fc,baseline,0,1,r082,bc708ad77692546142999282f7852c06f1f763a4af482caa555ec2bf3782b6bd,10,2,False,True,SUCCEEDED,True,CTSMV,CTSMV,"[1162, 9501, 53, 151645]",c467c9c3c893aa068e10fce999c1247add447b6deb46729759e460dcf51fa579,601,589,12,108.211,79.097,4,85419578724,85225088779,194489945,85359727908,1363,725f845587d4b37f1c423a18b6dd9e7244275bc17d88f68f1a4a0cebfc79de3f,1363,12733,IDENTITY
h2-small-reuse64,qwen2.5-0.5b-instruct-fp16-v2,slice-versus-full-cache-v1,record-reuse,64,940193,confirmation,MEASUREMENT,attempt-e7072fefa98948e4b6ec6d72814577fc,baseline,0,1,r083,bc708ad77692546142999282f7852c06f1f763a4af482caa555ec2bf3782b6bd,10,3,False,True,SUCCEEDED,False,CKVJA,CWMJR,"[34, 15210, 84692, 151645]",e489843cd88ec2159357cf214fb0e759aef34a31055bd7dd97b476d1ccd61eb1,601,589,12,107.277,79.544,4,86235752937,86040725121,195027816,86174676361,1363,0c2876828bdb445931e114059f656128f07e6c0d84b6fb335ad692e0d30a689e,1363,12523,IDENTITY
h2-small-reuse64,qwen2.5-0.5b-instruct-fp16-v2,slice-versus-full-cache-v1,record-reuse,64,940193,confirmation,MEASUREMENT,attempt-e7072fefa98948e4b6ec6d72814577fc,baseline,0,1,r084,bc708ad77692546142999282f7852c06f1f763a4af482caa555ec2bf3782b6bd,10,4,False,True,SUCCEEDED,True,CWVTE,CWVTE,"[66282, 53, 2446, 151645]",f538621b1e59502b4ad9df30dc0cd2e9fd154727e311fa8bd1591aef67f3f3e3,601,589,12,108.416,78.927,4,86442854754,86243937947,198916807,86378751100,1363,1ca6c495a4ef0eac832736a92cd61f4f6d8393155edd209c45be40be7eb34447,1363,12884,IDENTITY
h2-small-reuse64,qwen2.5-0.5b-instruct-fp16-v2,slice-versus-full-cache-v1,record-reuse,64,940193,confirmation,MEASUREMENT,attempt-e7072fefa98948e4b6ec6d72814577fc,baseline,0,1,r085,bc708ad77692546142999282f7852c06f1f763a4af482caa555ec2bf3782b6bd,10,5,False,True,SUCCEEDED,True,CKEER,CKEER,"[34, 3390, 640, 151645]",e252ffc91cc1fa31d7ac69c40ba4a35372ace122b86fbd3001b641a589a55b31,601,589,12,107.852,79.577,4,87249888700,87054276498,195612202,87186976201,1363,6ae63bfe9650d236396242ddcc6b863311f57bd29873dec235ea57397a999f4c,1363,12444,IDENTITY
h2-small-reuse64,qwen2.5-0.5b-instruct-fp16-v2,slice-versus-full-cache-v1,record-reuse,64,940193,confirmation,MEASUREMENT,attempt-e7072fefa98948e4b6ec6d72814577fc,baseline,0,1,r086,bc708ad77692546142999282f7852c06f1f763a4af482caa555ec2bf3782b6bd,10,6,False,True,SUCCEEDED,True,CLGPD,CLGPD,"[3140, 38, 23025, 151645]",00b3ca5da1aaec637bee28375305e902bd71793b1f0aac784c969ddb71ae6ddd,601,589,12,107.354,79.571,4,88195298454,88001169801,194128653,88134567882,1363,669a4786ded1ee8b4b9d4400813e54030e195e7833f9bdb202ac9efc70ce75dc,1363,12604,IDENTITY
h2-small-reuse64,qwen2.5-0.5b-instruct-fp16-v2,slice-versus-full-cache-v1,record-reuse,64,940193,confirmation,MEASUREMENT,attempt-e7072fefa98948e4b6ec6d72814577fc,baseline,0,1,r087,bc708ad77692546142999282f7852c06f1f763a4af482caa555ec2bf3782b6bd,10,7,False,True,SUCCEEDED,True,CWHXZ,CWHXZ,"[34, 19890, 55, 57, 151645]",f8cd11ba811ffd2006c9b3fde755b23e5ffa3c4661d97add3bd4905cef4e59a8,601,589,12,107.926,105.302,5,88420514005,88200026265,220487740,88334587380,1363,227e4b4987803e5595b80be200cf3a06bbbbaa9eee777ed03d7602c14f3d5403,1363,12463,IDENTITY
h2-small-reuse64,qwen2.5-0.5b-instruct-fp16-v2,slice-versus-full-cache-v1,record-reuse,64,940193,confirmation,MEASUREMENT,attempt-e7072fefa98948e4b6ec6d72814577fc,baseline,0,1,r088,83eb72a128089e4c4acd490ddb61b7fc1ff52e701220c3f863de5a1ed0d1ab52,11,0,True,True,SUCCEEDED,False,CTUJJ,CJOPX,"[34, 41, 3067, 55, 151645]",22d1ff5826c24f41a1767e21e919ebd245b85e9164c312b47b6d53d6e46b6b91,603,70,533,3265.007,104.998,5,92406160633,89028821127,3377339506,92325636433,1363,a14022efce4c06d2521b2635b31c4a99c581614ab4fa55883c2e786222e701ff,1363,12243,IDENTITY
h2-small-reuse64,qwen2.5-0.5b-instruct-fp16-v2,slice-versus-full-cache-v1,record-reuse,64,940193,confirmation,MEASUREMENT,attempt-e7072fefa98948e4b6ec6d72814577fc,baseline,0,1,r089,83eb72a128089e4c4acd490ddb61b7fc1ff52e701220c3f863de5a1ed0d1ab52,11,1,False,True,SUCCEEDED,True,CGOVV,CGOVV,"[8798, 38957, 53, 151645]",019f000b06ae5b89f91fbc90a599f60455392c857e78323a506bbf6cb3f9518c,603,592,11,100.771,82.277,4,93256603069,93066482319,190120750,93182697878,1363,6375a61c326484099ed256277e78eb7ca56a4e42e72b802428d3272ff6187a47,1363,12503,IDENTITY
h2-small-reuse64,qwen2.5-0.5b-instruct-fp16-v2,slice-versus-full-cache-v1,record-reuse,64,940193,confirmation,MEASUREMENT,attempt-e7072fefa98948e4b6ec6d72814577fc,baseline,0,1,r090,83eb72a128089e4c4acd490ddb61b7fc1ff52e701220c3f863de5a1ed0d1ab52,11,2,False,True,SUCCEEDED,False,COROT,CCVYC,"[3706, 53, 92844, 151645]",3564f938a928581ab5bd3b64dcb6d883d3b7a4d4b507cb9abfd6899fad7e0753,603,591,12,109.371,81.033,4,93462613447,93264570976,198042471,93400502478,1363,19b08274568d33ae927f6871d74ec61e626a50641240438ba63afe2e6ec90b64,1363,12423,IDENTITY
h2-small-reuse64,qwen2.5-0.5b-instruct-fp16-v2,slice-versus-full-cache-v1,record-reuse,64,940193,confirmation,MEASUREMENT,attempt-e7072fefa98948e4b6ec6d72814577fc,baseline,0,1,r091,83eb72a128089e4c4acd490ddb61b7fc1ff52e701220c3f863de5a1ed0d1ab52,11,3,False,True,SUCCEEDED,True,CCWLK,CCWLK,"[3706, 61139, 42, 151645]",d48ab53a6ef7705bb3fd8a3a728e7ee9330efc788c349fa8fff9002723e169f9,603,591,12,108.116,83.231,4,94247321567,94045380246,201941321,94179482065,1363,850d5a21f182316b6b1dddfdd00b14be095be2415c5d04cae374ec495457211c,1363,12764,IDENTITY
h2-small-reuse64,qwen2.5-0.5b-instruct-fp16-v2,slice-versus-full-cache-v1,record-reuse,64,940193,confirmation,MEASUREMENT,attempt-e7072fefa98948e4b6ec6d72814577fc,baseline,0,1,r092,83eb72a128089e4c4acd490ddb61b7fc1ff52e701220c3f863de5a1ed0d1ab52,11,4,False,True,SUCCEEDED,True,CGJWX,CGJWX,"[8798, 41, 65376, 151645]",4bfbc6417aefc83f64820807e4fb7b462f936f9d68a94e205a6d2b525224ebf5,603,591,12,109.506,81.434,4,94456630679,94254977754,201652925,94390470400,1363,b01a4fae3f8b8428ed1ebde2edf22cfa8533c39c0bcc0ab3f64551888e77d365,1363,12874,IDENTITY
h2-small-reuse64,qwen2.5-0.5b-instruct-fp16-v2,slice-versus-full-cache-v1,record-reuse,64,940193,confirmation,MEASUREMENT,attempt-e7072fefa98948e4b6ec6d72814577fc,baseline,0,1,r093,83eb72a128089e4c4acd490ddb61b7fc1ff52e701220c3f863de5a1ed0d1ab52,11,5,False,True,SUCCEEDED,False,CIDMD,CSDPJ,"[34, 5491, 94235, 151645]",abab37253f9aabe60ff61a9b64705af4aa5fb1f6081463bd1f092ec70bbaff8a,603,591,12,107.616,79.693,4,95259588645,95063843897,195744748,95196086800,1363,1603f5269379e25dc20a4859099a2fb0ebef0952eb16d3f776cb8d021d45687b,1363,12544,IDENTITY
h2-small-reuse64,qwen2.5-0.5b-instruct-fp16-v2,slice-versus-full-cache-v1,record-reuse,64,940193,confirmation,MEASUREMENT,attempt-e7072fefa98948e4b6ec6d72814577fc,baseline,0,1,r094,83eb72a128089e4c4acd490ddb61b7fc1ff52e701220c3f863de5a1ed0d1ab52,11,6,False,True,SUCCEEDED,False,CNKKM,CTVJJ,"[34, 15653, 63391, 151645]",6ef941bb1a8ddd9155ff7d216c3c198a9cfb5233c2ee8a5d4ef13ad9c7977005,604,591,13,115.675,79.347,4,95477290124,95274719342,202570782,95416739937,1363,ea8da14de5ff5cef61d4b45ba4f18d6d602bfb301fffef994ea4aa91c5bd9b6a,1363,12414,IDENTITY
h2-small-reuse64,qwen2.5-0.5b-instruct-fp16-v2,slice-versus-full-cache-v1,record-reuse,64,940193,confirmation,MEASUREMENT,attempt-e7072fefa98948e4b6ec6d72814577fc,baseline,0,1,r095,83eb72a128089e4c4acd490ddb61b7fc1ff52e701220c3f863de5a1ed0d1ab52,11,7,False,True,SUCCEEDED,False,CYZMT,CGHFP,"[8798, 39, 11698, 151645]",b7c2d07284ba88129a85170cc63f435ddcb32cb7d7db79ee9a8d69fad0213b77,604,591,13,115.376,80.733,4,96292474606,96088585252,203889354,96229132408,1363,2624325b01bd218e46bec7f7d338d8078682fddc453a6b6650b00428a86c02ec,1363,12483,IDENTITY
h2-small-reuse64,qwen2.5-0.5b-instruct-fp16-v2,slice-versus-full-cache-v1,record-reuse,64,940193,confirmation,MEASUREMENT,attempt-e7072fefa98948e4b6ec6d72814577fc,baseline,0,1,r096,97f0fe773db407e3ea703e9d896ff10b1d7a28865ea7310ee4aa0a15a73340ae,12,0,True,True,SUCCEEDED,False,CIFCA,CJYFC,"[34, 41, 56, 6754, 151645]",a405d18c1a2259858459f49fd0e49fa6c44ce28e332bf8143580b0622a58051e,599,70,529,3233.882,105.125,5,100428133120,97077593620,3350539500,100380613644,1363,97afd0f72225260b3537674ade099ed74ed167b4d27b41d7b8aad27de7677eb3,1363,12303,IDENTITY
h2-small-reuse64,qwen2.5-0.5b-instruct-fp16-v2,slice-versus-full-cache-v1,record-reuse,64,940193,confirmation,MEASUREMENT,attempt-e7072fefa98948e4b6ec6d72814577fc,baseline,0,1,r097,97f0fe773db407e3ea703e9d896ff10b1d7a28865ea7310ee4aa0a15a73340ae,12,1,False,True,SUCCEEDED,False,CUJAG,CJYFC,"[34, 41, 56, 6754, 151645]",1cd784fa03c0a331f9da08be574fc852917c95e5ddd64eb49c678607c976b39a,598,587,11,100.608,105.075,5,101310867625,101097645616,213222009,101214034057,1363,1ad7674fe1f6173b9448520920f2d4b14fad373b37b4291739ec644d5e45499c,1363,12573,IDENTITY
h2-small-reuse64,qwen2.5-0.5b-instruct-fp16-v2,slice-versus-full-cache-v1,record-reuse,64,940193,confirmation,MEASUREMENT,attempt-e7072fefa98948e4b6ec6d72814577fc,baseline,0,1,r098,97f0fe773db407e3ea703e9d896ff10b1d7a28865ea7310ee4aa0a15a73340ae,12,2,False,True,SUCCEEDED,False,COAND,CMBXT,"[34, 8412, 9036, 151645]",6938ce6c637bb8ca6792926f1e1170ae6d8dc8749ad07cfa29e78a5a76c40218,599,587,12,107.226,78.601,4,102291819200,102098736793,193082407,102216852305,1363,47b02fd0930b2858d4fef9dfad3cae8303f9d50f7700146f4e111fbc3e5d6a2b,1363,12252,IDENTITY
h2-small-reuse64,qwen2.5-0.5b-instruct-fp16-v2,slice-versus-full-cache-v1,record-reuse,64,940193,confirmation,MEASUREMENT,attempt-e7072fefa98948e4b6ec6d72814577fc,baseline,0,1,r099,97f0fe773db407e3ea703e9d896ff10b1d7a28865ea7310ee4aa0a15a73340ae,12,3,False,True,SUCCEEDED,False,CYQSP,CFWNI,"[34, 18222, 14912, 151645]",ce1910e8e86f413255733497962ed86b2cbbc9902ff6e22cc81d795df73a5f0e,599,587,12,107.768,79.009,4,102490911634,102296764356,194147278,102430769617,1363,328ffb613acef20097c904157d8aeb8b4210aba4f5fc4df6574e0a7b32bc9b66,1363,12493,IDENTITY
h2-small-reuse64,qwen2.5-0.5b-instruct-fp16-v2,slice-versus-full-cache-v1,record-reuse,64,940193,confirmation,MEASUREMENT,attempt-e7072fefa98948e4b6ec6d72814577fc,baseline,0,1,r100,97f0fe773db407e3ea703e9d896ff10b1d7a28865ea7310ee4aa0a15a73340ae,12,4,False,True,SUCCEEDED,False,CVNZR,CLOJB,"[34, 1593, 46107, 151645]",13b8ba33bb32e3d14e40f7b5f1f05551558d247b5e041275b6cac1a58485fade,599,587,12,107.421,78.56,4,103293093687,103099654827,193438860,103215689420,1363,ce0a35d2c89f963ac3b4b9f53fd23da0bde7e721ab9cf48a409366da3fcf9d6f,1363,12713,IDENTITY
h2-small-reuse64,qwen2.5-0.5b-instruct-fp16-v2,slice-versus-full-cache-v1,record-reuse,64,940193,confirmation,MEASUREMENT,attempt-e7072fefa98948e4b6ec6d72814577fc,baseline,0,1,r101,97f0fe773db407e3ea703e9d896ff10b1d7a28865ea7310ee4aa0a15a73340ae,12,5,False,True,SUCCEEDED,False,CZGWA,CGBIX,"[34, 5381, 5396, 151645]",619a394e5ad15d1aec35ee24487bb64a41ddd291d66294f1a96ce54ceb21e22a,599,587,12,107.862,78.913,4,103491703213,103297505932,194197281,103431677061,1363,ea7850ad60a2c38d596545df592e6978469d44c97f488934fcefe5874dc3b56d,1363,12363,IDENTITY
h2-small-reuse64,qwen2.5-0.5b-instruct-fp16-v2,slice-versus-full-cache-v1,record-reuse,64,940193,confirmation,MEASUREMENT,attempt-e7072fefa98948e4b6ec6d72814577fc,baseline,0,1,r102,97f0fe773db407e3ea703e9d896ff10b1d7a28865ea7310ee4aa0a15a73340ae,12,6,False,True,SUCCEEDED,False,CHMTI,CMIAT,"[34, 9773, 828, 151645]",a44ab121f6c1a80cefa09fedf6536980bcb596c7fca114b8c4afa4811d601418,599,587,12,107.249,78.663,4,104302462076,104109219039,193243037,104241034938,1363,890d2ff29da399697ea3db93ecc2b01d8fad5b7168ad3bbd4305dd25577a2fc4,1363,12283,IDENTITY
h2-small-reuse64,qwen2.5-0.5b-instruct-fp16-v2,slice-versus-full-cache-v1,record-reuse,64,940193,confirmation,MEASUREMENT,attempt-e7072fefa98948e4b6ec6d72814577fc,baseline,0,1,r103,97f0fe773db407e3ea703e9d896ff10b1d7a28865ea7310ee4aa0a15a73340ae,12,7,False,True,SUCCEEDED,True,CXBPG,CXBPG,"[65240, 33, 11383, 151645]",a354529406b45a81e81094b4a5230830c14f3be9cf71b43e82963ac097328bb8,599,588,11,100.877,79.215,4,104499405814,104311066376,188339438,104443736564,1363,912e2843bbac3c0c03153c044725823c9aaf7c7e950fb554b3e17f7d6d7485cf,1363,12433,IDENTITY
h2-small-reuse64,qwen2.5-0.5b-instruct-fp16-v2,slice-versus-full-cache-v1,record-reuse,64,940193,confirmation,MEASUREMENT,attempt-e7072fefa98948e4b6ec6d72814577fc,baseline,0,1,r104,c7b70dab4d36cb30d5e673373ef2a93b4091bdd561e6620bdb9fd867021d1082,13,0,True,True,SUCCEEDED,False,CLTAT,COJAA,"[8281, 41, 6029, 151645]",358891904e1e9e125a6580160d6ea6fa50bf1446fd1f914edd2192ffd813d6b7,600,71,529,3233.675,78.845,4,108437705517,105114224645,3323480872,108378116318,1363,719cd69131bbda062fb97d197cca7b544d376ab3e194e73079dc2b89e8ef9844,1363,12753,IDENTITY
h2-small-reuse64,qwen2.5-0.5b-instruct-fp16-v2,slice-versus-full-cache-v1,record-reuse,64,940193,confirmation,MEASUREMENT,attempt-e7072fefa98948e4b6ec6d72814577fc,baseline,0,1,r105,c7b70dab4d36cb30d5e673373ef2a93b4091bdd561e6620bdb9fd867021d1082,13,1,False,True,SUCCEEDED,False,CZXTX,CNYUI,"[34, 23054, 2275, 151645]",e03207ea9441d6dfff402d9527d7c21dba8fc9996d067dc18bf9161e7d0613cd,600,588,12,107.36,78.807,4,109319961613,109125623521,194338092,109258021402,1363,eaf1435845fd4430306332cb54d99e31a84224ecd85b1fc80941d304d738d136,1363,12473,IDENTITY
h2-small-reuse64,qwen2.5-0.5b-instruct-fp16-v2,slice-versus-full-cache-v1,record-reuse,64,940193,confirmation,MEASUREMENT,attempt-e7072fefa98948e4b6ec6d72814577fc,baseline,0,1,r106,c7b70dab4d36cb30d5e673373ef2a93b4091bdd561e6620bdb9fd867021d1082,13,2,False,True,SUCCEEDED,False,CIACD,CUXUQ,"[34, 13401, 52, 48, 151645]",d27f230d2cdcb7415861b576b9b555726d8edc76dbc3111d4a5dc0e5973d843f,600,588,12,107.753,105.172,5,109549168827,109328888984,220279843,109462847868,1363,86c1b0cb27d78f7eb46f43f6eb0bdf46db6c0ab427ec694e9fbc1bc659cae99c,1363,12523,IDENTITY
h2-small-reuse64,qwen2.5-0.5b-instruct-fp16-v2,slice-versus-full-cache-v1,record-reuse,64,940193,confirmation,MEASUREMENT,attempt-e7072fefa98948e4b6ec6d72814577fc,baseline,0,1,r107,c7b70dab4d36cb30d5e673373ef2a93b4091bdd561e6620bdb9fd867021d1082,13,3,False,True,SUCCEEDED,False,CGYVG,CAXJN,"[34, 2954, 41, 45, 151645]",23ed2b61bb4a646d09f1128cb6609e05311f92f615ecca1c20cc798a72a87356,600,588,12,107.245,104.818,5,110362178135,110142677450,219500685,110275095820,1363,a0ecc56557181c5ac2c5416d6c07b6b4b7429ec68e1d20d9705835c79df15c8f,1363,12453,IDENTITY
h2-small-reuse64,qwen2.5-0.5b-instruct-fp16-v2,slice-versus-full-cache-v1,record-reuse,64,940193,confirmation,MEASUREMENT,attempt-e7072fefa98948e4b6ec6d72814577fc,baseline,0,1,r108,c7b70dab4d36cb30d5e673373ef2a93b4091bdd561e6620bdb9fd867021d1082,13,4,False,True,SUCCEEDED,True,CAXJN,CAXJN,"[34, 2954, 41, 45, 151645]",8bf365607537879c0e733724aca4e2dd8b7ad1c07d1e183b007de21db12d9938,599,588,11,100.535,104.79,5,111346685031,111133663956,213021075,111249148577,1363,d8753ebe38e763f3e874040d5adf3640dc0fb5e9284fb7158b3a90f0884a5a9b,1363,12583,IDENTITY
h2-small-reuse64,qwen2.5-0.5b-instruct-fp16-v2,slice-versus-full-cache-v1,record-reuse,64,940193,confirmation,MEASUREMENT,attempt-e7072fefa98948e4b6ec6d72814577fc,baseline,0,1,r109,c7b70dab4d36cb30d5e673373ef2a93b4091bdd561e6620bdb9fd867021d1082,13,5,False,True,SUCCEEDED,False,CISFV,CJLMW CXZZU,"[34, 41, 10994, 54, 48483, 33536, 52, 151645]",7263388b8dc95d8a22fcdf3cb6519b881796a397ce6e3e2c33e6519750543159,600,588,12,107.02,183.097,8,112417516824,112119906631,297610193,112252042054,1363,04a03df6b59c2eb3f32cf837f96277f3ee16ad8c7f18d414e437bd4d50c39044,1363,17192,IDENTITY
h2-small-reuse64,qwen2.5-0.5b-instruct-fp16-v2,slice-versus-full-cache-v1,record-reuse,64,940193,confirmation,MEASUREMENT,attempt-e7072fefa98948e4b6ec6d72814577fc,baseline,0,1,r110,c7b70dab4d36cb30d5e673373ef2a93b4091bdd561e6620bdb9fd867021d1082,13,6,False,True,SUCCEEDED,False,CZWEE,CQXLT,"[34, 48, 55, 27404, 151645]",e4d5b762cd4c4ddb2a8b03013f8e6875f12418a230827e746b6578606616c2f2,599,588,11,100.66,104.715,5,113348637897,113136016626,212621271,113251897984,1363,418a227165719118af50333104e99394233cfc9958382939b45f9a2f508da5c8,1363,12624,IDENTITY
h2-small-reuse64,qwen2.5-0.5b-instruct-fp16-v2,slice-versus-full-cache-v1,record-reuse,64,940193,confirmation,MEASUREMENT,attempt-e7072fefa98948e4b6ec6d72814577fc,baseline,0,1,r111,c7b70dab4d36cb30d5e673373ef2a93b4091bdd561e6620bdb9fd867021d1082,13,7,False,True,SUCCEEDED,True,CXWAF,CXWAF,"[65240, 54, 8276, 151645]",9bd2cdd3b0e76ae289604f88a8846dd487e2574ddf7bf4aca1d1facb792b45fc,600,588,12,107.293,78.815,4,114325331054,114131845396,193485658,114248169738,1363,3f113e57bce0c0d71f7a824b2966fed7d083d25715303855151cbb75c2ba3a95,1363,12413,IDENTITY
h2-small-reuse64,qwen2.5-0.5b-instruct-fp16-v2,slice-versus-full-cache-v1,record-reuse,64,940193,confirmation,MEASUREMENT,attempt-e7072fefa98948e4b6ec6d72814577fc,baseline,0,1,r112,09eaa24cc71ab399e2535f01d02bb32674a448760f00557330f0feeb3e791797,14,0,True,True,SUCCEEDED,False,CMJMP,CJJWX,"[34, 41, 41, 65376, 151645]",13f8727ac8292581124e5cb24f6caa2faab393512db940e4729e1f9644b7200f,602,70,532,3259.124,105.085,5,117702027875,114329785347,3372242528,117611999271,1363,c954062657d1f3ae18f528d9708fa3f83e0b6198fca603542f8c158e95a73e5c,1363,12473,IDENTITY
h2-small-reuse64,qwen2.5-0.5b-instruct-fp16-v2,slice-versus-full-cache-v1,record-reuse,64,940193,confirmation,MEASUREMENT,attempt-e7072fefa98948e4b6ec6d72814577fc,baseline,0,1,r113,09eaa24cc71ab399e2535f01d02bb32674a448760f00557330f0feeb3e791797,14,1,False,True,SUCCEEDED,True,CUNEZ,CUNEZ,"[34, 49389, 57, 151645]",60e072684231b6695fa746aaa5882f78f14931a7e9b3840e73158d6e2fe1ed6b,602,590,12,107.491,78.653,4,118345018402,118151502609,193515793,118266130376,1363,2159ddb2a188fdd317aca25dd52fea61f859359e7259c89857e5bbbcc2994fad,1363,12363,IDENTITY
h2-small-reuse64,qwen2.5-0.5b-instruct-fp16-v2,slice-versus-full-cache-v1,record-reuse,64,940193,confirmation,MEASUREMENT,attempt-e7072fefa98948e4b6ec6d72814577fc,baseline,0,1,r114,09eaa24cc71ab399e2535f01d02bb32674a448760f00557330f0feeb3e791797,14,2,False,True,SUCCEEDED,False,CZJAH,CIBFF,"[34, 3256, 1748, 151645]",56a68e67cb2a5799356e7aaef2eff5a6efe3ae74e923eeabdbae3f3954a570eb,602,590,12,107.88,78.859,4,118547525746,118353502399,194023347,118476270583,1363,646bdd7f05180ab679727378dee295f9a7003a79ed812cd5482bb9e611dafea2,1363,12483,IDENTITY
h2-small-reuse64,qwen2.5-0.5b-instruct-fp16-v2,slice-versus-full-cache-v1,record-reuse,64,940193,confirmation,MEASUREMENT,attempt-e7072fefa98948e4b6ec6d72814577fc,baseline,0,1,r115,09eaa24cc71ab399e2535f01d02bb32674a448760f00557330f0feeb3e791797,14,3,False,True,SUCCEEDED,False,CZNXW,CUBNF,"[34, 4493, 38067, 151645]",d1159db511200cfa87eb3ed3d51af7eebfd11be70e4faaff8e69b1c4e7fa38ee,602,590,12,107.405,78.587,4,119349932738,119156146381,193786357,119288126736,1363,a622b77a5f063b135b3f5e4ddd496c106ffdca5353e4686f0227a2a42659807b,1363,12384,IDENTITY
h2-small-reuse64,qwen2.5-0.5b-instruct-fp16-v2,slice-versus-full-cache-v1,record-reuse,64,940193,confirmation,MEASUREMENT,attempt-e7072fefa98948e4b6ec6d72814577fc,baseline,0,1,r116,09eaa24cc71ab399e2535f01d02bb32674a448760f00557330f0feeb3e791797,14,4,False,True,SUCCEEDED,False,CUTZU,CQSYK,"[34, 48, 18416, 42, 151645]",1b552b3d23049ff6b7cc8d26aba2e7ebc25bffeda9706fc83d0dd7ef0d465b28,602,590,12,107.79,105.364,5,119574431717,119353994221,220437496,119486665300,1363,c71073666f309496d53c6be66a42566b81f390fb6733d86679c7f1d8d0cd39b6,1363,12693,IDENTITY
h2-small-reuse64,qwen2.5-0.5b-instruct-fp16-v2,slice-versus-full-cache-v1,record-reuse,64,940193,confirmation,MEASUREMENT,attempt-e7072fefa98948e4b6ec6d72814577fc,baseline,0,1,r117,09eaa24cc71ab399e2535f01d02bb32674a448760f00557330f0feeb3e791797,14,5,False,True,SUCCEEDED,True,CSQIS,CSQIS,"[6412, 48, 1637, 151645]",b8c37a63ed0a0b6656dc2b377baffe418f4016cae7a063222391230abd887d22,602,590,12,107.399,78.82,4,120353504678,120159629275,193875403,120292017749,1363,ebb03ee73e90b873e042051486a74adf55431e42fe1d934fdc2bbfd378050f2f,1363,12503,IDENTITY
h2-small-reuse64,qwen2.5-0.5b-instruct-fp16-v2,slice-versus-full-cache-v1,record-reuse,64,940193,confirmation,MEASUREMENT,attempt-e7072fefa98948e4b6ec6d72814577fc,baseline,0,1,r118,09eaa24cc71ab399e2535f01d02bb32674a448760f00557330f0feeb3e791797,14,6,False,True,SUCCEEDED,False,CTLXV,CTGUP,"[1162, 38, 3124, 151645]",f8cff63d94d6c926f1cef3661076be7e217959e157eb619bb6ffb5bdf19495b6,602,590,12,107.866,78.853,4,120554740858,120357825593,196915265,120475336511,1363,6962d7b6ebea5a7472b60bd731d346d81d9feb206217093ee188e2895677c1e4,1363,12784,IDENTITY
h2-small-reuse64,qwen2.5-0.5b-instruct-fp16-v2,slice-versus-full-cache-v1,record-reuse,64,940193,confirmation,MEASUREMENT,attempt-e7072fefa98948e4b6ec6d72814577fc,baseline,0,1,r119,09eaa24cc71ab399e2535f01d02bb32674a448760f00557330f0feeb3e791797,14,7,False,True,SUCCEEDED,True,CIBEG,CIBEG,"[34, 3256, 9376, 151645]",edb08278f5258c767229483d061f57e64541abac959a3c217f28289230668f93,602,590,12,107.285,78.932,4,121359660151,121165548650,194111501,121298235919,1363,f8833f5ea2be9827d634e7cea75b166a3bbe7dbc145f6eb52abf4364e8a4b9aa,1363,12754,IDENTITY
h2-small-reuse64,qwen2.5-0.5b-instruct-fp16-v2,slice-versus-full-cache-v1,record-reuse,64,940193,confirmation,MEASUREMENT,attempt-e7072fefa98948e4b6ec6d72814577fc,baseline,0,1,r120,8f66e2c926b626d3de1bc31e5816ffed29e15bb75a4715096d4da2d970e0bbc4,15,0,True,True,SUCCEEDED,True,CPBEG,CPBEG,"[7123, 33, 9376, 151645]",48f8847aea77cfbbece24ed265a04706206254f97cefbf1a89a7b6feeaddb6f4,589,71,518,3153.009,78.933,4,124602660986,121363476448,3239184538,124545559843,1363,5e737e0ae0422abe25c2238ccd5f3a4f962304ef8c6d1fa5b2ff6c95cebcf83c,1363,12663,IDENTITY
h2-small-reuse64,qwen2.5-0.5b-instruct-fp16-v2,slice-versus-full-cache-v1,record-reuse,64,940193,confirmation,MEASUREMENT,attempt-e7072fefa98948e4b6ec6d72814577fc,baseline,0,1,r121,8f66e2c926b626d3de1bc31e5816ffed29e15bb75a4715096d4da2d970e0bbc4,15,1,False,True,SUCCEEDED,False,CSTXF,CNGSS,"[34, 6140, 1220, 151645]",01b1a5963d302bb4d9cdae3c98fd18cf00f6edcb64712d528864e077d7c8fee4,588,577,11,100.492,78.635,4,125358488200,125172143892,186344308,125287937156,1363,fe2e2b578fca972b9211bb83bd10303f453451121439e532407147c42a64e6d2,1363,12884,IDENTITY
h2-small-reuse64,qwen2.5-0.5b-instruct-fp16-v2,slice-versus-full-cache-v1,record-reuse,64,940193,confirmation,MEASUREMENT,attempt-e7072fefa98948e4b6ec6d72814577fc,baseline,0,1,r122,8f66e2c926b626d3de1bc31e5816ffed29e15bb75a4715096d4da2d970e0bbc4,15,2,False,True,SUCCEEDED,False,COSTR,CPTSJ,"[34, 2828, 97489, 151645]",64ad172bf3570943da21adfeefc252fc076b8c99810976e9671f2171cf2eb97b,589,577,12,107.837,78.821,4,125561740238,125365091338,196648900,125491409815,1363,af176977dc39300c4b10f1a173a8d207d5cc5556a74915e2cda7ddf0902145e8,1363,12193,IDENTITY
h2-small-reuse64,qwen2.5-0.5b-instruct-fp16-v2,slice-versus-full-cache-v1,record-reuse,64,940193,confirmation,MEASUREMENT,attempt-e7072fefa98948e4b6ec6d72814577fc,baseline,0,1,r123,8f66e2c926b626d3de1bc31e5816ffed29e15bb75a4715096d4da2d970e0bbc4,15,3,False,True,SUCCEEDED,True,CGRDB,CGRDB,"[8798, 49, 3506, 151645]",b9e78f586cada3054cffef7c0a5889d255d59508c49c3bc89b8d719031d28b2f,590,577,13,114.811,78.779,4,126373584710,126171993569,201591141,126312069759,1363,e741094d23eed80a18710c022c19fb92c612a85e0802f400a6115924b2059b2a,1363,12683,IDENTITY
h2-small-reuse64,qwen2.5-0.5b-instruct-fp16-v2,slice-versus-full-cache-v1,record-reuse,64,940193,confirmation,MEASUREMENT,attempt-e7072fefa98948e4b6ec6d72814577fc,baseline,0,1,r124,8f66e2c926b626d3de1bc31e5816ffed29e15bb75a4715096d4da2d970e0bbc4,15,4,False,True,SUCCEEDED,False,CCGKT,CCTWNU,"[34, 1162, 54, 3926, 151645]",fac5fac16a975fb3ed22dc9ee4d2351896fa4556c9c7bbea8839e4e3b46cf65f,590,577,13,114.631,104.792,5,127379861810,127153012821,226848989,127292098408,1363,6ae1435dde3e244df6d005dd718ddddccb53e632614d0fe66c578d68cb3a07c0,1363,12353,IDENTITY
h2-small-reuse64,qwen2.5-0.5b-instruct-fp16-v2,slice-versus-full-cache-v1,record-reuse,64,940193,confirmation,MEASUREMENT,attempt-e7072fefa98948e4b6ec6d72814577fc,baseline,0,1,r125,8f66e2c926b626d3de1bc31e5816ffed29e15bb75a4715096d4da2d970e0bbc4,15,5,False,True,SUCCEEDED,False,CLJJB,CCYFR,"[3706, 56, 10504, 151645]",f679b02e173f54fdf2a36e9389e8a664f17831fb50f5ae18282bb4844c4b4b51,589,577,12,107.142,78.847,4,128368587772,128173338785,195248987,128289855495,1363,bd2710a68e9c46dea470123f7a922b467e0d4aee871da4bbf136c161a4b05937,1363,12574,IDENTITY
h2-small-reuse64,qwen2.5-0.5b-instruct-fp16-v2,slice-versus-full-cache-v1,record-reuse,64,940193,confirmation,MEASUREMENT,attempt-e7072fefa98948e4b6ec6d72814577fc,baseline,0,1,r126,8f66e2c926b626d3de1bc31e5816ffed29e15bb75a4715096d4da2d970e0bbc4,15,6,False,True,SUCCEEDED,True,CGHDP,CGHDP,"[8798, 39, 10298, 151645]",2a730efe6a50e7833dd37b35856e07c5a0fb313c0c91beda4d23a930b4b24e60,589,577,12,107.425,78.933,4,128570092421,128376362950,193729471,128498279661,1363,20917bc5fbd9eb1b384e751186f045908bc1ba932a0910081ecf3bc2b9cc6ba3,1363,12944,IDENTITY
h2-small-reuse64,qwen2.5-0.5b-instruct-fp16-v2,slice-versus-full-cache-v1,record-reuse,64,940193,confirmation,MEASUREMENT,attempt-e7072fefa98948e4b6ec6d72814577fc,baseline,0,1,r127,8f66e2c926b626d3de1bc31e5816ffed29e15bb75a4715096d4da2d970e0bbc4,15,7,False,True,SUCCEEDED,False,CMXNQ,CSESFC,"[34, 27995, 6754, 151645]",a13487c96528bcf5671d79f29b51139387ad761eb82cce9c6ec89c4ea3bb7c11,588,577,11,100.115,78.728,4,129362442802,129176246530,186196272,129292631304,1363,b34741bcc7bce1711dfafc2279251671aed5208c0421ea74acf0f04656c57c5e,1363,12824,IDENTITY
h2-small-reuse64,qwen2.5-0.5b-instruct-fp16-v2,slice-versus-full-cache-v1,record-reuse,64,940193,confirmation,MEASUREMENT,attempt-f5f5447674694fe1ba6b42939561dbcc,candidate,0,1,r000,363708ff503f422442a84205041663204f6ca24df6094fb6ccdee1fa90089452,0,0,True,True,SUCCEEDED,False,CPMYY,CRPAD,"[8973, 43818, 151645]",009ac44448cf24f62e168c10a8939434fa2cab1508709b0c1ec92e74350ed243,90,0,90,546.357,50.147,3,1372067628,762876612,609191016,1340063244,1363,46a20e2cd2517678bc1d052bd354fe98784992d12b72847556c662d87bec0e58,229,115865,CERTIFIED_SLICE
h2-small-reuse64,qwen2.5-0.5b-instruct-fp16-v2,slice-versus-full-cache-v1,record-reuse,64,940193,confirmation,MEASUREMENT,attempt-f5f5447674694fe1ba6b42939561dbcc,candidate,0,1,r001,363708ff503f422442a84205041663204f6ca24df6094fb6ccdee1fa90089452,0,1,False,True,SUCCEEDED,True,CGSHN,CGSHN,"[8798, 8590, 45, 151645]",1180c894d0f9b9bfc25b153e8adb64bf8f1d397d2090fd4b5ef99445ce96b133,92,70,22,154.845,75.84,4,2050435081,1808854548,241580533,1990621855,1363,62643a2c77e231809bcc40d0db86864ec9082632da19c948a0fb88828715bfdd,229,63909,CERTIFIED_SLICE
h2-small-reuse64,qwen2.5-0.5b-instruct-fp16-v2,slice-versus-full-cache-v1,record-reuse,64,940193,confirmation,MEASUREMENT,attempt-f5f5447674694fe1ba6b42939561dbcc,candidate,0,1,r002,363708ff503f422442a84205041663204f6ca24df6094fb6ccdee1fa90089452,0,2,False,True,SUCCEEDED,True,CVLSS,CVLSS,"[19589, 43, 1220, 151645]",be0233b17e454353a9ff2b65ed28f8775826c21e0e6f70fb567e7cb2c3787196,94,70,24,164.937,73.259,4,3030859728,2781753060,249106668,2972714765,1363,1b2882d6187baa69a684bd4d30cf9f58adb18fca991d328bae64a096c46bf43e,229,57316,CERTIFIED_SLICE
h2-small-reuse64,qwen2.5-0.5b-instruct-fp16-v2,slice-versus-full-cache-v1,record-reuse,64,940193,confirmation,MEASUREMENT,attempt-f5f5447674694fe1ba6b42939561dbcc,candidate,0,1,r003,363708ff503f422442a84205041663204f6ca24df6094fb6ccdee1fa90089452,0,3,False,True,SUCCEEDED,True,CRPUP,CRPUP,"[8973, 47, 3124, 151645]",be42e2a24ebb2670c0845558f0153052e9dc1048d2315af0871498ec61c354b8,92,70,22,153.578,73.264,4,4039675190,3801553292,238121898,3977973031,1363,6e36a84afbb9bbb641510a9998f1ac8e201471cd67d64a6bea3c9bddf4e14888,229,56945,CERTIFIED_SLICE
h2-small-reuse64,qwen2.5-0.5b-instruct-fp16-v2,slice-versus-full-cache-v1,record-reuse,64,940193,confirmation,MEASUREMENT,attempt-f5f5447674694fe1ba6b42939561dbcc,candidate,0,1,r004,363708ff503f422442a84205041663204f6ca24df6094fb6ccdee1fa90089452,0,4,False,True,SUCCEEDED,True,CUTKR,CUTKR,"[34, 1381, 61884, 151645]",1d425073c36ad402c3ffa2f8d71f7af912896c9f91f1e65351fa7a63b51419d9,91,70,21,148.359,73.385,4,5046215801,4813819743,232396058,4989774437,1363,2a57186a05c12b48c927c327514383de819d29fb8189f7947535ccd07d070ac1,229,67426,CERTIFIED_SLICE
h2-small-reuse64,qwen2.5-0.5b-instruct-fp16-v2,slice-versus-full-cache-v1,record-reuse,64,940193,confirmation,MEASUREMENT,attempt-f5f5447674694fe1ba6b42939561dbcc,candidate,0,1,r005,363708ff503f422442a84205041663204f6ca24df6094fb6ccdee1fa90089452,0,5,False,True,SUCCEEDED,True,CFUPJ,CFUPJ,"[9650, 3124, 41, 151645]",9535cfe7d5a27b80f7ec01874091b5ec6bdeff58dcd6cd5ae2e01b9b33bb2001,92,70,22,153.587,73.173,4,6048867659,5811077349,237790310,5988734269,1363,21deaf70bfe9c4408ee616031a12cbf9fcdc2e70d48b97908ec15cd96b297208,229,63027,CERTIFIED_SLICE
h2-small-reuse64,qwen2.5-0.5b-instruct-fp16-v2,slice-versus-full-cache-v1,record-reuse,64,940193,confirmation,MEASUREMENT,attempt-f5f5447674694fe1ba6b42939561dbcc,candidate,0,1,r006,363708ff503f422442a84205041663204f6ca24df6094fb6ccdee1fa90089452,0,6,False,True,SUCCEEDED,False,CXTBZ,CFNMC,"[9650, 45, 11604, 151645]",dae92ddf058c75ae2f430632387afbc2de8dcaaf0d56ce9691fe002d5a07bbc8,93,70,23,163.319,80.6,4,7068363987,6815632287,252731700,7004273236,1363,afad4484c7f2be102c690d91cc6cf0c3f622bd7b73aa26a3d9abd5d500f7b859,229,60733,CERTIFIED_SLICE
h2-small-reuse64,qwen2.5-0.5b-instruct-fp16-v2,slice-versus-full-cache-v1,record-reuse,64,940193,confirmation,MEASUREMENT,attempt-f5f5447674694fe1ba6b42939561dbcc,candidate,0,1,r007,363708ff503f422442a84205041663204f6ca24df6094fb6ccdee1fa90089452,0,7,False,True,SUCCEEDED,False,CZGRP,VALUE CRIRG,"[23832, 12617, 2801, 38, 151645]",cb0311888ffd776606befded66cd7e05667a92704a270fdc210baf64c556a042,91,70,21,150.062,100.745,5,8099870672,7841885351,257985321,8017859290,1363,b8be704bc547f624db9812f2b568d99e94cc4916ccfb8c5e7eb711c8f42838cd,229,58529,CERTIFIED_SLICE
h2-small-reuse64,qwen2.5-0.5b-instruct-fp16-v2,slice-versus-full-cache-v1,record-reuse,64,940193,confirmation,MEASUREMENT,attempt-f5f5447674694fe1ba6b42939561dbcc,candidate,0,1,r008,bbf57066674006b1972ce3add31d36a2e3d882ffc9ff1ba72f67913cea899c51,1,0,True,True,SUCCEEDED,False,CWFKL,CLRXT,"[74058, 9036, 151645]",d25dc892b8cc87e4aaf295b17833bda67978bbed7b152e389aa33941aa73048a,90,70,20,143.966,49.055,3,9034614149,8830023896,204590253,9001658005,1363,ac4cc2b9be334d20d7abb481a8178eac3c99c7557e38e337568e47f2a77f4311,229,56535,CERTIFIED_SLICE
h2-small-reuse64,qwen2.5-0.5b-instruct-fp16-v2,slice-versus-full-cache-v1,record-reuse,64,940193,confirmation,MEASUREMENT,attempt-f5f5447674694fe1ba6b42939561dbcc,candidate,0,1,r009,bbf57066674006b1972ce3add31d36a2e3d882ffc9ff1ba72f67913cea899c51,1,1,False,True,SUCCEEDED,False,CYRPH,CIGQD,"[34, 1914, 48, 35, 151645]",dac70754a689a9fd57c4ff63fcf643d20530cff40e77663ad8f6accd9dd5d3a8,94,70,24,164.71,97.97,5,10094115080,9824199991,269915089,10014940345,1363,2f5979949a4917fc8241b554544f219cf063867eba12c4046d788679fce0bf99,229,58329,CERTIFIED_SLICE
h2-small-reuse64,qwen2.5-0.5b-instruct-fp16-v2,slice-versus-full-cache-v1,record-reuse,64,940193,confirmation,MEASUREMENT,attempt-f5f5447674694fe1ba6b42939561dbcc,candidate,0,1,r010,bbf57066674006b1972ce3add31d36a2e3d882ffc9ff1ba72f67913cea899c51,1,2,False,True,SUCCEEDED,False,CZYFF,CYJVZ,"[34525, 77891, 57, 151645]",88830bfb6e97a44bf0cb838812fba4574dbd198a7d4816d16ac41e9e2a946a37,92,70,22,153.725,73.457,4,11061094762,10825553455,235541307,11006826841,1363,57dd3227af8a9c5edd6d2996ddc8504ae6b10521ee898fe4baedea32a952c3b1,229,58148,CERTIFIED_SLICE
h2-small-reuse64,qwen2.5-0.5b-instruct-fp16-v2,slice-versus-full-cache-v1,record-reuse,64,940193,confirmation,MEASUREMENT,attempt-f5f5447674694fe1ba6b42939561dbcc,candidate,0,1,r011,bbf57066674006b1972ce3add31d36a2e3d882ffc9ff1ba72f67913cea899c51,1,3,False,True,SUCCEEDED,False,CTKDB,CSPRE,"[34, 4592, 787, 151645]",56dc75294eb2ae7f343c38429e62455b879487f7da058fca7f3f5fff3291b26a,90,70,20,143.789,73.196,4,12047144222,11821755908,225388314,11992046538,1363,9db9f9473da8a4185efab85dcb1e5b575daa59c573f59082b8d45c973d9009ac,229,54241,CERTIFIED_SLICE
h2-small-reuse64,qwen2.5-0.5b-instruct-fp16-v2,slice-versus-full-cache-v1,record-reuse,64,940193,confirmation,MEASUREMENT,attempt-f5f5447674694fe1ba6b42939561dbcc,candidate,0,1,r012,bbf57066674006b1972ce3add31d36a2e3d882ffc9ff1ba72f67913cea899c51,1,4,False,True,SUCCEEDED,True,CSRKR,CSRKR,"[70022, 61884, 151645]",3eac842332c46b49aa38a7db1f1c3c19909e5e49159e0cb6be804baa1559a15a,91,70,21,148.243,48.85,3,13025494894,12816954805,208540089,12991933574,1363,51aef925bf2e21cde531d2e9ed3d7d5b074e01a8586c558edec29a1f2e27ad26,229,53670,CERTIFIED_SLICE
h2-small-reuse64,qwen2.5-0.5b-instruct-fp16-v2,slice-versus-full-cache-v1,record-reuse,64,940193,confirmation,MEASUREMENT,attempt-f5f5447674694fe1ba6b42939561dbcc,candidate,0,1,r013,bbf57066674006b1972ce3add31d36a2e3d882ffc9ff1ba72f67913cea899c51,1,5,False,True,SUCCEEDED,True,CACZZ,CACZZ,"[34, 1706, 33536, 151645]",492a47f7709d7a9a7ee50c6f497c6ec917483f2dd124ae53de38f52f72a8483e,92,70,22,154.263,75.012,4,13277275885,13039581022,237694863,13220800368,1363,56a5526b35a6f75009b5c73bf2c0adc0582d2c85cbc3b8fd0c1424db6ecb601c,229,53740,CERTIFIED_SLICE
h2-small-reuse64,qwen2.5-0.5b-instruct-fp16-v2,slice-versus-full-cache-v1,record-reuse,64,940193,confirmation,MEASUREMENT,attempt-f5f5447674694fe1ba6b42939561dbcc,candidate,0,1,r014,bbf57066674006b1972ce3add31d36a2e3d882ffc9ff1ba72f67913cea899c51,1,6,False,True,SUCCEEDED,False,CZBSR,VALUE CWIRT CZBSR,"[23832, 40035, 30521, 69775, 7347, 49, 151645]",04b1120c71fad5c6348530f7e6efc914f61c1bc8735e55878eb0d54fb434503f,90,70,20,143.754,146.68,7,14132533749,13835958746,296575003,14005886721,1363,48e352842dbe7f865932293e363c270ffed75c35c9b19ede09c7301ce8e9a319,229,53850,CERTIFIED_SLICE
h2-small-reuse64,qwen2.5-0.5b-instruct-fp16-v2,slice-versus-full-cache-v1,record-reuse,64,940193,confirmation,MEASUREMENT,attempt-f5f5447674694fe1ba6b42939561dbcc,candidate,0,1,r015,bbf57066674006b1972ce3add31d36a2e3d882ffc9ff1ba72f67913cea899c51,1,7,False,True,SUCCEEDED,True,COTWX,COTWX,"[34, 1793, 65376, 151645]",8c61f161c22eded8e79e35954068aee413b01a53f36508ce85c5882e92a96587,92,70,22,153.677,73.405,4,15071884957,14837647454,234237503,15008560531,1363,14fc110e6cd44c7d2dd68eaa1189f218d157972b60a64e8d8ab7275b0c2e014c,229,53239,CERTIFIED_SLICE
h2-small-reuse64,qwen2.5-0.5b-instruct-fp16-v2,slice-versus-full-cache-v1,record-reuse,64,940193,confirmation,MEASUREMENT,attempt-f5f5447674694fe1ba6b42939561dbcc,candidate,0,1,r016,3f36045073a7e3ea0bdc2d225bc8f1527be54ad91409eceb85f08880257b6cda,2,0,True,True,SUCCEEDED,True,CYQXC,CYQXC,"[34525, 48, 37946, 151645]",457980f126b190ca6b07dbc6efbe9f62467afd89aa13205e8de61d8d5e92ea39,90,70,20,143.916,73.368,4,16064606466,15838101424,226505042,16008815171,1363,abb823b0aeda7f2f7b3fbe07b498af54f18e3364ad89c516bb43bb4c798a3094,229,52899,CERTIFIED_SLICE
h2-small-reuse64,qwen2.5-0.5b-instruct-fp16-v2,slice-versus-full-cache-v1,record-reuse,64,940193,confirmation,MEASUREMENT,attempt-f5f5447674694fe1ba6b42939561dbcc,candidate,0,1,r017,3f36045073a7e3ea0bdc2d225bc8f1527be54ad91409eceb85f08880257b6cda,2,1,False,True,SUCCEEDED,True,CDHWT,CDHWT,"[6484, 39, 18454, 151645]",8fd3056f15a39857d0dbe88c3e77f37217ddf1c53fbe60edbff0042218c1a249,90,70,20,144.079,73.284,4,17060403846,16834682422,225721424,17005118211,1363,ed0977d1d7caa6d2463c889e2f3e81e628c6164d34f820c637db9d24b4b1c709,229,53670,CERTIFIED_SLICE
h2-small-reuse64,qwen2.5-0.5b-instruct-fp16-v2,slice-versus-full-cache-v1,record-reuse,64,940193,confirmation,MEASUREMENT,attempt-f5f5447674694fe1ba6b42939561dbcc,candidate,0,1,r018,3f36045073a7e3ea0bdc2d225bc8f1527be54ad91409eceb85f08880257b6cda,2,2,False,True,SUCCEEDED,True,CNRRZ,CNRRZ,"[28668, 8106, 57, 151645]",5d136b38a55bcd38e4abafc67eaa81098d6dc9651518450478f4a02a22d0f5c3,92,70,22,153.5,73.241,4,18076700492,17839722262,236978230,18022204236,1363,74a1b1ad265ad449eda4a8fe5a9b30fd41770463cae862ae32731d55547005e8,229,54601,CERTIFIED_SLICE
h2-small-reuse64,qwen2.5-0.5b-instruct-fp16-v2,slice-versus-full-cache-v1,record-reuse,64,940193,confirmation,MEASUREMENT,attempt-f5f5447674694fe1ba6b42939561dbcc,candidate,0,1,r019,3f36045073a7e3ea0bdc2d225bc8f1527be54ad91409eceb85f08880257b6cda,2,3,False,True,SUCCEEDED,False,CUMQJ,CYNIX,"[34, 24273, 5396, 151645]",f8d9cfb60a65607db877664f1b5ae55bf982e143613d8a3259b4d18a958dfe39,93,70,23,158.147,73.238,4,19075685731,18837211007,238474724,19022761108,1363,f49a733b301495f3facd290645d2655a42adba3a7c886867f2afd97454d9996a,229,53750,CERTIFIED_SLICE
h2-small-reuse64,qwen2.5-0.5b-instruct-fp16-v2,slice-versus-full-cache-v1,record-reuse,64,940193,confirmation,MEASUREMENT,attempt-f5f5447674694fe1ba6b42939561dbcc,candidate,0,1,r020,3f36045073a7e3ea0bdc2d225bc8f1527be54ad91409eceb85f08880257b6cda,2,4,False,True,SUCCEEDED,True,CAUJV,CAUJV,"[5049, 52, 77891, 151645]",5c5b6e95c2e844c9a0aa16d19c4277a6e01ea5cbd98502be0304b12c0b1bd4aa,92,70,22,153.443,73.346,4,20098320946,19860251867,238069079,20039697734,1363,bda301a37b5cb597bdd60684a320cf07750bbd7bc7989072f951007b07597e31,229,60763,CERTIFIED_SLICE
h2-small-reuse64,qwen2.5-0.5b-instruct-fp16-v2,slice-versus-full-cache-v1,record-reuse,64,940193,confirmation,MEASUREMENT,attempt-f5f5447674694fe1ba6b42939561dbcc,candidate,0,1,r021,3f36045073a7e3ea0bdc2d225bc8f1527be54ad91409eceb85f08880257b6cda,2,5,False,True,SUCCEEDED,False,CSZOY,CJLRN,"[34, 41, 20117, 45, 151645]",3bd1c0c7453b3927acf3e6718baf16c305888160e91b657195ae271ec1d5843a,92,70,22,154.366,100.573,5,21111812776,20849709746,262103030,21030863319,1363,43560eecf4370eac2a987cf281d4bd83c9fba317ae5924d72d49202e9e225a87,229,60562,CERTIFIED_SLICE
h2-small-reuse64,qwen2.5-0.5b-instruct-fp16-v2,slice-versus-full-cache-v1,record-reuse,64,940193,confirmation,MEASUREMENT,attempt-f5f5447674694fe1ba6b42939561dbcc,candidate,0,1,r022,3f36045073a7e3ea0bdc2d225bc8f1527be54ad91409eceb85f08880257b6cda,2,6,False,True,SUCCEEDED,False,CCWWE,CWOVE,"[34, 22681, 4491, 151645]",c7f47a2b0ce1fe6d856785cdff738249449e8602e31ce2e7fbe42f25bbbb2141,92,70,22,153.559,73.466,4,22101246550,21864030838,237215712,22047047146,1363,a40ac1f1413916556668a74ba0626563f29bdfee163161d3afeccb05a221dace,229,55664,CERTIFIED_SLICE
h2-small-reuse64,qwen2.5-0.5b-instruct-fp16-v2,slice-versus-full-cache-v1,record-reuse,64,940193,confirmation,MEASUREMENT,attempt-f5f5447674694fe1ba6b42939561dbcc,candidate,0,1,r023,3f36045073a7e3ea0bdc2d225bc8f1527be54ad91409eceb85f08880257b6cda,2,7,False,True,SUCCEEDED,False,CEPWU,CJPWU,"[34, 27188, 54, 52, 151645]",3b9d2bf1e11e13af526876fdbe373a450c1c31c915b68f24af6d3518228a116c,93,70,23,158.707,97.566,5,23127935635,22864416723,263518912,23049927670,1363,5c1221f0c5a91aa12e9caf909ccc7c1f9e76209010f5c9427e1db04d73e1e375,229,54903,CERTIFIED_SLICE
h2-small-reuse64,qwen2.5-0.5b-instruct-fp16-v2,slice-versus-full-cache-v1,record-reuse,64,940193,confirmation,MEASUREMENT,attempt-f5f5447674694fe1ba6b42939561dbcc,candidate,0,1,r024,97d1a0ffe814888e0b953ccdbaebac51e9405046c416b2d26277c67210d2c04d,3,0,True,True,SUCCEEDED,True,CCVHU,CCVHU,"[3706, 53, 88014, 151645]",b3ad1e23c7e3120f88fb193711392574a6dcffa26b64a070b5a314403e507a89,92,70,22,153.596,73.274,4,24095784615,23857451164,238333451,24035889777,1363,6da5e8b92920c05cf6df97354d80283c1fc1ecdae1579e1b1e4d9cadeff5aed4,229,53750,CERTIFIED_SLICE
h2-small-reuse64,qwen2.5-0.5b-instruct-fp16-v2,slice-versus-full-cache-v1,record-reuse,64,940193,confirmation,MEASUREMENT,attempt-f5f5447674694fe1ba6b42939561dbcc,candidate,0,1,r025,97d1a0ffe814888e0b953ccdbaebac51e9405046c416b2d26277c67210d2c04d,3,1,False,True,SUCCEEDED,False,CGPTV,CBPRF,"[12979, 6480, 37, 151645]",c478f24c045e252a10fd32af81a10ff5aed3221d80a431dcbcc5cb203ed6b605,92,70,22,155.423,76.08,4,25103476357,24860879947,242596410,25042826585,1363,15032f6b1fb8f9b1020c4be3e47122f1d71b1ffe6e5adcacebea69a9e70057d4,229,53710,CERTIFIED_SLICE
h2-small-reuse64,qwen2.5-0.5b-instruct-fp16-v2,slice-versus-full-cache-v1,record-reuse,64,940193,confirmation,MEASUREMENT,attempt-f5f5447674694fe1ba6b42939561dbcc,candidate,0,1,r026,97d1a0ffe814888e0b953ccdbaebac51e9405046c416b2d26277c67210d2c04d,3,2,False,True,SUCCEEDED,True,CABHE,CABHE,"[34, 1867, 1799, 151645]",a5d342fb8f416cdc4815550e1385fc9c51f777a3abe6b90d16666100d214f5ff,91,70,21,148.78,73.381,4,26109597207,25875077289,234519918,26046135266,1363,9fe24cfc42d7b52dcbe5e4cd3eee7a12b586d2a61feddb531a3d83f0511eaf8a,229,54972,CERTIFIED_SLICE
h2-small-reuse64,qwen2.5-0.5b-instruct-fp16-v2,slice-versus-full-cache-v1,record-reuse,64,940193,confirmation,MEASUREMENT,attempt-f5f5447674694fe1ba6b42939561dbcc,candidate,0,1,r027,97d1a0ffe814888e0b953ccdbaebac51e9405046c416b2d26277c67210d2c04d,3,3,False,True,SUCCEEDED,True,CPPCX,CPPCX,"[15855, 65240, 151645]",e6b7e3603fa27d177458e29bb217a78584317c2eda0b324c2b213e4d25d4db90,91,70,21,148.459,49.177,3,27079889761,26870830647,209059114,27045951019,1363,61f323844c1168f27073c00e4eb22e2019f86ef3a0c1771499e0f125ddfb2867,229,58168,CERTIFIED_SLICE
h2-small-reuse64,qwen2.5-0.5b-instruct-fp16-v2,slice-versus-full-cache-v1,record-reuse,64,940193,confirmation,MEASUREMENT,attempt-f5f5447674694fe1ba6b42939561dbcc,candidate,0,1,r028,97d1a0ffe814888e0b953ccdbaebac51e9405046c416b2d26277c67210d2c04d,3,4,False,True,SUCCEEDED,True,CPONM,CPONM,"[7123, 711, 44, 151645]",e41e34a4a1fc980c0dc4479e187ba5b33aefa4fafea5257baaaca99a3b953205,92,70,22,153.427,73.419,4,28097954446,27863763550,234190896,28041825954,1363,d78062e969aa2e66921ac7b245aed3a0b533eb289224e8facac30c3c1cf97413,229,53870,CERTIFIED_SLICE
h2-small-reuse64,qwen2.5-0.5b-instruct-fp16-v2,slice-versus-full-cache-v1,record-reuse,64,940193,confirmation,MEASUREMENT,attempt-f5f5447674694fe1ba6b42939561dbcc,candidate,0,1,r029,97d1a0ffe814888e0b953ccdbaebac51e9405046c416b2d26277c67210d2c04d,3,5,False,True,SUCCEEDED,False,CJMAE,CAGWP,"[34, 1890, 25674, 151645]",5b8b3cf0e89808a1f3561271be3bf7212e7347bae1201fde06518fdabff6b23a,92,70,22,154.38,73.391,4,29108644104,28870392385,238251719,29045937567,1363,c9c02d29d7b755f4e81bafd32eb1b1587f5b4151b8b4971a8dae6a2caa2f5fa8,229,53078,CERTIFIED_SLICE
h2-small-reuse64,qwen2.5-0.5b-instruct-fp16-v2,slice-versus-full-cache-v1,record-reuse,64,940193,confirmation,MEASUREMENT,attempt-f5f5447674694fe1ba6b42939561dbcc,candidate,0,1,r030,97d1a0ffe814888e0b953ccdbaebac51e9405046c416b2d26277c67210d2c04d,3,6,False,True,SUCCEEDED,False,CCERZ,CABWK,"[34, 1867, 68316, 151645]",469ef4c838cf06ed37440eb63483529c3b30f823078a52e21d02dad98f15d411,90,70,20,143.525,73.325,4,30106862747,29881951169,224911578,30051883112,1363,982cff77b0eb67f0013d0c6392752d9935cee0e8a4309f2c4887145cfcc69ca8,229,53810,CERTIFIED_SLICE
h2-small-reuse64,qwen2.5-0.5b-instruct-fp16-v2,slice-versus-full-cache-v1,record-reuse,64,940193,confirmation,MEASUREMENT,attempt-f5f5447674694fe1ba6b42939561dbcc,candidate,0,1,r031,97d1a0ffe814888e0b953ccdbaebac51e9405046c416b2d26277c67210d2c04d,3,7,False,True,SUCCEEDED,False,CKLFH,CODIV,"[33791, 3090, 151645]",22d0b745805c7d135394de0199b6edcd5aea76723823036f6812e2ce77733155,90,70,20,143.506,48.871,3,31089240458,30884676625,204563833,31046998213,1363,97a47b0e3c30422bf0db0909d70f409c3e770799f837a5a0e75208bc19aa7fba,229,53138,CERTIFIED_SLICE
h2-small-reuse64,qwen2.5-0.5b-instruct-fp16-v2,slice-versus-full-cache-v1,record-reuse,64,940193,confirmation,MEASUREMENT,attempt-f5f5447674694fe1ba6b42939561dbcc,candidate,0,1,r032,49a4a6f3b0d4bdbce0372394528fcbda918e69727938772e103f943fa24f070f,4,0,True,True,SUCCEEDED,True,CQGEK,CQGEK,"[34, 48, 10777, 42, 151645]",a0ca87cfde77f369e71b583c38123c65d2f459d423d817caee72eb026b1079ea,93,70,23,158.172,98.038,5,32143209340,31879670520,263538820,32063913249,1363,7a3fb58260bb4b5f8149e35d06c681fee19ca0772a928a9efb73e0f4fe368ef0,229,54692,CERTIFIED_SLICE
h2-small-reuse64,qwen2.5-0.5b-instruct-fp16-v2,slice-versus-full-cache-v1,record-reuse,64,940193,confirmation,MEASUREMENT,attempt-f5f5447674694fe1ba6b42939561dbcc,candidate,0,1,r033,49a4a6f3b0d4bdbce0372394528fcbda918e69727938772e103f943fa24f070f,4,1,False,True,SUCCEEDED,True,COXCY,COXCY,"[8281, 55, 34525, 151645]",ea8d2708d51acd3f4ba9a5ace76eb59a5a992d9032ce319cb5279f65c571d8ff,92,70,22,153.477,73.101,4,33122958432,32885761926,237196506,33060931129,1363,73d69d0565aef5f583b4df19319ad6f54c25df6eef583668e94489ad46e96f40,229,54171,CERTIFIED_SLICE
h2-small-reuse64,qwen2.5-0.5b-instruct-fp16-v2,slice-versus-full-cache-v1,record-reuse,64,940193,confirmation,MEASUREMENT,attempt-f5f5447674694fe1ba6b42939561dbcc,candidate,0,1,r034,49a4a6f3b0d4bdbce0372394528fcbda918e69727938772e103f943fa24f070f,4,2,False,True,SUCCEEDED,True,CNZPJ,CNZPJ,"[28668, 57, 94235, 151645]",2c5e2afccb6cd06ac8d566516ae13b6548e5aef1bcd83e7c8fcc6a7711206fde,92,70,22,153.377,73.288,4,34118899981,33881704547,237195434,34055939151,1363,cd9ef14558486ae9e2112e824149cf504dc35d0aece3a9be7ca0944fc3b71752,229,55062,CERTIFIED_SLICE
h2-small-reuse64,qwen2.5-0.5b-instruct-fp16-v2,slice-versus-full-cache-v1,record-reuse,64,940193,confirmation,MEASUREMENT,attempt-f5f5447674694fe1ba6b42939561dbcc,candidate,0,1,r035,49a4a6f3b0d4bdbce0372394528fcbda918e69727938772e103f943fa24f070f,4,3,False,True,SUCCEEDED,True,CNRMH,CNRMH,"[28668, 23652, 39, 151645]",ecad464729ab2435d451d22a164f31fc2be1dc7f99df1882cbe8ff838be86fe5,92,71,21,148.226,73.112,4,35112641357,34879058602,233582755,35054191708,1363,8821bf87d529e85b53a0f7d7afff84f4f9d91ab91c9055cff944c00f4e15e96d,229,53740,CERTIFIED_SLICE
h2-small-reuse64,qwen2.5-0.5b-instruct-fp16-v2,slice-versus-full-cache-v1,record-reuse,64,940193,confirmation,MEASUREMENT,attempt-f5f5447674694fe1ba6b42939561dbcc,candidate,0,1,r036,49a4a6f3b0d4bdbce0372394528fcbda918e69727938772e103f943fa24f070f,4,4,False,True,SUCCEEDED,False,CAAOE,CDETZ,"[34, 83582, 57, 151645]",f645524eddf0fe6384e376ac54acd3037f84d49b7ee3f42922a00292509bdde7,92,70,22,154.039,75.104,4,36123929277,35884204249,239725028,36064863532,1363,87cc052937f1c1b0003dad480f5b45eb576f75195bc9814da7fd54a2f95b1303,229,58499,CERTIFIED_SLICE
h2-small-reuse64,qwen2.5-0.5b-instruct-fp16-v2,slice-versus-full-cache-v1,record-reuse,64,940193,confirmation,MEASUREMENT,attempt-f5f5447674694fe1ba6b42939561dbcc,candidate,0,1,r037,49a4a6f3b0d4bdbce0372394528fcbda918e69727938772e103f943fa24f070f,4,5,False,True,SUCCEEDED,True,CMGGO,CMGGO,"[9985, 38, 15513, 151645]",f56a9a2af80451aeeafbfc4ace52e454bd71d359194cf369ad0cc7540caa61d8,92,70,22,153.463,73.49,4,37131536993,36896570244,234966749,37071982940,1363,275f20c946c301dfa7a97aa74bc8f81aea20cef772dbbdd58b096e1eb9422a34,229,57467,CERTIFIED_SLICE
h2-small-reuse64,qwen2.5-0.5b-instruct-fp16-v2,slice-versus-full-cache-v1,record-reuse,64,940193,confirmation,MEASUREMENT,attempt-f5f5447674694fe1ba6b42939561dbcc,candidate,0,1,r038,49a4a6f3b0d4bdbce0372394528fcbda918e69727938772e103f943fa24f070f,4,6,False,True,SUCCEEDED,True,CSXDZ,CSXDZ,"[6412, 67677, 57, 151645]",c2a9a15861ee9e7b590796b17bf365eb5baf3661e26806652bb1223df4d5a3d4,92,70,22,153.697,73.549,4,38134654958,37897115845,237539113,38072143225,1363,638829f13883657ea9294f5df7f55f28383946757a5709e178c272e86015ed42,229,65322,CERTIFIED_SLICE
h2-small-reuse64,qwen2.5-0.5b-instruct-fp16-v2,slice-versus-full-cache-v1,record-reuse,64,940193,confirmation,MEASUREMENT,attempt-f5f5447674694fe1ba6b42939561dbcc,candidate,0,1,r039,49a4a6f3b0d4bdbce0372394528fcbda918e69727938772e103f943fa24f070f,4,7,False,True,SUCCEEDED,False,CHHOW,CECJA,"[34, 7498, 44180, 151645]",9a72bfa8caa66e169eaa0214a0a05d51fd4dfb476e974482934fac0ead3e95ab,91,70,21,148.071,73.319,4,39113115594,38882603009,230512585,39056932090,1363,f994c618870bce74dad858f98bc5e0338cbb82a90ddf7cac485db00fa3263d33,229,58489,CERTIFIED_SLICE
h2-small-reuse64,qwen2.5-0.5b-instruct-fp16-v2,slice-versus-full-cache-v1,record-reuse,64,940193,confirmation,MEASUREMENT,attempt-f5f5447674694fe1ba6b42939561dbcc,candidate,0,1,r040,773276865e31957cc099eb49a810711fa968e72b30adaee99ef888ec93469acd,5,0,True,True,SUCCEEDED,False,CLQQQ,CWOJW,"[34, 22681, 41, 54, 151645]",22ee9f05a36282d5f3b862ac067f530227114c5ee784f1e0930e8769f421fe88,94,71,23,158.256,97.731,5,40160372162,39895154370,265217792,40079875207,1363,6d6c301b30a09ed8afaf5b6a4086d1cfaa0f5901b1b62cb161f5d677d98c5391,229,56555,CERTIFIED_SLICE
h2-small-reuse64,qwen2.5-0.5b-instruct-fp16-v2,slice-versus-full-cache-v1,record-reuse,64,940193,confirmation,MEASUREMENT,attempt-f5f5447674694fe1ba6b42939561dbcc,candidate,0,1,r041,773276865e31957cc099eb49a810711fa968e72b30adaee99ef888ec93469acd,5,1,False,True,SUCCEEDED,False,CZWNE,CNYMH,"[34, 23054, 48202, 151645]",d4d134b44f2bbcb23a1fe5e9c40bc71d97778e7e339c8c1b7febaa039e047262,92,71,21,147.927,73.606,4,41132323441,40899379524,232943917,41073933604,1363,34e7fe9a540b5644c477e20c525f4597a726130c8552df56c0711ed72651b1c4,229,55353,CERTIFIED_SLICE
h2-small-reuse64,qwen2.5-0.5b-instruct-fp16-v2,slice-versus-full-cache-v1,record-reuse,64,940193,confirmation,MEASUREMENT,attempt-f5f5447674694fe1ba6b42939561dbcc,candidate,0,1,r042,773276865e31957cc099eb49a810711fa968e72b30adaee99ef888ec93469acd,5,2,False,True,SUCCEEDED,False,CGOYW,CFGNB,"[29075, 33342, 151645]",7770d5bba8cae5827dcb32e1bdfa96294c63b2530550953cb3da8df3671be642,90,70,20,144.382,48.941,3,42100686026,41895969098,204716928,42057473356,1363,7e0977fd346a4000623197b1645e31424e701b67a728cadb5dae358e78ec2d4d,229,54090,CERTIFIED_SLICE
h2-small-reuse64,qwen2.5-0.5b-instruct-fp16-v2,slice-versus-full-cache-v1,record-reuse,64,940193,confirmation,MEASUREMENT,attempt-f5f5447674694fe1ba6b42939561dbcc,candidate,0,1,r043,773276865e31957cc099eb49a810711fa968e72b30adaee99ef888ec93469acd,5,3,False,True,SUCCEEDED,True,CJPRD,CJPRD,"[34, 41, 6480, 35, 151645]",bb8cc073dc8000ff685c98b563fca1f6f82ef6229fe2dcf13660d99b4958ef38,92,70,22,154.162,97.649,5,42374300625,42115162921,259137704,42289932912,1363,a9b0322ad26ed1748a96ce6a3093d37bc23ecda2913ba6b07060da51cc0a76e0,229,53920,CERTIFIED_SLICE
h2-small-reuse64,qwen2.5-0.5b-instruct-fp16-v2,slice-versus-full-cache-v1,record-reuse,64,940193,confirmation,MEASUREMENT,attempt-f5f5447674694fe1ba6b42939561dbcc,candidate,0,1,r044,773276865e31957cc099eb49a810711fa968e72b30adaee99ef888ec93469acd,5,4,False,True,SUCCEEDED,False,CYHGX,CYPCT,"[34, 9954, 1162, 151645]",d6030d95bb2d869f4bd67d9840c3ecda54efcc523fad773cd301152eb81c2b35,92,70,22,153.619,73.65,4,43163385405,42924594504,238790901,43104936838,1363,d557d61364b39dadb8fe042ad77d2746e60cac7ca903d4508ceb52d8391adb6c,229,52919,CERTIFIED_SLICE
h2-small-reuse64,qwen2.5-0.5b-instruct-fp16-v2,slice-versus-full-cache-v1,record-reuse,64,940193,confirmation,MEASUREMENT,attempt-f5f5447674694fe1ba6b42939561dbcc,candidate,0,1,r045,773276865e31957cc099eb49a810711fa968e72b30adaee99ef888ec93469acd,5,5,False,True,SUCCEEDED,False,CCCRT,CSSZV,"[33658, 57, 53, 151645]",be1308f944f3c6a7b5b75b1093447eeaa0c67c55e84774e79827a492fe97196e,91,70,21,148.218,73.372,4,44146918386,43915432421,231485965,44089882667,1363,77b065e7a8d6781558ca1b80305160f8f58efe293a0aa1b30f2bba972a6a010b,229,54351,CERTIFIED_SLICE
h2-small-reuse64,qwen2.5-0.5b-instruct-fp16-v2,slice-versus-full-cache-v1,record-reuse,64,940193,confirmation,MEASUREMENT,attempt-f5f5447674694fe1ba6b42939561dbcc,candidate,0,1,r046,773276865e31957cc099eb49a810711fa968e72b30adaee99ef888ec93469acd,5,6,False,True,SUCCEEDED,False,CGDPU,CCEXU,"[34, 2104, 55, 52, 151645]",8819b5de398c1a293471d90aa52e3ffa3748a240649ac8b8fa92745303027302,94,70,24,164.367,97.777,5,45191931492,44922367416,269564076,45112946920,1363,b79f5bb6944d0f7536c260bd0b5728e0ffd7513e4f94a923a838199675e27854,229,53049,CERTIFIED_SLICE
h2-small-reuse64,qwen2.5-0.5b-instruct-fp16-v2,slice-versus-full-cache-v1,record-reuse,64,940193,confirmation,MEASUREMENT,attempt-f5f5447674694fe1ba6b42939561dbcc,candidate,0,1,r047,773276865e31957cc099eb49a810711fa968e72b30adaee99ef888ec93469acd,5,7,False,True,SUCCEEDED,True,CCDDK,CCDDK,"[3706, 4103, 42, 151645]",6f07fe059b9c73a42484222c12ba6a0a9bd006aca787aa11178191ea13f1ddd1,92,70,22,153.64,73.543,4,46169273487,45932043358,237230129,46111922812,1363,c2d629d74b15452c7eceed3445880c04bf667e6f619c10ac15a0613939210004,229,55664,CERTIFIED_SLICE
h2-small-reuse64,qwen2.5-0.5b-instruct-fp16-v2,slice-versus-full-cache-v1,record-reuse,64,940193,confirmation,MEASUREMENT,attempt-f5f5447674694fe1ba6b42939561dbcc,candidate,0,1,r048,992b8f50c056aa6a827fa2aa6f814f155d868289b32bd4fd8e6818079b3f6d50,6,0,True,True,SUCCEEDED,False,COXKF,COWBM,"[34, 3307, 28942, 151645]",00b1b3e95a54dbda391165531eacddb812dc94ddce192b00bd0a953cd0507962,92,70,22,153.548,73.521,4,47162769547,46925123184,237646363,47104832210,1363,bd92af347a0f075293b93e801cd156f0bc241944fbf7b483e352f10b8c3c590b,229,56826,CERTIFIED_SLICE
h2-small-reuse64,qwen2.5-0.5b-instruct-fp16-v2,slice-versus-full-cache-v1,record-reuse,64,940193,confirmation,MEASUREMENT,attempt-f5f5447674694fe1ba6b42939561dbcc,candidate,0,1,r049,992b8f50c056aa6a827fa2aa6f814f155d868289b32bd4fd8e6818079b3f6d50,6,1,False,True,SUCCEEDED,False,CTMAF,CHDXI,"[2149, 16591, 40, 151645]",5383bca881bd420fa93cfcafa22348a3f71a572e1457aa20989e5d60d43b2895,92,70,22,153.613,73.546,4,48162811000,47927370730,235440270,48107028642,1363,dbca10b0c99a47943aa123e2ef363ca9d27eaf313c2a13fd16208782454e2482,229,53159,CERTIFIED_SLICE
h2-small-reuse64,qwen2.5-0.5b-instruct-fp16-v2,slice-versus-full-cache-v1,record-reuse,64,940193,confirmation,MEASUREMENT,attempt-f5f5447674694fe1ba6b42939561dbcc,candidate,0,1,r050,992b8f50c056aa6a827fa2aa6f814f155d868289b32bd4fd8e6818079b3f6d50,6,2,False,True,SUCCEEDED,True,CFCXF,CFCXF,"[34, 6754, 66138, 151645]",45e4c4ec7e385dd7d6658b39125963118a1a2824c0ecd49b290877593e93d0f9,92,70,22,153.457,73.357,4,49166949253,48932775849,234173404,49102764798,1363,174f7cda837b9ec20a52be7a9acbd678b2a8bafa8f23b5452fdebac451961e63,229,54732,CERTIFIED_SLICE
h2-small-reuse64,qwen2.5-0.5b-instruct-fp16-v2,slice-versus-full-cache-v1,record-reuse,64,940193,confirmation,MEASUREMENT,attempt-f5f5447674694fe1ba6b42939561dbcc,candidate,0,1,r051,992b8f50c056aa6a827fa2aa6f814f155d868289b32bd4fd8e6818079b3f6d50,6,3,False,True,SUCCEEDED,False,CGVBG,CATDW,"[28196, 54219, 151645]",5bb6028083d67fc59732997ee2fce586df7907464cfe83a2d38ecbb7f0a386b1,90,70,20,143.851,48.967,3,50143738821,49939413120,204325701,50109972840,1363,9bb979c2df075b645c264a15c797b64a577d44c115843d13f8213cdaf8e8f018,229,58709,CERTIFIED_SLICE
h2-small-reuse64,qwen2.5-0.5b-instruct-fp16-v2,slice-versus-full-cache-v1,record-reuse,64,940193,confirmation,MEASUREMENT,attempt-f5f5447674694fe1ba6b42939561dbcc,candidate,0,1,r052,992b8f50c056aa6a827fa2aa6f814f155d868289b32bd4fd8e6818079b3f6d50,6,4,False,True,SUCCEEDED,False,CRPWL,VALUE CRPWL,"[23832, 12617, 47, 61139, 151645]",c6cc6ee2708769faff26a62bbe67d5c8c758019977825150077917f2f69daf20,90,70,20,143.451,97.979,5,51175456709,50926855501,248601208,51096920621,1363,73a4479b9484a60ddc652337cfcf273623ca06c3aa388d6fbbff3b303b84c546,229,54822,CERTIFIED_SLICE
h2-small-reuse64,qwen2.5-0.5b-instruct-fp16-v2,slice-versus-full-cache-v1,record-reuse,64,940193,confirmation,MEASUREMENT,attempt-f5f5447674694fe1ba6b42939561dbcc,candidate,0,1,r053,992b8f50c056aa6a827fa2aa6f814f155d868289b32bd4fd8e6818079b3f6d50,6,5,False,True,SUCCEEDED,True,CVVWU,CVVWU,"[19589, 53, 54, 52, 151645]",c116c48dd7ef905ae090259f2704989831f15cb59e688a1ae6ddd38ea79239af,93,70,23,158.452,97.667,5,52204672213,51941299672,263372541,52125951101,1363,5edcfd93fe967276d5b7a4525de3cde3e400b61c4089d3a5d88716c53508f37f,229,54481,CERTIFIED_SLICE
h2-small-reuse64,qwen2.5-0.5b-instruct-fp16-v2,slice-versus-full-cache-v1,record-reuse,64,940193,confirmation,MEASUREMENT,attempt-f5f5447674694fe1ba6b42939561dbcc,candidate,0,1,r054,992b8f50c056aa6a827fa2aa6f814f155d868289b32bd4fd8e6818079b3f6d50,6,6,False,True,SUCCEEDED,True,CBJNP,CBJNP,"[34, 14978, 26227, 151645]",84fbb708a1881ddac0d536de74895a7e662f8fb4d56ec2bfb041014e1c87bee3,92,70,22,154.562,78.123,4,53178660931,52939830937,238829994,53121567725,1363,8433964269b39cbe79d7e163b2b8e15356e58001949a6f2e85bb22858cdc6ebe,229,53680,CERTIFIED_SLICE
h2-small-reuse64,qwen2.5-0.5b-instruct-fp16-v2,slice-versus-full-cache-v1,record-reuse,64,940193,confirmation,MEASUREMENT,attempt-f5f5447674694fe1ba6b42939561dbcc,candidate,0,1,r055,992b8f50c056aa6a827fa2aa6f814f155d868289b32bd4fd8e6818079b3f6d50,6,7,False,True,SUCCEEDED,False,CLCRU,CUNFN,"[34, 1861, 41604, 151645]",54a860dcbafd8107b71db5470dd2d73865bfda0cb677acfb07445fcbf02de3e0,92,70,22,176.816,112.19,4,66679420416,53945262004,12734158412,54160673012,1363,5acee67e1bbb4a86e826d2c6ce847caef0eea5c0df09c8f756c0152656ff1b23,229,58208,CERTIFIED_SLICE
h2-small-reuse64,qwen2.5-0.5b-instruct-fp16-v2,slice-versus-full-cache-v1,record-reuse,64,940193,confirmation,MEASUREMENT,attempt-f5f5447674694fe1ba6b42939561dbcc,candidate,0,1,r056,c346add73791c5b9734afc4d2569a121216762d04195e1c3f89771846d7152aa,7,0,True,True,SUCCEEDED,False,CQLAN,CWFNB,"[34, 32131, 33342, 151645]",ba5a15b04d983d23e280405f7f3737646d408cef2be1124dae814dbf7582fa6f,92,71,21,148.614,73.308,4,67190034996,66959687057,230347939,67126311147,1363,fa4e3d121050546b2226fd1d97b727919d94367491d2a2adb78e1078c6487be5,229,60262,CERTIFIED_SLICE
h2-small-reuse64,qwen2.5-0.5b-instruct-fp16-v2,slice-versus-full-cache-v1,record-reuse,64,940193,confirmation,MEASUREMENT,attempt-f5f5447674694fe1ba6b42939561dbcc,candidate,0,1,r057,c346add73791c5b9734afc4d2569a121216762d04195e1c3f89771846d7152aa,7,1,False,True,SUCCEEDED,True,CRLOM,CRLOM,"[8973, 1593, 44, 151645]",22cec77defb3742ad4e033d55a399bae71ad4366f4bd4c03d01f55f081f3de84,92,71,21,148.335,73.134,4,68185588632,67955844076,229744556,68130859783,1363,4200f5343f353f4035d494d44e5ff365175e1d12670ff6980977254c3ed6ccb0,229,60813,CERTIFIED_SLICE
h2-small-reuse64,qwen2.5-0.5b-instruct-fp16-v2,slice-versus-full-cache-v1,record-reuse,64,940193,confirmation,MEASUREMENT,attempt-f5f5447674694fe1ba6b42939561dbcc,candidate,0,1,r058,c346add73791c5b9734afc4d2569a121216762d04195e1c3f89771846d7152aa,7,2,False,True,SUCCEEDED,False,CUJOE,CLOXX,"[34, 1593, 6148, 151645]",f0bd951998f8171e2b99e3fe8ac5f9ae4c5eebe7687bd1804ecdd4b65ad51f6a,92,71,21,148.195,73.239,4,69161345770,68932816834,228528936,69106961562,1363,4e27c5ed7fef81f3696e90ba539f4311857b068cd0014211ddc996638489ef92,229,53309,CERTIFIED_SLICE
h2-small-reuse64,qwen2.5-0.5b-instruct-fp16-v2,slice-versus-full-cache-v1,record-reuse,64,940193,confirmation,MEASUREMENT,attempt-f5f5447674694fe1ba6b42939561dbcc,candidate,0,1,r059,c346add73791c5b9734afc4d2569a121216762d04195e1c3f89771846d7152aa,7,3,False,True,SUCCEEDED,True,CSBES,CSBES,"[6412, 33, 1570, 151645]",542bf4e3f1e18f508603b8b9d597e4104fd89d9f26c891c803f26653d6537efe,92,70,22,154.974,73.675,4,69403654865,69166672276,236982589,69347891221,1363,ad02b5db5ccdac8f3cc7bcbbcdd907708ed81839ba599bb271888b2aa45406bd,229,54752,CERTIFIED_SLICE
h2-small-reuse64,qwen2.5-0.5b-instruct-fp16-v2,slice-versus-full-cache-v1,record-reuse,64,940193,confirmation,MEASUREMENT,attempt-f5f5447674694fe1ba6b42939561dbcc,candidate,0,1,r060,c346add73791c5b9734afc4d2569a121216762d04195e1c3f89771846d7152aa,7,4,False,True,SUCCEEDED,False,CIWAV,CHSSV,"[2149, 1220, 53, 151645]",d52ecfbe0728dc64580a24a4003ce6f52a28ac6b3205b6c3368177aafb00a42d,92,70,22,153.578,73.433,4,70206472326,69971003543,235468783,70145880352,1363,04ead0a2764a43e2f7d1ee21569adeae0177be540f0a317924539be5db014fbf,229,71022,CERTIFIED_SLICE
h2-small-reuse64,qwen2.5-0.5b-instruct-fp16-v2,slice-versus-full-cache-v1,record-reuse,64,940193,confirmation,MEASUREMENT,attempt-f5f5447674694fe1ba6b42939561dbcc,candidate,0,1,r061,c346add73791c5b9734afc4d2569a121216762d04195e1c3f89771846d7152aa,7,5,False,True,SUCCEEDED,True,CQIGM,CQIGM,"[34, 48, 1914, 44, 151645]",8090117a3848771da09e01c5860b9ef20272e06191529029f23600107f4d5239,95,70,25,173.346,97.85,5,71238636494,70960359733,278276761,71159904532,1363,cf885e143869e8bd2e52fa0579cb652c6d3998235f38786a89d7ac6acadae4b7,229,56405,CERTIFIED_SLICE
h2-small-reuse64,qwen2.5-0.5b-instruct-fp16-v2,slice-versus-full-cache-v1,record-reuse,64,940193,confirmation,MEASUREMENT,attempt-f5f5447674694fe1ba6b42939561dbcc,candidate,0,1,r062,c346add73791c5b9734afc4d2569a121216762d04195e1c3f89771846d7152aa,7,6,False,True,SUCCEEDED,True,CZRMU,CZRMU,"[34, 57, 23652, 52, 151645]",5f15aa7a1cf85a297a29c9f10c0768b61d50ce1edd79986450e39ee59a5dfae0,92,70,22,153.679,101.985,5,72247000867,71982251185,264749682,72153800956,1363,7147f53b20d6c346865862de6c78f4627bb2c07a30ecf0436ff5d703d9d633ad,229,53971,CERTIFIED_SLICE
h2-small-reuse64,qwen2.5-0.5b-instruct-fp16-v2,slice-versus-full-cache-v1,record-reuse,64,940193,confirmation,MEASUREMENT,attempt-f5f5447674694fe1ba6b42939561dbcc,candidate,0,1,r063,c346add73791c5b9734afc4d2569a121216762d04195e1c3f89771846d7152aa,7,7,False,True,SUCCEEDED,True,CHLIV,CHLIV,"[2149, 43, 3090, 151645]",53b6f59929a1edef31d6c916c055c4720fec7d3a047e18e3bcbf7431c480dea5,92,70,22,153.585,73.504,4,73211071830,72977747575,233324255,73140097376,1363,afc9e053cae1beac91df39de8181d6e5c3dfe92cc773a5cfa89ae61f8fd20b33,229,54171,CERTIFIED_SLICE
h2-small-reuse64,qwen2.5-0.5b-instruct-fp16-v2,slice-versus-full-cache-v1,record-reuse,64,940193,confirmation,MEASUREMENT,attempt-f5f5447674694fe1ba6b42939561dbcc,candidate,0,1,r064,32073d2604158d4d79867d3e59c604cc04b768c12c2de3ef7ace418367fb2948,8,0,True,True,SUCCEEDED,False,CVAHW,CAUJL,"[5049, 52, 41, 43, 151645]",8f5796066a7be019e4c808e1a3340b64454ca37658f9618314b945212376f64f,94,70,24,164.613,98.909,5,74237610575,73967555746,270054829,74147294217,1363,dbe67cec40f0875db7ffaf6870fb47011cc63558845539c1590e8fe85f04765a,229,54251,CERTIFIED_SLICE
h2-small-reuse64,qwen2.5-0.5b-instruct-fp16-v2,slice-versus-full-cache-v1,record-reuse,64,940193,confirmation,MEASUREMENT,attempt-f5f5447674694fe1ba6b42939561dbcc,candidate,0,1,r065,32073d2604158d4d79867d3e59c604cc04b768c12c2de3ef7ace418367fb2948,8,1,False,True,SUCCEEDED,False,CQOES,CHMTD,"[2149, 8505, 35, 151645]",99c79d536cb5cff03a424c1fbc073a5b2a8491363c02c4934483b7630adc9834,93,70,23,158.403,73.154,4,75217674523,74979861690,237812833,75153356218,1363,f1ecc83767d3a92c7089cf4f8622c6815cbdcf99ce889127a6343d244ea66baf,229,54030,CERTIFIED_SLICE
h2-small-reuse64,qwen2.5-0.5b-instruct-fp16-v2,slice-versus-full-cache-v1,record-reuse,64,940193,confirmation,MEASUREMENT,attempt-f5f5447674694fe1ba6b42939561dbcc,candidate,0,1,r066,32073d2604158d4d79867d3e59c604cc04b768c12c2de3ef7ace418367fb2948,8,2,False,True,SUCCEEDED,False,CTJNK,CBEID,"[34, 11594, 915, 151645]",31001f9d1397e8115e4d6bd70ed83ad2c102138e0e7104b2f2dc20b9c8010bd9,92,70,22,153.41,73.276,4,76208270358,75975402573,232867785,76143319468,1363,889dfa74f2c891beb0319c8743612554d8c476e7197bd1e038dccfe94df03ac0,229,54832,CERTIFIED_SLICE
h2-small-reuse64,qwen2.5-0.5b-instruct-fp16-v2,slice-versus-full-cache-v1,record-reuse,64,940193,confirmation,MEASUREMENT,attempt-f5f5447674694fe1ba6b42939561dbcc,candidate,0,1,r067,32073d2604158d4d79867d3e59c604cc04b768c12c2de3ef7ace418367fb2948,8,3,False,True,SUCCEEDED,False,CYQWZ,CBUAV,"[34, 14928, 8093, 151645]",9e63c1b9b678919bdcc977c4494ad37f7dd0dd48fae839876e965aa9e1e5dbe6,93,71,22,153.351,73.48,4,77209135724,76976222715,232913009,77144276514,1363,3e290fa345bc3700804a22ec03dfb37af412d8e0161b71ed54cb3bd2b9376b73,229,54722,CERTIFIED_SLICE
h2-small-reuse64,qwen2.5-0.5b-instruct-fp16-v2,slice-versus-full-cache-v1,record-reuse,64,940193,confirmation,MEASUREMENT,attempt-f5f5447674694fe1ba6b42939561dbcc,candidate,0,1,r068,32073d2604158d4d79867d3e59c604cc04b768c12c2de3ef7ace418367fb2948,8,4,False,True,SUCCEEDED,False,CQGVR,CZTSW,"[34, 57, 9951, 54, 151645]",bd4386fd5b29c631b636530af247bc60c2d0abef9a6ba19a193902cca0725a22,93,70,23,158.053,98.047,5,78257560174,77995107785,262452389,78162407983,1363,526c83d748fbfbe9a83de9f4e528ea2e35f08de4fac7d385c1c23710d385d7f3,229,56676,CERTIFIED_SLICE
h2-small-reuse64,qwen2.5-0.5b-instruct-fp16-v2,slice-versus-full-cache-v1,record-reuse,64,940193,confirmation,MEASUREMENT,attempt-f5f5447674694fe1ba6b42939561dbcc,candidate,0,1,r069,32073d2604158d4d79867d3e59c604cc04b768c12c2de3ef7ace418367fb2948,8,5,False,True,SUCCEEDED,False,CDGKX,VALUE CKONH,"[23832, 30066, 711, 39, 151645]",6646cfa727fa3f3c515bb297467a7c1889ee9d8c78ec50218c7f58ba94e4ebe7,93,70,23,158.269,98.005,5,79244890056,78982258494,262631562,79155274822,1363,5300cd192473ad81449777480a4aa43662b849e49c637507b0a0ed3afa8b1f7b,229,57738,CERTIFIED_SLICE
h2-small-reuse64,qwen2.5-0.5b-instruct-fp16-v2,slice-versus-full-cache-v1,record-reuse,64,940193,confirmation,MEASUREMENT,attempt-f5f5447674694fe1ba6b42939561dbcc,candidate,0,1,r070,32073d2604158d4d79867d3e59c604cc04b768c12c2de3ef7ace418367fb2948,8,6,False,True,SUCCEEDED,True,CIZOB,CIZOB,"[34, 2843, 20608, 151645]",58de26757f2efe022418b418a921513f7c5cc6b9d6c51e792f0e87e7e0954206,92,70,22,153.358,73.339,4,80218577163,79985753049,232824114,80154423586,1363,97c5ff064f82088fd1fe3b7e3ea8b4c646aac60ead154d40e8e7741c362fd488,229,58548,CERTIFIED_SLICE
h2-small-reuse64,qwen2.5-0.5b-instruct-fp16-v2,slice-versus-full-cache-v1,record-reuse,64,940193,confirmation,MEASUREMENT,attempt-f5f5447674694fe1ba6b42939561dbcc,candidate,0,1,r071,32073d2604158d4d79867d3e59c604cc04b768c12c2de3ef7ace418367fb2948,8,7,False,True,SUCCEEDED,False,CMCQX,CTGPU,"[1162, 49891, 151645]",e8d1965d6a42e1ee199a0741d66986a609e3253ce80a189749a1eccdbeeadc9b,91,70,21,149.306,49.844,3,81189272577,80983921519,205351058,81145787390,1363,744e758869745269dcd73d61096833bbe346f3490014da1a2a0c926a1a738055,229,57728,CERTIFIED_SLICE
h2-small-reuse64,qwen2.5-0.5b-instruct-fp16-v2,slice-versus-full-cache-v1,record-reuse,64,940193,confirmation,MEASUREMENT,attempt-f5f5447674694fe1ba6b42939561dbcc,candidate,0,1,r072,d7390d56000586c3cb3667baaf8333af3ecc3cb46e395fd50bf81c7ac8d0e8f2,9,0,True,True,SUCCEEDED,False,CCTTS,CTZHK,"[1162, 57, 57447, 151645]",db0ff381716680da1c951f2e0c4eabba6fb9e99bd06b39d3cbdc77fb391a3080,91,71,20,146.306,77.145,4,81427017673,81197678180,229339493,81354896226,1363,ef5c8c53a0d89373adc333817835b894d3208b4f0cbed56550d013ba7266bcd2,229,57527,CERTIFIED_SLICE
h2-small-reuse64,qwen2.5-0.5b-instruct-fp16-v2,slice-versus-full-cache-v1,record-reuse,64,940193,confirmation,MEASUREMENT,attempt-f5f5447674694fe1ba6b42939561dbcc,candidate,0,1,r073,d7390d56000586c3cb3667baaf8333af3ecc3cb46e395fd50bf81c7ac8d0e8f2,9,1,False,True,SUCCEEDED,True,CGEMH,CGEMH,"[8798, 2716, 39, 151645]",c734594dd9601d3f37c28c81153bd7d722cb638b11098440bf9d250ec5a69d0c,92,70,22,155.218,75.935,4,82239749524,82002398651,237350873,82172572734,1363,fee7aad2787a75625193910856c2c06da32f69a6fe238643cf0151cd986a78aa,229,60683,CERTIFIED_SLICE
h2-small-reuse64,qwen2.5-0.5b-instruct-fp16-v2,slice-versus-full-cache-v1,record-reuse,64,940193,confirmation,MEASUREMENT,attempt-f5f5447674694fe1ba6b42939561dbcc,candidate,0,1,r074,d7390d56000586c3cb3667baaf8333af3ecc3cb46e395fd50bf81c7ac8d0e8f2,9,2,False,True,SUCCEEDED,True,CPVJH,CPVJH,"[7123, 53, 41, 39, 151645]",282e77ec2e1a8309f998209b0a0c45ea93fd28c4bc9c3fcab82e54820f302e87,93,71,22,165.009,104.97,5,83341049065,83064019805,277029260,83244518610,1363,76644d638807397e46ea8aa9be14ca0671ff8b21864d94538622dbe6349134e7,229,54341,CERTIFIED_SLICE
h2-small-reuse64,qwen2.5-0.5b-instruct-fp16-v2,slice-versus-full-cache-v1,record-reuse,64,940193,confirmation,MEASUREMENT,attempt-f5f5447674694fe1ba6b42939561dbcc,candidate,0,1,r075,d7390d56000586c3cb3667baaf8333af3ecc3cb46e395fd50bf81c7ac8d0e8f2,9,3,False,True,SUCCEEDED,True,CVOGL,CVOGL,"[34, 11169, 3825, 151645]",ceeb2cf0fd7bb7ff751d1529e0002035574c4bc2176f2786378f0ee70514aa7a,92,70,22,173.793,79.985,4,84279304204,84019267017,260037187,84207516948,1363,b606a5ffb164711bcf26ead5b4cf6b76462a9d8fa219b275290f9438959e6a6a,229,56465,CERTIFIED_SLICE
h2-small-reuse64,qwen2.5-0.5b-instruct-fp16-v2,slice-versus-full-cache-v1,record-reuse,64,940193,confirmation,MEASUREMENT,attempt-f5f5447674694fe1ba6b42939561dbcc,candidate,0,1,r076,d7390d56000586c3cb3667baaf8333af3ecc3cb46e395fd50bf81c7ac8d0e8f2,9,4,False,True,SUCCEEDED,True,CPEPD,CPEPD,"[34, 1740, 23025, 151645]",88439ee6ddece63752153c430b11dde632253120ae4951c015cf64100fbcb52e,92,70,22,153.921,73.308,4,85252374955,85019197263,233177692,85188410479,1363,5bd8e022a681c4e782eb802c7ad8122ac37363515fb1e6c9f2736f4b1e36508b,229,55142,CERTIFIED_SLICE
h2-small-reuse64,qwen2.5-0.5b-instruct-fp16-v2,slice-versus-full-cache-v1,record-reuse,64,940193,confirmation,MEASUREMENT,attempt-f5f5447674694fe1ba6b42939561dbcc,candidate,0,1,r077,d7390d56000586c3cb3667baaf8333af3ecc3cb46e395fd50bf81c7ac8d0e8f2,9,5,False,True,SUCCEEDED,False,COJFF,COFFEE,"[8281, 1748, 7099, 151645]",d748adab0cfc997af106bbf3063b5791f12f06926d242d7fce2bbb15c1770ebb,92,70,22,153.634,73.243,4,86243697503,86010573591,233123912,86177374951,1363,d0003ea4634a1d1796964ca939ac5d6044c0ec00d3dfcc4682359a734c4d606b,229,60292,CERTIFIED_SLICE
h2-small-reuse64,qwen2.5-0.5b-instruct-fp16-v2,slice-versus-full-cache-v1,record-reuse,64,940193,confirmation,MEASUREMENT,attempt-f5f5447674694fe1ba6b42939561dbcc,candidate,0,1,r078,d7390d56000586c3cb3667baaf8333af3ecc3cb46e395fd50bf81c7ac8d0e8f2,9,6,False,True,SUCCEEDED,True,CERRF,CERRF,"[34, 2650, 37, 151645]",2207709d45bbcbb8049f76d7ec4f0a0f19f38877f62026d66a5ec3d361207383,92,70,22,153.981,73.311,4,87240329475,87007052248,233277227,87171432886,1363,08c0bed7d1ef4202abb75a6ce6d1827877bfccd8a87f24d645a9edc5cc7173a8,229,57938,CERTIFIED_SLICE
h2-small-reuse64,qwen2.5-0.5b-instruct-fp16-v2,slice-versus-full-cache-v1,record-reuse,64,940193,confirmation,MEASUREMENT,attempt-f5f5447674694fe1ba6b42939561dbcc,candidate,0,1,r079,d7390d56000586c3cb3667baaf8333af3ecc3cb46e395fd50bf81c7ac8d0e8f2,9,7,False,True,SUCCEEDED,True,CHVGJ,CHVGJ,"[2149, 46641, 41, 151645]",3d9a8a5bdfff886902a53cbf140a466742d0d5cc436c0f4ffde54d61ae5dc7df,90,70,20,143.978,73.313,4,88233296671,88009980220,223316451,88172380445,1363,3c55fe61a091e193be1de0d18ac839843ebe5011d633e7a0ddc5e7bd164eec1f,229,60794,CERTIFIED_SLICE
h2-small-reuse64,qwen2.5-0.5b-instruct-fp16-v2,slice-versus-full-cache-v1,record-reuse,64,940193,confirmation,MEASUREMENT,attempt-f5f5447674694fe1ba6b42939561dbcc,candidate,0,1,r080,bc708ad77692546142999282f7852c06f1f763a4af482caa555ec2bf3782b6bd,10,0,True,True,SUCCEEDED,False,CMMFV,CHVJA,"[2149, 53, 44180, 151645]",bdf9d21e2a01a9cc20584c9cea689ef577f9ff8da9f0e45dd84b7ba590af98f3,93,70,23,159.059,74.497,4,88478060381,88238488828,239571553,88412481012,1363,0b402c4497fdd7cfda29745b59679d53026a8285bef9aca56348ab9551539cba,229,54682,CERTIFIED_SLICE
h2-small-reuse64,qwen2.5-0.5b-instruct-fp16-v2,slice-versus-full-cache-v1,record-reuse,64,940193,confirmation,MEASUREMENT,attempt-f5f5447674694fe1ba6b42939561dbcc,candidate,0,1,r081,bc708ad77692546142999282f7852c06f1f763a4af482caa555ec2bf3782b6bd,10,1,False,True,SUCCEEDED,False,CWNQT,CNCBT,"[34, 9949, 17602, 151645]",e5cd526c462c0f6ea37e5ad91fc8898458269f5cf0ea50c67243c05d17aae5cc,90,70,20,144.009,73.425,4,89258671782,89035116797,223554985,89194361643,1363,f641edb2768b1c4aaeb6541564bf6d5257c982ed6df0a9b859c20d23220a85ea,229,55413,CERTIFIED_SLICE
h2-small-reuse64,qwen2.5-0.5b-instruct-fp16-v2,slice-versus-full-cache-v1,record-reuse,64,940193,confirmation,MEASUREMENT,attempt-f5f5447674694fe1ba6b42939561dbcc,candidate,0,1,r082,bc708ad77692546142999282f7852c06f1f763a4af482caa555ec2bf3782b6bd,10,2,False,True,SUCCEEDED,True,CTSMV,CTSMV,"[1162, 9501, 53, 151645]",64163173c974e268c0c22ebcfc619268297b1bd27d1d6730690898f02559983b,92,70,22,153.454,73.49,4,90252563969,90019421162,233142807,90186576931,1363,725f845587d4b37f1c423a18b6dd9e7244275bc17d88f68f1a4a0cebfc79de3f,229,55393,CERTIFIED_SLICE
h2-small-reuse64,qwen2.5-0.5b-instruct-fp16-v2,slice-versus-full-cache-v1,record-reuse,64,940193,confirmation,MEASUREMENT,attempt-f5f5447674694fe1ba6b42939561dbcc,candidate,0,1,r083,bc708ad77692546142999282f7852c06f1f763a4af482caa555ec2bf3782b6bd,10,3,False,True,SUCCEEDED,False,CKVJA,VALUE CUAFJ CKVJA,"[23832, 40743, 8276, 41, 30066, 53, 44180, 151645]",200069ed18555adedf50c2d1cdb78ee2e19fa0805d16545585802b25aa4a764c,92,70,22,153.295,170.818,8,91351693734,91021374271,330319463,91189451614,1363,0c2876828bdb445931e114059f656128f07e6c0d84b6fb335ad692e0d30a689e,229,55964,CERTIFIED_SLICE
h2-small-reuse64,qwen2.5-0.5b-instruct-fp16-v2,slice-versus-full-cache-v1,record-reuse,64,940193,confirmation,MEASUREMENT,attempt-f5f5447674694fe1ba6b42939561dbcc,candidate,0,1,r084,bc708ad77692546142999282f7852c06f1f763a4af482caa555ec2bf3782b6bd,10,4,False,True,SUCCEEDED,False,CWVTE,CVHAQ,"[19589, 17020, 48, 151645]",592cd539a367ffc15061a80671d00298716bbf2eafb397b2f5075661f8ad7d9f,92,70,22,153.513,73.29,4,92263963894,92030860491,233103403,92197392399,1363,1ca6c495a4ef0eac832736a92cd61f4f6d8393155edd209c45be40be7eb34447,229,60572,CERTIFIED_SLICE
h2-small-reuse64,qwen2.5-0.5b-instruct-fp16-v2,slice-versus-full-cache-v1,record-reuse,64,940193,confirmation,MEASUREMENT,attempt-f5f5447674694fe1ba6b42939561dbcc,candidate,0,1,r085,bc708ad77692546142999282f7852c06f1f763a4af482caa555ec2bf3782b6bd,10,5,False,True,SUCCEEDED,False,CKEER,CIIZV,"[11237, 2843, 53, 151645]",fbd3421789497734bd80783eae84c2405196ebfb5be1ff6daa116f7deacda0a8,92,70,22,153.369,73.401,4,93258369596,93025313791,233055805,93188536435,1363,6ae63bfe9650d236396242ddcc6b863311f57bd29873dec235ea57397a999f4c,229,56876,CERTIFIED_SLICE
h2-small-reuse64,qwen2.5-0.5b-instruct-fp16-v2,slice-versus-full-cache-v1,record-reuse,64,940193,confirmation,MEASUREMENT,attempt-f5f5447674694fe1ba6b42939561dbcc,candidate,0,1,r086,bc708ad77692546142999282f7852c06f1f763a4af482caa555ec2bf3782b6bd,10,6,False,True,SUCCEEDED,False,CLGPD,CDAUK,"[34, 6352, 24537, 151645]",bbc98cdee0d74940209e42b23eeb72ccbaa4ad326be0d9d0094212eb97cae29c,92,70,22,153.402,73.047,4,94262275897,94029649491,232626406,94196354542,1363,669a4786ded1ee8b4b9d4400813e54030e195e7833f9bdb202ac9efc70ce75dc,229,64430,CERTIFIED_SLICE
h2-small-reuse64,qwen2.5-0.5b-instruct-fp16-v2,slice-versus-full-cache-v1,record-reuse,64,940193,confirmation,MEASUREMENT,attempt-f5f5447674694fe1ba6b42939561dbcc,candidate,0,1,r087,bc708ad77692546142999282f7852c06f1f763a4af482caa555ec2bf3782b6bd,10,7,False,True,SUCCEEDED,True,CWHXZ,CWHXZ,"[34, 19890, 55, 57, 151645]",a137cf2aa4baebe5ae8c90dcdb92c63c3cacd42d2a1aaf9338b6c1f5d0550888,93,70,23,158.127,97.35,5,95297995859,95036288445,261707414,95209428835,1363,227e4b4987803e5595b80be200cf3a06bbbbaa9eee777ed03d7602c14f3d5403,229,60122,CERTIFIED_SLICE
h2-small-reuse64,qwen2.5-0.5b-instruct-fp16-v2,slice-versus-full-cache-v1,record-reuse,64,940193,confirmation,MEASUREMENT,attempt-f5f5447674694fe1ba6b42939561dbcc,candidate,0,1,r088,83eb72a128089e4c4acd490ddb61b7fc1ff52e701220c3f863de5a1ed0d1ab52,11,0,True,True,SUCCEEDED,False,CTUJJ,CJDOP,"[34, 49915, 3067, 151645]",b9dd9b64ff42c9149b29ea91aae61fe66ff1dbb748993c59b944a5e530e04510,92,70,22,153.353,73.22,4,96276153541,96042877035,233276506,96211423341,1363,a14022efce4c06d2521b2635b31c4a99c581614ab4fa55883c2e786222e701ff,229,72465,CERTIFIED_SLICE
h2-small-reuse64,qwen2.5-0.5b-instruct-fp16-v2,slice-versus-full-cache-v1,record-reuse,64,940193,confirmation,MEASUREMENT,attempt-f5f5447674694fe1ba6b42939561dbcc,candidate,0,1,r089,83eb72a128089e4c4acd490ddb61b7fc1ff52e701220c3f863de5a1ed0d1ab52,11,1,False,True,SUCCEEDED,False,CGOVV,CFCNB,"[34, 6754, 33342, 151645]",370279a85b634837a197c10332e5fbe12d990c2ff02cf4bdf112453cdc104820,92,71,21,148.808,73.798,4,97269594749,97040966028,228628721,97204383624,1363,6375a61c326484099ed256277e78eb7ca56a4e42e72b802428d3272ff6187a47,229,62897,CERTIFIED_SLICE
h2-small-reuse64,qwen2.5-0.5b-instruct-fp16-v2,slice-versus-full-cache-v1,record-reuse,64,940193,confirmation,MEASUREMENT,attempt-f5f5447674694fe1ba6b42939561dbcc,candidate,0,1,r090,83eb72a128089e4c4acd490ddb61b7fc1ff52e701220c3f863de5a1ed0d1ab52,11,2,False,True,SUCCEEDED,True,COROT,COROT,"[52320, 1793, 151645]",526425d8b5c8272589825aa8aa08be7c16020aafa10505380a3e66ed6d47a02e,91,70,21,148.324,49.343,3,98242968464,98039216390,203752074,98207788674,1363,19b08274568d33ae927f6871d74ec61e626a50641240438ba63afe2e6ec90b64,229,54321,CERTIFIED_SLICE
h2-small-reuse64,qwen2.5-0.5b-instruct-fp16-v2,slice-versus-full-cache-v1,record-reuse,64,940193,confirmation,MEASUREMENT,attempt-f5f5447674694fe1ba6b42939561dbcc,candidate,0,1,r091,83eb72a128089e4c4acd490ddb61b7fc1ff52e701220c3f863de5a1ed0d1ab52,11,3,False,True,SUCCEEDED,True,CCWLK,CCWLK,"[3706, 61139, 42, 151645]",1899e61e2607b5d3f3b8db94276c5ffc78cbd656831c281e726f57a49c640e95,92,70,22,153.838,74.461,4,98481692611,98247458224,234234387,98410641796,1363,850d5a21f182316b6b1dddfdd00b14be095be2415c5d04cae374ec495457211c,229,54461,CERTIFIED_SLICE
h2-small-reuse64,qwen2.5-0.5b-instruct-fp16-v2,slice-versus-full-cache-v1,record-reuse,64,940193,confirmation,MEASUREMENT,attempt-f5f5447674694fe1ba6b42939561dbcc,candidate,0,1,r092,83eb72a128089e4c4acd490ddb61b7fc1ff52e701220c3f863de5a1ed0d1ab52,11,4,False,True,SUCCEEDED,True,CGJWX,CGJWX,"[8798, 41, 65376, 151645]",4606f79e60a0584e5bca3a264a5c8d76d1c1d9fbce60e504791c6a8b50cc55dd,92,70,22,153.348,73.26,4,99292910737,99060210934,232699803,99219407390,1363,b01a4fae3f8b8428ed1ebde2edf22cfa8533c39c0bcc0ab3f64551888e77d365,229,55393,CERTIFIED_SLICE
h2-small-reuse64,qwen2.5-0.5b-instruct-fp16-v2,slice-versus-full-cache-v1,record-reuse,64,940193,confirmation,MEASUREMENT,attempt-f5f5447674694fe1ba6b42939561dbcc,candidate,0,1,r093,83eb72a128089e4c4acd490ddb61b7fc1ff52e701220c3f863de5a1ed0d1ab52,11,5,False,True,SUCCEEDED,True,CIDMD,CIDMD,"[54146, 6076, 151645]",54ca423364f74c5b24d81605bc0a7ceff1065ade567d7ee23c90ccd4d6028754,91,70,21,148.253,48.985,3,100249554396,100046206564,203347832,100209579287,1363,1603f5269379e25dc20a4859099a2fb0ebef0952eb16d3f776cb8d021d45687b,229,55653,CERTIFIED_SLICE
h2-small-reuse64,qwen2.5-0.5b-instruct-fp16-v2,slice-versus-full-cache-v1,record-reuse,64,940193,confirmation,MEASUREMENT,attempt-f5f5447674694fe1ba6b42939561dbcc,candidate,0,1,r094,83eb72a128089e4c4acd490ddb61b7fc1ff52e701220c3f863de5a1ed0d1ab52,11,6,False,True,SUCCEEDED,False,CNKKM,CYDZI,"[34525, 35, 57, 40, 151645]",6e6e2fa07d95235e6d33e1c6550ce0e6208047df10fd88f61960614affad8948,94,70,24,165.099,98.822,5,100524289489,100254193544,270095945,100434438908,1363,ea8da14de5ff5cef61d4b45ba4f18d6d602bfb301fffef994ea4aa91c5bd9b6a,229,57026,CERTIFIED_SLICE
h2-small-reuse64,qwen2.5-0.5b-instruct-fp16-v2,slice-versus-full-cache-v1,record-reuse,64,940193,confirmation,MEASUREMENT,attempt-f5f5447674694fe1ba6b42939561dbcc,candidate,0,1,r095,83eb72a128089e4c4acd490ddb61b7fc1ff52e701220c3f863de5a1ed0d1ab52,11,7,False,True,SUCCEEDED,False,CYZMT,CZWZS,"[34, 81756, 57, 50, 151645]",8ac4ee95d10cf9aad2e5cb3ffd58f92a1e844439d0bec2c3d7b4a31c95ae7075,94,70,24,164.308,97.791,5,101321595339,101053375884,268219455,101232379559,1363,2624325b01bd218e46bec7f7d338d8078682fddc453a6b6650b00428a86c02ec,229,54280,CERTIFIED_SLICE
h2-small-reuse64,qwen2.5-0.5b-instruct-fp16-v2,slice-versus-full-cache-v1,record-reuse,64,940193,confirmation,MEASUREMENT,attempt-f5f5447674694fe1ba6b42939561dbcc,candidate,0,1,r096,97f0fe773db407e3ea703e9d896ff10b1d7a28865ea7310ee4aa0a15a73340ae,12,0,True,True,SUCCEEDED,True,CIFCA,CIFCA,"[34, 2773, 5049, 151645]",2d132a98f33c3a9341fa364c032d01568cfce927997aeceb652850c131d25c06,91,70,21,148.363,73.384,4,102281423130,102053468433,227954697,102216498809,1363,97afd0f72225260b3537674ade099ed74ed167b4d27b41d7b8aad27de7677eb3,229,56846,CERTIFIED_SLICE
h2-small-reuse64,qwen2.5-0.5b-instruct-fp16-v2,slice-versus-full-cache-v1,record-reuse,64,940193,confirmation,MEASUREMENT,attempt-f5f5447674694fe1ba6b42939561dbcc,candidate,0,1,r097,97f0fe773db407e3ea703e9d896ff10b1d7a28865ea7310ee4aa0a15a73340ae,12,1,False,True,SUCCEEDED,False,CUJAG,1,"[16, 151645]",f529bd054d618cf7e94951ade2e5b9f360b71efe28946d63d1720c9edec7ff1c,90,70,20,143.35,24.661,2,103224899811,103051001882,173897929,103209450867,1363,1ad7674fe1f6173b9448520920f2d4b14fad373b37b4291739ec644d5e45499c,229,55594,CERTIFIED_SLICE
h2-small-reuse64,qwen2.5-0.5b-instruct-fp16-v2,slice-versus-full-cache-v1,record-reuse,64,940193,confirmation,MEASUREMENT,attempt-f5f5447674694fe1ba6b42939561dbcc,candidate,0,1,r098,97f0fe773db407e3ea703e9d896ff10b1d7a28865ea7310ee4aa0a15a73340ae,12,2,False,True,SUCCEEDED,True,COAND,COAND,"[8281, 3976, 151645]",aa332798aef60df014ef42e33990a1d6d7047b2e1f51ecdf278c6f1639f64d98,91,70,21,148.457,49.197,3,103437334312,103233772703,203561609,103399628043,1363,47b02fd0930b2858d4fef9dfad3cae8303f9d50f7700146f4e111fbc3e5d6a2b,229,54782,CERTIFIED_SLICE
h2-small-reuse64,qwen2.5-0.5b-instruct-fp16-v2,slice-versus-full-cache-v1,record-reuse,64,940193,confirmation,MEASUREMENT,attempt-f5f5447674694fe1ba6b42939561dbcc,candidate,0,1,r099,97f0fe773db407e3ea703e9d896ff10b1d7a28865ea7310ee4aa0a15a73340ae,12,3,False,True,SUCCEEDED,True,CYQSP,CYQSP,"[34525, 48, 4592, 151645]",1c38b747b35cdc5f6166a668791af095645cdb0e966a5bae5300f44765281e6f,92,70,22,153.535,73.186,4,104294496929,104061232776,233264153,104229312714,1363,328ffb613acef20097c904157d8aeb8b4210aba4f5fc4df6574e0a7b32bc9b66,229,55624,CERTIFIED_SLICE
h2-small-reuse64,qwen2.5-0.5b-instruct-fp16-v2,slice-versus-full-cache-v1,record-reuse,64,940193,confirmation,MEASUREMENT,attempt-f5f5447674694fe1ba6b42939561dbcc,candidate,0,1,r100,97f0fe773db407e3ea703e9d896ff10b1d7a28865ea7310ee4aa0a15a73340ae,12,4,False,True,SUCCEEDED,True,CVNZR,CVNZR,"[19589, 69930, 49, 151645]",21f455687c62111d1dc4267b1044c3cc36be99858502c29a5ef9db9cd02da1c0,92,70,22,153.424,73.381,4,105287830386,105054886279,232944107,105223397088,1363,ce0a35d2c89f963ac3b4b9f53fd23da0bde7e721ab9cf48a409366da3fcf9d6f,229,56075,CERTIFIED_SLICE
h2-small-reuse64,qwen2.5-0.5b-instruct-fp16-v2,slice-versus-full-cache-v1,record-reuse,64,940193,confirmation,MEASUREMENT,attempt-f5f5447674694fe1ba6b42939561dbcc,candidate,0,1,r101,97f0fe773db407e3ea703e9d896ff10b1d7a28865ea7310ee4aa0a15a73340ae,12,5,False,True,SUCCEEDED,False,CZGWA,CVBGW,"[19589, 37762, 54, 151645]",fc7078ec2a20922e2cdff115f7147b4d08be40a89ad79b5a4e52b316d155a488,92,70,22,153.522,73.371,4,106290130311,106057057354,233072957,106223391535,1363,ea7850ad60a2c38d596545df592e6978469d44c97f488934fcefe5874dc3b56d,229,58469,CERTIFIED_SLICE
h2-small-reuse64,qwen2.5-0.5b-instruct-fp16-v2,slice-versus-full-cache-v1,record-reuse,64,940193,confirmation,MEASUREMENT,attempt-f5f5447674694fe1ba6b42939561dbcc,candidate,0,1,r102,97f0fe773db407e3ea703e9d896ff10b1d7a28865ea7310ee4aa0a15a73340ae,12,6,False,True,SUCCEEDED,False,CHMTI,CMIAT,"[34, 9773, 828, 151645]",8a1da635d8a597615baf1d2bf7486d3fda08e5d0fba74d81bf0cec7f61187314,92,70,22,153.43,73.257,4,107292123163,107059108765,233014398,107227357778,1363,890d2ff29da399697ea3db93ecc2b01d8fad5b7168ad3bbd4305dd25577a2fc4,229,59090,CERTIFIED_SLICE
h2-small-reuse64,qwen2.5-0.5b-instruct-fp16-v2,slice-versus-full-cache-v1,record-reuse,64,940193,confirmation,MEASUREMENT,attempt-f5f5447674694fe1ba6b42939561dbcc,candidate,0,1,r103,97f0fe773db407e3ea703e9d896ff10b1d7a28865ea7310ee4aa0a15a73340ae,12,7,False,True,SUCCEEDED,True,CXBPG,CXBPG,"[65240, 33, 11383, 151645]",abd73581e8237e00f4757f0a3e066bf26a1ad7c82ac89ae09410d27011f63ba3,92,71,21,148.328,73.515,4,108288692750,108060724767,227967983,108224384404,1363,912e2843bbac3c0c03153c044725823c9aaf7c7e950fb554b3e17f7d6d7485cf,229,63228,CERTIFIED_SLICE
h2-small-reuse64,qwen2.5-0.5b-instruct-fp16-v2,slice-versus-full-cache-v1,record-reuse,64,940193,confirmation,MEASUREMENT,attempt-f5f5447674694fe1ba6b42939561dbcc,candidate,0,1,r104,c7b70dab4d36cb30d5e673373ef2a93b4091bdd561e6620bdb9fd867021d1082,13,0,True,True,SUCCEEDED,False,CLTAT,COAFL,"[8281, 32, 6126, 151645]",aa668484efaa03b56454242531039aeeec5e99f1525dbe334b6067d2cf4954c8,92,70,22,153.346,73.26,4,109291482605,109058640908,232841697,109227418063,1363,719cd69131bbda062fb97d197cca7b544d376ab3e194e73079dc2b89e8ef9844,229,62045,CERTIFIED_SLICE
h2-small-reuse64,qwen2.5-0.5b-instruct-fp16-v2,slice-versus-full-cache-v1,record-reuse,64,940193,confirmation,MEASUREMENT,attempt-f5f5447674694fe1ba6b42939561dbcc,candidate,0,1,r105,c7b70dab4d36cb30d5e673373ef2a93b4091bdd561e6620bdb9fd867021d1082,13,1,False,True,SUCCEEDED,False,CZXTX,CNYUI,"[34, 23054, 2275, 151645]",5cfcb73eb3049b513e7994988e47af24fb65b55fd5a6664402ca9951c7e08b6c,92,70,22,153.295,73.662,4,110300633060,110067519928,233113132,110227374999,1363,eaf1435845fd4430306332cb54d99e31a84224ecd85b1fc80941d304d738d136,229,63849,CERTIFIED_SLICE
h2-small-reuse64,qwen2.5-0.5b-instruct-fp16-v2,slice-versus-full-cache-v1,record-reuse,64,940193,confirmation,MEASUREMENT,attempt-f5f5447674694fe1ba6b42939561dbcc,candidate,0,1,r106,c7b70dab4d36cb30d5e673373ef2a93b4091bdd561e6620bdb9fd867021d1082,13,2,False,True,SUCCEEDED,False,CIACD,CWIUD,"[34, 60195, 4656, 151645]",d5d029a20edbabbd51c3231b97ca10da41d2a56ef5bd871c5c3d8259a2ac6af4,92,70,22,154.018,73.035,4,111302636032,111069375246,233260786,111238333186,1363,86c1b0cb27d78f7eb46f43f6eb0bdf46db6c0ab427ec694e9fbc1bc659cae99c,229,59281,CERTIFIED_SLICE
h2-small-reuse64,qwen2.5-0.5b-instruct-fp16-v2,slice-versus-full-cache-v1,record-reuse,64,940193,confirmation,MEASUREMENT,attempt-f5f5447674694fe1ba6b42939561dbcc,candidate,0,1,r107,c7b70dab4d36cb30d5e673373ef2a93b4091bdd561e6620bdb9fd867021d1082,13,3,False,True,SUCCEEDED,False,CGYVG,CEDHK,"[34, 1479, 57447, 151645]",63aa514c9def6ede9bfb6aa670dd90ad65ecb1372184ca6bee49e5865aba8a08,92,70,22,153.462,73.719,4,112309393626,112076071606,233322020,112244445110,1363,a0ecc56557181c5ac2c5416d6c07b6b4b7429ec68e1d20d9705835c79df15c8f,229,55744,CERTIFIED_SLICE
h2-small-reuse64,qwen2.5-0.5b-instruct-fp16-v2,slice-versus-full-cache-v1,record-reuse,64,940193,confirmation,MEASUREMENT,attempt-f5f5447674694fe1ba6b42939561dbcc,candidate,0,1,r108,c7b70dab4d36cb30d5e673373ef2a93b4091bdd561e6620bdb9fd867021d1082,13,4,False,True,SUCCEEDED,True,CAXJN,CAXJN,"[34, 2954, 41, 45, 151645]",44dfa722bc06f06de8d354172b291fe4463f3cc97045707e1253d090b6e199d7,91,70,21,148.682,99.272,5,113332441219,113078397619,254043600,113242377561,1363,d8753ebe38e763f3e874040d5adf3640dc0fb5e9284fb7158b3a90f0884a5a9b,229,55272,CERTIFIED_SLICE
h2-small-reuse64,qwen2.5-0.5b-instruct-fp16-v2,slice-versus-full-cache-v1,record-reuse,64,940193,confirmation,MEASUREMENT,attempt-f5f5447674694fe1ba6b42939561dbcc,candidate,0,1,r109,c7b70dab4d36cb30d5e673373ef2a93b4091bdd561e6620bdb9fd867021d1082,13,5,False,True,SUCCEEDED,False,CISFV,COPJU,"[34, 3067, 41, 52, 151645]",9a0344a17ff82d05013a2c44bba635bbad5a294cd9c425ea5511642df3f03487,92,70,22,162.55,107.584,5,114371945999,114093462063,278483936,114282941372,1363,04a03df6b59c2eb3f32cf837f96277f3ee16ad8c7f18d414e437bd4d50c39044,229,55423,CERTIFIED_SLICE
h2-small-reuse64,qwen2.5-0.5b-instruct-fp16-v2,slice-versus-full-cache-v1,record-reuse,64,940193,confirmation,MEASUREMENT,attempt-f5f5447674694fe1ba6b42939561dbcc,candidate,0,1,r110,c7b70dab4d36cb30d5e673373ef2a93b4091bdd561e6620bdb9fd867021d1082,13,6,False,True,SUCCEEDED,False,CZWEE,CPCRX,"[34, 4872, 45813, 151645]",6aafb33b27ce838fd0fc87495c366f23f3e911a2597af9c6583e4e2f499f8c65,90,70,20,150.814,77.487,4,115352155458,115116456967,235698491,115285906302,1363,418a227165719118af50333104e99394233cfc9958382939b45f9a2f508da5c8,229,55864,CERTIFIED_SLICE
h2-small-reuse64,qwen2.5-0.5b-instruct-fp16-v2,slice-versus-full-cache-v1,record-reuse,64,940193,confirmation,MEASUREMENT,attempt-f5f5447674694fe1ba6b42939561dbcc,candidate,0,1,r111,c7b70dab4d36cb30d5e673373ef2a93b4091bdd561e6620bdb9fd867021d1082,13,7,False,True,SUCCEEDED,True,CXWAF,CXWAF,"[65240, 54, 8276, 151645]",5d5f13c013d238c1e7af10801fc99791c9ee71fdf5643043795080e2e34fd166,92,70,22,160.426,78.365,4,116366750008,116119435163,247314845,116304252621,1363,3f113e57bce0c0d71f7a824b2966fed7d083d25715303855151cbb75c2ba3a95,229,57146,CERTIFIED_SLICE
h2-small-reuse64,qwen2.5-0.5b-instruct-fp16-v2,slice-versus-full-cache-v1,record-reuse,64,940193,confirmation,MEASUREMENT,attempt-f5f5447674694fe1ba6b42939561dbcc,candidate,0,1,r112,09eaa24cc71ab399e2535f01d02bb32674a448760f00557330f0feeb3e791797,14,0,True,True,SUCCEEDED,False,CMJMP,VALUE CKTCA CMJMP,"[23832, 30066, 51, 5049, 18090, 41, 5781, 151645]",07cd16d057598ffd19c156e4071c937c72d21b7f4e9b8c982efaf4f18f9327e1,92,70,22,157.494,177.342,8,117464827967,117120327800,344500167,117303826544,1363,c954062657d1f3ae18f528d9708fa3f83e0b6198fca603542f8c158e95a73e5c,229,54962,CERTIFIED_SLICE
h2-small-reuse64,qwen2.5-0.5b-instruct-fp16-v2,slice-versus-full-cache-v1,record-reuse,64,940193,confirmation,MEASUREMENT,attempt-f5f5447674694fe1ba6b42939561dbcc,candidate,0,1,r113,09eaa24cc71ab399e2535f01d02bb32674a448760f00557330f0feeb3e791797,14,1,False,True,SUCCEEDED,False,CUNEZ,CNFUC,"[28668, 37, 5459, 151645]",2652ca4de969a52e1c3f9ba3e1402da3ad3c67f498f9803bf529410d02495ffc,92,70,22,158.248,78.421,4,118373303660,118124874883,248428777,118321748053,1363,2159ddb2a188fdd317aca25dd52fea61f859359e7259c89857e5bbbcc2994fad,229,54471,CERTIFIED_SLICE
h2-small-reuse64,qwen2.5-0.5b-instruct-fp16-v2,slice-versus-full-cache-v1,record-reuse,64,940193,confirmation,MEASUREMENT,attempt-f5f5447674694fe1ba6b42939561dbcc,candidate,0,1,r114,09eaa24cc71ab399e2535f01d02bb32674a448760f00557330f0feeb3e791797,14,2,False,True,SUCCEEDED,False,CZJAH,CIBFF,"[34, 3256, 1748, 151645]",fc1520b20d81a0163563ae08bde6a99427388475e62692b1e78db55cf4a0a279,92,70,22,160.844,78.269,4,119375014047,119127617170,247396877,119314888481,1363,646bdd7f05180ab679727378dee295f9a7003a79ed812cd5482bb9e611dafea2,229,54762,CERTIFIED_SLICE
h2-small-reuse64,qwen2.5-0.5b-instruct-fp16-v2,slice-versus-full-cache-v1,record-reuse,64,940193,confirmation,MEASUREMENT,attempt-f5f5447674694fe1ba6b42939561dbcc,candidate,0,1,r115,09eaa24cc71ab399e2535f01d02bb32674a448760f00557330f0feeb3e791797,14,3,False,True,SUCCEEDED,True,CZNXW,CZNXW,"[34, 57, 43304, 54, 151645]",ac92b18133880babd5cc7ec57677adeb0a10ea6fd09da20cf93520cf64a86f84,92,70,22,161.311,108.03,5,120416509510,120136334549,280174961,120312041022,1363,a622b77a5f063b135b3f5e4ddd496c106ffdca5353e4686f0227a2a42659807b,229,54812,CERTIFIED_SLICE
h2-small-reuse64,qwen2.5-0.5b-instruct-fp16-v2,slice-versus-full-cache-v1,record-reuse,64,940193,confirmation,MEASUREMENT,attempt-f5f5447674694fe1ba6b42939561dbcc,candidate,0,1,r116,09eaa24cc71ab399e2535f01d02bb32674a448760f00557330f0feeb3e791797,14,4,False,True,SUCCEEDED,False,CUTZU,VALUE CUTZU,"[23832, 72857, 57, 52, 151645]",3b2c4736f129331d432a758a59d20f9504b674fff5efda2eae443a3a8cfd9a6e,92,70,22,156.966,102.149,5,121415421784,121148872214,266549570,121334520056,1363,c71073666f309496d53c6be66a42566b81f390fb6733d86679c7f1d8d0cd39b6,229,56756,CERTIFIED_SLICE
h2-small-reuse64,qwen2.5-0.5b-instruct-fp16-v2,slice-versus-full-cache-v1,record-reuse,64,940193,confirmation,MEASUREMENT,attempt-f5f5447674694fe1ba6b42939561dbcc,candidate,0,1,r117,09eaa24cc71ab399e2535f01d02bb32674a448760f00557330f0feeb3e791797,14,5,False,True,SUCCEEDED,True,CSQIS,CSQIS,"[6412, 48, 1637, 151645]",2cd86ae7d2a5e6bcd716fef75f2d5a244295dc1d42571f5621c77fc40da5b1c8,92,70,22,157.373,77.328,4,122375488229,122132310759,243177470,122315909600,1363,ebb03ee73e90b873e042051486a74adf55431e42fe1d934fdc2bbfd378050f2f,229,58719,CERTIFIED_SLICE
h2-small-reuse64,qwen2.5-0.5b-instruct-fp16-v2,slice-versus-full-cache-v1,record-reuse,64,940193,confirmation,MEASUREMENT,attempt-f5f5447674694fe1ba6b42939561dbcc,candidate,0,1,r118,09eaa24cc71ab399e2535f01d02bb32674a448760f00557330f0feeb3e791797,14,6,False,True,SUCCEEDED,False,CTLXV,VALUE CWKMT,"[23832, 40035, 42, 8505, 151645]",37fcfd6711899728bca1aef5fcb7778fc376622d6eb52e78ea76530430c54e44,92,70,22,160.874,102.506,5,123408442105,123136298301,272143804,123323962664,1363,6962d7b6ebea5a7472b60bd731d346d81d9feb206217093ee188e2895677c1e4,229,60623,CERTIFIED_SLICE
h2-small-reuse64,qwen2.5-0.5b-instruct-fp16-v2,slice-versus-full-cache-v1,record-reuse,64,940193,confirmation,MEASUREMENT,attempt-f5f5447674694fe1ba6b42939561dbcc,candidate,0,1,r119,09eaa24cc71ab399e2535f01d02bb32674a448760f00557330f0feeb3e791797,14,7,False,True,SUCCEEDED,True,CIBEG,CIBEG,"[34, 3256, 9376, 151645]",43d42c9d6d3f858b47b73563f2aae6ab85677263c274967c8e87bc5c6c417fcb,92,70,22,157.295,80.37,4,124397417968,124151554122,245863846,124330176297,1363,f8833f5ea2be9827d634e7cea75b166a3bbe7dbc145f6eb52abf4364e8a4b9aa,229,60663,CERTIFIED_SLICE
h2-small-reuse64,qwen2.5-0.5b-instruct-fp16-v2,slice-versus-full-cache-v1,record-reuse,64,940193,confirmation,MEASUREMENT,attempt-f5f5447674694fe1ba6b42939561dbcc,candidate,0,1,r120,8f66e2c926b626d3de1bc31e5816ffed29e15bb75a4715096d4da2d970e0bbc4,15,0,True,True,SUCCEEDED,False,CPBEG,CLPFP,"[3140, 47, 11698, 151645]",32f8e8d99b4cca68c774793c3f21a8ca4d30b6fbc160144edf6057a42f6cd07a,92,70,22,164.667,86.067,4,125424288120,125164576869,259711251,125357013848,1363,5e737e0ae0422abe25c2238ccd5f3a4f962304ef8c6d1fa5b2ff6c95cebcf83c,229,58288,CERTIFIED_SLICE
h2-small-reuse64,qwen2.5-0.5b-instruct-fp16-v2,slice-versus-full-cache-v1,record-reuse,64,940193,confirmation,MEASUREMENT,attempt-f5f5447674694fe1ba6b42939561dbcc,candidate,0,1,r121,8f66e2c926b626d3de1bc31e5816ffed29e15bb75a4715096d4da2d970e0bbc4,15,1,False,True,SUCCEEDED,True,CSTXF,CSTXF,"[34, 784, 66138, 151645]",5fc75126a0c190e9bbecb200458551482089c8f8cf751caf35b2ce888ebf3509,89,70,19,148.577,81.646,4,126391338303,126150527155,240811148,126325976328,1363,fe2e2b578fca972b9211bb83bd10303f453451121439e532407147c42a64e6d2,229,57386,CERTIFIED_SLICE
h2-small-reuse64,qwen2.5-0.5b-instruct-fp16-v2,slice-versus-full-cache-v1,record-reuse,64,940193,confirmation,MEASUREMENT,attempt-f5f5447674694fe1ba6b42939561dbcc,candidate,0,1,r122,8f66e2c926b626d3de1bc31e5816ffed29e15bb75a4715096d4da2d970e0bbc4,15,2,False,True,SUCCEEDED,False,COSTR,CPTSJ,"[34, 73693, 41, 151645]",38e79f0d833e828c4822a3990e14fb1ae2a9e2695540270ef1171adcd4fe768e,91,70,21,166.767,84.533,4,127524586996,127264653832,259933164,127457881843,1363,af176977dc39300c4b10f1a173a8d207d5cc5556a74915e2cda7ddf0902145e8,229,54271,CERTIFIED_SLICE
h2-small-reuse64,qwen2.5-0.5b-instruct-fp16-v2,slice-versus-full-cache-v1,record-reuse,64,940193,confirmation,MEASUREMENT,attempt-f5f5447674694fe1ba6b42939561dbcc,candidate,0,1,r123,8f66e2c926b626d3de1bc31e5816ffed29e15bb75a4715096d4da2d970e0bbc4,15,3,False,True,SUCCEEDED,False,CGRDB,CNWQO,"[28668, 54, 48, 46, 151645]",f8985c3ecc74084e430129ebf83e353ea7afe685dbb1e185c78a7ecf2e92ad42,94,70,24,172.872,103.442,5,128462863525,128179097014,283766511,128379636352,1363,e741094d23eed80a18710c022c19fb92c612a85e0802f400a6115924b2059b2a,229,56164,CERTIFIED_SLICE
h2-small-reuse64,qwen2.5-0.5b-instruct-fp16-v2,slice-versus-full-cache-v1,record-reuse,64,940193,confirmation,MEASUREMENT,attempt-f5f5447674694fe1ba6b42939561dbcc,candidate,0,1,r124,8f66e2c926b626d3de1bc31e5816ffed29e15bb75a4715096d4da2d970e0bbc4,15,4,False,True,SUCCEEDED,False,CCGKT,CCTQ,"[34, 1162, 48, 151645]",6d9a511a978d0f80c63f74ca3693c8316a7272b5115048d65a6dc683f6317342,94,70,24,168.862,76.27,4,129406428038,129150108966,256319072,129344755344,1363,6ae1435dde3e244df6d005dd718ddddccb53e632614d0fe66c578d68cb3a07c0,229,55764,CERTIFIED_SLICE
h2-small-reuse64,qwen2.5-0.5b-instruct-fp16-v2,slice-versus-full-cache-v1,record-reuse,64,940193,confirmation,MEASUREMENT,attempt-f5f5447674694fe1ba6b42939561dbcc,candidate,0,1,r125,8f66e2c926b626d3de1bc31e5816ffed29e15bb75a4715096d4da2d970e0bbc4,15,5,False,True,SUCCEEDED,True,CLJJB,CLJJB,"[3140, 41, 46107, 151645]",c152087ee1feef7719697b7c95e2a399413aaf8069dfbeef19fd7d4b776e78a6,92,70,22,155.896,76.138,4,130375051748,130132527844,242523904,130314800649,1363,bd2710a68e9c46dea470123f7a922b467e0d4aee871da4bbf136c161a4b05937,229,53950,CERTIFIED_SLICE
h2-small-reuse64,qwen2.5-0.5b-instruct-fp16-v2,slice-versus-full-cache-v1,record-reuse,64,940193,confirmation,MEASUREMENT,attempt-f5f5447674694fe1ba6b42939561dbcc,candidate,0,1,r126,8f66e2c926b626d3de1bc31e5816ffed29e15bb75a4715096d4da2d970e0bbc4,15,6,False,True,SUCCEEDED,False,CGHDP,CAFFG,"[5049, 1748, 38, 151645]",6351d0c137f78b680cfeae9edbd2c0b4e214ab525d68226b16c58d55742f8402,92,70,22,156.552,80.568,4,131375155548,131130757407,244398141,131312036434,1363,20917bc5fbd9eb1b384e751186f045908bc1ba932a0910081ecf3bc2b9cc6ba3,229,53920,CERTIFIED_SLICE
h2-small-reuse64,qwen2.5-0.5b-instruct-fp16-v2,slice-versus-full-cache-v1,record-reuse,64,940193,confirmation,MEASUREMENT,attempt-f5f5447674694fe1ba6b42939561dbcc,candidate,0,1,r127,8f66e2c926b626d3de1bc31e5816ffed29e15bb75a4715096d4da2d970e0bbc4,15,7,False,True,SUCCEEDED,False,CMXNQ,CESFC,"[34, 1570, 6754, 151645]",045d694393edf06d9d9148be61b2a1e17c2f9accf53a5683e77fbcccd90c241b,91,70,21,153.548,79.949,4,132536869813,132296130177,240739636,132475867506,1363,b34741bcc7bce1711dfafc2279251671aed5208c0421ea74acf0f04656c57c5e,229,60794,CERTIFIED_SLICE
h2-small-reuse64,qwen2.5-0.5b-instruct-fp16-v2,slice-versus-full-cache-v1,record-reuse,64,940193,confirmation,MEASUREMENT,attempt-42106cba8aa8443eb1245b2043b65235,candidate,1,1,r000,363708ff503f422442a84205041663204f6ca24df6094fb6ccdee1fa90089452,0,0,True,True,SUCCEEDED,False,CPMYY,CRPAD,"[8973, 43818, 151645]",009ac44448cf24f62e168c10a8939434fa2cab1508709b0c1ec92e74350ed243,90,0,90,554.836,52.343,3,1393886497,774927339,618959158,1356064533,1363,46a20e2cd2517678bc1d052bd354fe98784992d12b72847556c662d87bec0e58,229,121185,CERTIFIED_SLICE
h2-small-reuse64,qwen2.5-0.5b-instruct-fp16-v2,slice-versus-full-cache-v1,record-reuse,64,940193,confirmation,MEASUREMENT,attempt-42106cba8aa8443eb1245b2043b65235,candidate,1,1,r001,363708ff503f422442a84205041663204f6ca24df6094fb6ccdee1fa90089452,0,1,False,True,SUCCEEDED,True,CGSHN,CGSHN,"[8798, 8590, 45, 151645]",1180c894d0f9b9bfc25b153e8adb64bf8f1d397d2090fd4b5ef99445ce96b133,92,70,22,159.236,76.714,4,2055725736,1811591246,244134490,1997510603,1363,62643a2c77e231809bcc40d0db86864ec9082632da19c948a0fb88828715bfdd,229,62597,CERTIFIED_SLICE
h2-small-reuse64,qwen2.5-0.5b-instruct-fp16-v2,slice-versus-full-cache-v1,record-reuse,64,940193,confirmation,MEASUREMENT,attempt-42106cba8aa8443eb1245b2043b65235,candidate,1,1,r002,363708ff503f422442a84205041663204f6ca24df6094fb6ccdee1fa90089452,0,2,False,True,SUCCEEDED,True,CVLSS,CVLSS,"[19589, 43, 1220, 151645]",be0233b17e454353a9ff2b65ed28f8775826c21e0e6f70fb567e7cb2c3787196,94,70,24,171.327,77.352,4,3051796374,2793741103,258055271,2992735989,1363,1b2882d6187baa69a684bd4d30cf9f58adb18fca991d328bae64a096c46bf43e,229,64761,CERTIFIED_SLICE
h2-small-reuse64,qwen2.5-0.5b-instruct-fp16-v2,slice-versus-full-cache-v1,record-reuse,64,940193,confirmation,MEASUREMENT,attempt-42106cba8aa8443eb1245b2043b65235,candidate,1,1,r003,363708ff503f422442a84205041663204f6ca24df6094fb6ccdee1fa90089452,0,3,False,True,SUCCEEDED,True,CRPUP,CRPUP,"[8973, 47, 3124, 151645]",be42e2a24ebb2670c0845558f0153052e9dc1048d2315af0871498ec61c354b8,92,70,22,163.146,78.691,4,4072510637,3823121043,249389594,4012882476,1363,6e36a84afbb9bbb641510a9998f1ac8e201471cd67d64a6bea3c9bddf4e14888,229,60312,CERTIFIED_SLICE
h2-small-reuse64,qwen2.5-0.5b-instruct-fp16-v2,slice-versus-full-cache-v1,record-reuse,64,940193,confirmation,MEASUREMENT,attempt-42106cba8aa8443eb1245b2043b65235,candidate,1,1,r004,363708ff503f422442a84205041663204f6ca24df6094fb6ccdee1fa90089452,0,4,False,True,SUCCEEDED,True,CUTKR,CUTKR,"[34, 1381, 61884, 151645]",1d425073c36ad402c3ffa2f8d71f7af912896c9f91f1e65351fa7a63b51419d9,91,70,21,152.151,74.219,4,5043223663,4809269327,233954336,4980007369,1363,2a57186a05c12b48c927c327514383de819d29fb8189f7947535ccd07d070ac1,229,55844,CERTIFIED_SLICE
h2-small-reuse64,qwen2.5-0.5b-instruct-fp16-v2,slice-versus-full-cache-v1,record-reuse,64,940193,confirmation,MEASUREMENT,attempt-42106cba8aa8443eb1245b2043b65235,candidate,1,1,r005,363708ff503f422442a84205041663204f6ca24df6094fb6ccdee1fa90089452,0,5,False,True,SUCCEEDED,True,CFUPJ,CFUPJ,"[9650, 3124, 41, 151645]",9535cfe7d5a27b80f7ec01874091b5ec6bdeff58dcd6cd5ae2e01b9b33bb2001,92,70,22,156.742,73.337,4,6045907541,5807632078,238275463,5991516420,1363,21deaf70bfe9c4408ee616031a12cbf9fcdc2e70d48b97908ec15cd96b297208,229,55744,CERTIFIED_SLICE
h2-small-reuse64,qwen2.5-0.5b-instruct-fp16-v2,slice-versus-full-cache-v1,record-reuse,64,940193,confirmation,MEASUREMENT,attempt-42106cba8aa8443eb1245b2043b65235,candidate,1,1,r006,363708ff503f422442a84205041663204f6ca24df6094fb6ccdee1fa90089452,0,6,False,True,SUCCEEDED,False,CXTBZ,CFNMC,"[9650, 45, 11604, 151645]",dae92ddf058c75ae2f430632387afbc2de8dcaaf0d56ce9691fe002d5a07bbc8,93,70,23,162.774,73.212,4,7038967720,6792195525,246772195,6981794646,1363,afad4484c7f2be102c690d91cc6cf0c3f622bd7b73aa26a3d9abd5d500f7b859,229,55072,CERTIFIED_SLICE
h2-small-reuse64,qwen2.5-0.5b-instruct-fp16-v2,slice-versus-full-cache-v1,record-reuse,64,940193,confirmation,MEASUREMENT,attempt-42106cba8aa8443eb1245b2043b65235,candidate,1,1,r007,363708ff503f422442a84205041663204f6ca24df6094fb6ccdee1fa90089452,0,7,False,True,SUCCEEDED,False,CZGRP,VALUE CRIRG,"[23832, 12617, 2801, 38, 151645]",cb0311888ffd776606befded66cd7e05667a92704a270fdc210baf64c556a042,91,70,21,150.694,97.66,5,8050097617,7794444614,255653003,7972580505,1363,b8be704bc547f624db9812f2b568d99e94cc4916ccfb8c5e7eb711c8f42838cd,229,61875,CERTIFIED_SLICE
h2-small-reuse64,qwen2.5-0.5b-instruct-fp16-v2,slice-versus-full-cache-v1,record-reuse,64,940193,confirmation,MEASUREMENT,attempt-42106cba8aa8443eb1245b2043b65235,candidate,1,1,r008,bbf57066674006b1972ce3add31d36a2e3d882ffc9ff1ba72f67913cea899c51,1,0,True,True,SUCCEEDED,False,CWFKL,CLRXT,"[74058, 9036, 151645]",d25dc892b8cc87e4aaf295b17833bda67978bbed7b152e389aa33941aa73048a,90,70,20,146.563,49.152,3,9004366649,8796903383,207463266,8969756879,1363,ac4cc2b9be334d20d7abb481a8178eac3c99c7557e38e337568e47f2a77f4311,229,66303,CERTIFIED_SLICE
h2-small-reuse64,qwen2.5-0.5b-instruct-fp16-v2,slice-versus-full-cache-v1,record-reuse,64,940193,confirmation,MEASUREMENT,attempt-42106cba8aa8443eb1245b2043b65235,candidate,1,1,r009,bbf57066674006b1972ce3add31d36a2e3d882ffc9ff1ba72f67913cea899c51,1,1,False,True,SUCCEEDED,False,CYRPH,CIGQD,"[34, 1914, 48, 35, 151645]",dac70754a689a9fd57c4ff63fcf643d20530cff40e77663ad8f6accd9dd5d3a8,94,70,24,168.065,97.832,5,9291360372,9018057012,273303360,9212868036,1363,2f5979949a4917fc8241b554544f219cf063867eba12c4046d788679fce0bf99,229,64510,CERTIFIED_SLICE
h2-small-reuse64,qwen2.5-0.5b-instruct-fp16-v2,slice-versus-full-cache-v1,record-reuse,64,940193,confirmation,MEASUREMENT,attempt-42106cba8aa8443eb1245b2043b65235,candidate,1,1,r010,bbf57066674006b1972ce3add31d36a2e3d882ffc9ff1ba72f67913cea899c51,1,2,False,True,SUCCEEDED,False,CZYFF,CYJVZ,"[34525, 77891, 57, 151645]",88830bfb6e97a44bf0cb838812fba4574dbd198a7d4816d16ac41e9e2a946a37,92,70,22,156.2,73.402,4,10081761992,9842769836,238992156,10023866102,1363,57dd3227af8a9c5edd6d2996ddc8504ae6b10521ee898fe4baedea32a952c3b1,229,60443,CERTIFIED_SLICE
h2-small-reuse64,qwen2.5-0.5b-instruct-fp16-v2,slice-versus-full-cache-v1,record-reuse,64,940193,confirmation,MEASUREMENT,attempt-42106cba8aa8443eb1245b2043b65235,candidate,1,1,r011,bbf57066674006b1972ce3add31d36a2e3d882ffc9ff1ba72f67913cea899c51,1,3,False,True,SUCCEEDED,False,CTKDB,CSPRE,"[34, 4592, 787, 151645]",56dc75294eb2ae7f343c38429e62455b879487f7da058fca7f3f5fff3291b26a,90,70,20,146.596,73.435,4,11058410878,10828713349,229697529,11007456870,1363,9db9f9473da8a4185efab85dcb1e5b575daa59c573f59082b8d45c973d9009ac,229,58589,CERTIFIED_SLICE
h2-small-reuse64,qwen2.5-0.5b-instruct-fp16-v2,slice-versus-full-cache-v1,record-reuse,64,940193,confirmation,MEASUREMENT,attempt-42106cba8aa8443eb1245b2043b65235,candidate,1,1,r012,bbf57066674006b1972ce3add31d36a2e3d882ffc9ff1ba72f67913cea899c51,1,4,False,True,SUCCEEDED,True,CSRKR,CSRKR,"[70022, 61884, 151645]",3eac842332c46b49aa38a7db1f1c3c19909e5e49159e0cb6be804baa1559a15a,91,70,21,150.309,48.944,3,12048270574,11837531476,210739098,12014009162,1363,51aef925bf2e21cde531d2e9ed3d7d5b074e01a8586c558edec29a1f2e27ad26,229,57177,CERTIFIED_SLICE
h2-small-reuse64,qwen2.5-0.5b-instruct-fp16-v2,slice-versus-full-cache-v1,record-reuse,64,940193,confirmation,MEASUREMENT,attempt-42106cba8aa8443eb1245b2043b65235,candidate,1,1,r013,bbf57066674006b1972ce3add31d36a2e3d882ffc9ff1ba72f67913cea899c51,1,5,False,True,SUCCEEDED,True,CACZZ,CACZZ,"[34, 1706, 33536, 151645]",492a47f7709d7a9a7ee50c6f497c6ec917483f2dd124ae53de38f52f72a8483e,92,70,22,156.04,73.321,4,13088220582,12847420514,240800068,13030021138,1363,56a5526b35a6f75009b5c73bf2c0adc0582d2c85cbc3b8fd0c1424db6ecb601c,229,55964,CERTIFIED_SLICE
h2-small-reuse64,qwen2.5-0.5b-instruct-fp16-v2,slice-versus-full-cache-v1,record-reuse,64,940193,confirmation,MEASUREMENT,attempt-42106cba8aa8443eb1245b2043b65235,candidate,1,1,r014,bbf57066674006b1972ce3add31d36a2e3d882ffc9ff1ba72f67913cea899c51,1,6,False,True,SUCCEEDED,False,CZBSR,VALUE CWIRT CZBSR,"[23832, 40035, 30521, 69775, 7347, 49, 151645]",04b1120c71fad5c6348530f7e6efc914f61c1bc8735e55878eb0d54fb434503f,90,70,20,146.62,146.543,7,14152991845,13849358344,303633501,14023629748,1363,48e352842dbe7f865932293e363c270ffed75c35c9b19ede09c7301ce8e9a319,229,56936,CERTIFIED_SLICE
h2-small-reuse64,qwen2.5-0.5b-instruct-fp16-v2,slice-versus-full-cache-v1,record-reuse,64,940193,confirmation,MEASUREMENT,attempt-42106cba8aa8443eb1245b2043b65235,candidate,1,1,r015,bbf57066674006b1972ce3add31d36a2e3d882ffc9ff1ba72f67913cea899c51,1,7,False,True,SUCCEEDED,True,COTWX,COTWX,"[34, 1793, 65376, 151645]",8c61f161c22eded8e79e35954068aee413b01a53f36508ce85c5882e92a96587,92,70,22,156.069,73.502,4,15091695047,14854918272,236776775,15030504170,1363,14fc110e6cd44c7d2dd68eaa1189f218d157972b60a64e8d8ab7275b0c2e014c,229,54251,CERTIFIED_SLICE
h2-small-reuse64,qwen2.5-0.5b-instruct-fp16-v2,slice-versus-full-cache-v1,record-reuse,64,940193,confirmation,MEASUREMENT,attempt-42106cba8aa8443eb1245b2043b65235,candidate,1,1,r016,3f36045073a7e3ea0bdc2d225bc8f1527be54ad91409eceb85f08880257b6cda,2,0,True,True,SUCCEEDED,True,CYQXC,CYQXC,"[34525, 48, 37946, 151645]",457980f126b190ca6b07dbc6efbe9f62467afd89aa13205e8de61d8d5e92ea39,90,70,20,146.693,73.326,4,16066136768,15835251460,230885308,16008958844,1363,abb823b0aeda7f2f7b3fbe07b498af54f18e3364ad89c516bb43bb4c798a3094,229,54972,CERTIFIED_SLICE
h2-small-reuse64,qwen2.5-0.5b-instruct-fp16-v2,slice-versus-full-cache-v1,record-reuse,64,940193,confirmation,MEASUREMENT,attempt-42106cba8aa8443eb1245b2043b65235,candidate,1,1,r017,3f36045073a7e3ea0bdc2d225bc8f1527be54ad91409eceb85f08880257b6cda,2,1,False,True,SUCCEEDED,True,CDHWT,CDHWT,"[6484, 39, 18454, 151645]",8fd3056f15a39857d0dbe88c3e77f37217ddf1c53fbe60edbff0042218c1a249,90,70,20,146.378,73.335,4,17074360490,16844123788,230236702,17016905470,1363,ed0977d1d7caa6d2463c889e2f3e81e628c6164d34f820c637db9d24b4b1c709,229,53970,CERTIFIED_SLICE
h2-small-reuse64,qwen2.5-0.5b-instruct-fp16-v2,slice-versus-full-cache-v1,record-reuse,64,940193,confirmation,MEASUREMENT,attempt-42106cba8aa8443eb1245b2043b65235,candidate,1,1,r018,3f36045073a7e3ea0bdc2d225bc8f1527be54ad91409eceb85f08880257b6cda,2,2,False,True,SUCCEEDED,True,CNRRZ,CNRRZ,"[28668, 8106, 57, 151645]",5d136b38a55bcd38e4abafc67eaa81098d6dc9651518450478f4a02a22d0f5c3,92,70,22,155.9,75.018,4,18091822563,17853573059,238249504,18029727775,1363,74a1b1ad265ad449eda4a8fe5a9b30fd41770463cae862ae32731d55547005e8,229,56706,CERTIFIED_SLICE
h2-small-reuse64,qwen2.5-0.5b-instruct-fp16-v2,slice-versus-full-cache-v1,record-reuse,64,940193,confirmation,MEASUREMENT,attempt-42106cba8aa8443eb1245b2043b65235,candidate,1,1,r019,3f36045073a7e3ea0bdc2d225bc8f1527be54ad91409eceb85f08880257b6cda,2,3,False,True,SUCCEEDED,False,CUMQJ,CYNIX,"[34, 24273, 5396, 151645]",f8d9cfb60a65607db877664f1b5ae55bf982e143613d8a3259b4d18a958dfe39,93,70,23,162.259,73.621,4,19113719325,18870449092,243270233,19049915538,1363,f49a733b301495f3facd290645d2655a42adba3a7c886867f2afd97454d9996a,229,55934,CERTIFIED_SLICE
h2-small-reuse64,qwen2.5-0.5b-instruct-fp16-v2,slice-versus-full-cache-v1,record-reuse,64,940193,confirmation,MEASUREMENT,attempt-42106cba8aa8443eb1245b2043b65235,candidate,1,1,r020,3f36045073a7e3ea0bdc2d225bc8f1527be54ad91409eceb85f08880257b6cda,2,4,False,True,SUCCEEDED,True,CAUJV,CAUJV,"[5049, 52, 77891, 151645]",5c5b6e95c2e844c9a0aa16d19c4277a6e01ea5cbd98502be0304b12c0b1bd4aa,92,70,22,156.03,73.255,4,20103884840,19866551209,237333631,20049603363,1363,bda301a37b5cb597bdd60684a320cf07750bbd7bc7989072f951007b07597e31,229,60212,CERTIFIED_SLICE
h2-small-reuse64,qwen2.5-0.5b-instruct-fp16-v2,slice-versus-full-cache-v1,record-reuse,64,940193,confirmation,MEASUREMENT,attempt-42106cba8aa8443eb1245b2043b65235,candidate,1,1,r021,3f36045073a7e3ea0bdc2d225bc8f1527be54ad91409eceb85f08880257b6cda,2,5,False,True,SUCCEEDED,False,CSZOY,CJLRN,"[34, 41, 20117, 45, 151645]",3bd1c0c7453b3927acf3e6718baf16c305888160e91b657195ae271ec1d5843a,92,70,22,155.819,97.555,5,21107582534,20846940873,260641661,21028814395,1363,43560eecf4370eac2a987cf281d4bd83c9fba317ae5924d72d49202e9e225a87,229,56475,CERTIFIED_SLICE
h2-small-reuse64,qwen2.5-0.5b-instruct-fp16-v2,slice-versus-full-cache-v1,record-reuse,64,940193,confirmation,MEASUREMENT,attempt-42106cba8aa8443eb1245b2043b65235,candidate,1,1,r022,3f36045073a7e3ea0bdc2d225bc8f1527be54ad91409eceb85f08880257b6cda,2,6,False,True,SUCCEEDED,False,CCWWE,CWOVE,"[34, 22681, 4491, 151645]",c7f47a2b0ce1fe6d856785cdff738249449e8602e31ce2e7fbe42f25bbbb2141,92,70,22,155.797,73.306,4,22100804895,21861386667,239418228,22036972835,1363,a40ac1f1413916556668a74ba0626563f29bdfee163161d3afeccb05a221dace,229,59140,CERTIFIED_SLICE
h2-small-reuse64,qwen2.5-0.5b-instruct-fp16-v2,slice-versus-full-cache-v1,record-reuse,64,940193,confirmation,MEASUREMENT,attempt-42106cba8aa8443eb1245b2043b65235,candidate,1,1,r023,3f36045073a7e3ea0bdc2d225bc8f1527be54ad91409eceb85f08880257b6cda,2,7,False,True,SUCCEEDED,False,CEPWU,CJPWU,"[34, 27188, 54, 52, 151645]",3b9d2bf1e11e13af526876fdbe373a450c1c31c915b68f24af6d3518228a116c,93,70,23,162.154,97.681,5,23133531378,22866377425,267153953,23055748983,1363,5c1221f0c5a91aa12e9caf909ccc7c1f9e76209010f5c9427e1db04d73e1e375,229,59501,CERTIFIED_SLICE
h2-small-reuse64,qwen2.5-0.5b-instruct-fp16-v2,slice-versus-full-cache-v1,record-reuse,64,940193,confirmation,MEASUREMENT,attempt-42106cba8aa8443eb1245b2043b65235,candidate,1,1,r024,97d1a0ffe814888e0b953ccdbaebac51e9405046c416b2d26277c67210d2c04d,3,0,True,True,SUCCEEDED,True,CCVHU,CCVHU,"[3706, 53, 88014, 151645]",b3ad1e23c7e3120f88fb193711392574a6dcffa26b64a070b5a314403e507a89,92,70,22,155.756,73.346,4,24110205181,23871804716,238400465,24047444955,1363,6da5e8b92920c05cf6df97354d80283c1fc1ecdae1579e1b1e4d9cadeff5aed4,229,57146,CERTIFIED_SLICE
h2-small-reuse64,qwen2.5-0.5b-instruct-fp16-v2,slice-versus-full-cache-v1,record-reuse,64,940193,confirmation,MEASUREMENT,attempt-42106cba8aa8443eb1245b2043b65235,candidate,1,1,r025,97d1a0ffe814888e0b953ccdbaebac51e9405046c416b2d26277c67210d2c04d,3,1,False,True,SUCCEEDED,False,CGPTV,CBPRF,"[12979, 6480, 37, 151645]",c478f24c045e252a10fd32af81a10ff5aed3221d80a431dcbcc5cb203ed6b605,92,70,22,155.771,73.338,4,25112572931,24875400971,237171960,25058737815,1363,15032f6b1fb8f9b1020c4be3e47122f1d71b1ffe6e5adcacebea69a9e70057d4,229,58188,CERTIFIED_SLICE
h2-small-reuse64,qwen2.5-0.5b-instruct-fp16-v2,slice-versus-full-cache-v1,record-reuse,64,940193,confirmation,MEASUREMENT,attempt-42106cba8aa8443eb1245b2043b65235,candidate,1,1,r026,97d1a0ffe814888e0b953ccdbaebac51e9405046c416b2d26277c67210d2c04d,3,2,False,True,SUCCEEDED,True,CABHE,CABHE,"[34, 1867, 1799, 151645]",a5d342fb8f416cdc4815550e1385fc9c51f777a3abe6b90d16666100d214f5ff,91,70,21,150.2,76.026,4,26118473853,25884038532,234435321,26061339450,1363,9fe24cfc42d7b52dcbe5e4cd3eee7a12b586d2a61feddb531a3d83f0511eaf8a,229,56024,CERTIFIED_SLICE
h2-small-reuse64,qwen2.5-0.5b-instruct-fp16-v2,slice-versus-full-cache-v1,record-reuse,64,940193,confirmation,MEASUREMENT,attempt-42106cba8aa8443eb1245b2043b65235,candidate,1,1,r027,97d1a0ffe814888e0b953ccdbaebac51e9405046c416b2d26277c67210d2c04d,3,3,False,True,SUCCEEDED,True,CPPCX,CPPCX,"[15855, 65240, 151645]",e6b7e3603fa27d177458e29bb217a78584317c2eda0b324c2b213e4d25d4db90,91,70,21,150.173,49.165,3,27062306966,26851602161,210704805,27027888842,1363,61f323844c1168f27073c00e4eb22e2019f86ef3a0c1771499e0f125ddfb2867,229,55964,CERTIFIED_SLICE
h2-small-reuse64,qwen2.5-0.5b-instruct-fp16-v2,slice-versus-full-cache-v1,record-reuse,64,940193,confirmation,MEASUREMENT,attempt-42106cba8aa8443eb1245b2043b65235,candidate,1,1,r028,97d1a0ffe814888e0b953ccdbaebac51e9405046c416b2d26277c67210d2c04d,3,4,False,True,SUCCEEDED,True,CPONM,CPONM,"[7123, 711, 44, 151645]",e41e34a4a1fc980c0dc4479e187ba5b33aefa4fafea5257baaaca99a3b953205,92,70,22,166.605,73.671,4,27323144682,27072826290,250318392,27265968631,1363,d78062e969aa2e66921ac7b245aed3a0b533eb289224e8facac30c3c1cf97413,229,56425,CERTIFIED_SLICE
h2-small-reuse64,qwen2.5-0.5b-instruct-fp16-v2,slice-versus-full-cache-v1,record-reuse,64,940193,confirmation,MEASUREMENT,attempt-42106cba8aa8443eb1245b2043b65235,candidate,1,1,r029,97d1a0ffe814888e0b953ccdbaebac51e9405046c416b2d26277c67210d2c04d,3,5,False,True,SUCCEEDED,False,CJMAE,CAGWP,"[34, 1890, 25674, 151645]",5b8b3cf0e89808a1f3561271be3bf7212e7347bae1201fde06518fdabff6b23a,92,70,22,155.829,73.339,4,28110152349,27869652709,240499640,28045403534,1363,c9c02d29d7b755f4e81bafd32eb1b1587f5b4151b8b4971a8dae6a2caa2f5fa8,229,55293,CERTIFIED_SLICE
h2-small-reuse64,qwen2.5-0.5b-instruct-fp16-v2,slice-versus-full-cache-v1,record-reuse,64,940193,confirmation,MEASUREMENT,attempt-42106cba8aa8443eb1245b2043b65235,candidate,1,1,r030,97d1a0ffe814888e0b953ccdbaebac51e9405046c416b2d26277c67210d2c04d,3,6,False,True,SUCCEEDED,False,CCERZ,CABWK,"[34, 1867, 68316, 151645]",469ef4c838cf06ed37440eb63483529c3b30f823078a52e21d02dad98f15d411,90,70,20,146.376,73.037,4,29085241474,28858091122,227150352,29030562518,1363,982cff77b0eb67f0013d0c6392752d9935cee0e8a4309f2c4887145cfcc69ca8,229,54791,CERTIFIED_SLICE
h2-small-reuse64,qwen2.5-0.5b-instruct-fp16-v2,slice-versus-full-cache-v1,record-reuse,64,940193,confirmation,MEASUREMENT,attempt-42106cba8aa8443eb1245b2043b65235,candidate,1,1,r031,97d1a0ffe814888e0b953ccdbaebac51e9405046c416b2d26277c67210d2c04d,3,7,False,True,SUCCEEDED,False,CKLFH,CODIV,"[33791, 3090, 151645]",22d0b745805c7d135394de0199b6edcd5aea76723823036f6812e2ce77733155,90,70,20,146.418,49.045,3,30073069302,29866247018,206822284,30039455604,1363,97a47b0e3c30422bf0db0909d70f409c3e770799f837a5a0e75208bc19aa7fba,229,54611,CERTIFIED_SLICE
h2-small-reuse64,qwen2.5-0.5b-instruct-fp16-v2,slice-versus-full-cache-v1,record-reuse,64,940193,confirmation,MEASUREMENT,attempt-42106cba8aa8443eb1245b2043b65235,candidate,1,1,r032,49a4a6f3b0d4bdbce0372394528fcbda918e69727938772e103f943fa24f070f,4,0,True,True,SUCCEEDED,True,CQGEK,CQGEK,"[34, 48, 10777, 42, 151645]",a0ca87cfde77f369e71b583c38123c65d2f459d423d817caee72eb026b1079ea,93,70,23,162.504,98.212,5,30352003354,30084017824,267985530,30272762717,1363,7a3fb58260bb4b5f8149e35d06c681fee19ca0772a928a9efb73e0f4fe368ef0,229,57016,CERTIFIED_SLICE
h2-small-reuse64,qwen2.5-0.5b-instruct-fp16-v2,slice-versus-full-cache-v1,record-reuse,64,940193,confirmation,MEASUREMENT,attempt-42106cba8aa8443eb1245b2043b65235,candidate,1,1,r033,49a4a6f3b0d4bdbce0372394528fcbda918e69727938772e103f943fa24f070f,4,1,False,True,SUCCEEDED,True,COXCY,COXCY,"[8281, 55, 34525, 151645]",ea8d2708d51acd3f4ba9a5ace76eb59a5a992d9032ce319cb5279f65c571d8ff,92,70,22,155.937,73.494,4,31106058143,30869171874,236886269,31047444619,1363,73d69d0565aef5f583b4df19319ad6f54c25df6eef583668e94489ad46e96f40,229,55313,CERTIFIED_SLICE
h2-small-reuse64,qwen2.5-0.5b-instruct-fp16-v2,slice-versus-full-cache-v1,record-reuse,64,940193,confirmation,MEASUREMENT,attempt-42106cba8aa8443eb1245b2043b65235,candidate,1,1,r034,49a4a6f3b0d4bdbce0372394528fcbda918e69727938772e103f943fa24f070f,4,2,False,True,SUCCEEDED,True,CNZPJ,CNZPJ,"[28668, 57, 94235, 151645]",2c5e2afccb6cd06ac8d566516ae13b6548e5aef1bcd83e7c8fcc6a7711206fde,92,70,22,156.026,73.435,4,32118665598,31879373114,239292484,32062556081,1363,cd9ef14558486ae9e2112e824149cf504dc35d0aece3a9be7ca0944fc3b71752,229,55704,CERTIFIED_SLICE
h2-small-reuse64,qwen2.5-0.5b-instruct-fp16-v2,slice-versus-full-cache-v1,record-reuse,64,940193,confirmation,MEASUREMENT,attempt-42106cba8aa8443eb1245b2043b65235,candidate,1,1,r035,49a4a6f3b0d4bdbce0372394528fcbda918e69727938772e103f943fa24f070f,4,3,False,True,SUCCEEDED,True,CNRMH,CNRMH,"[28668, 23652, 39, 151645]",ecad464729ab2435d451d22a164f31fc2be1dc7f99df1882cbe8ff838be86fe5,92,71,21,150.289,73.327,4,33123401222,32888267783,235133439,33064898625,1363,8821bf87d529e85b53a0f7d7afff84f4f9d91ab91c9055cff944c00f4e15e96d,229,56124,CERTIFIED_SLICE
h2-small-reuse64,qwen2.5-0.5b-instruct-fp16-v2,slice-versus-full-cache-v1,record-reuse,64,940193,confirmation,MEASUREMENT,attempt-42106cba8aa8443eb1245b2043b65235,candidate,1,1,r036,49a4a6f3b0d4bdbce0372394528fcbda918e69727938772e103f943fa24f070f,4,4,False,True,SUCCEEDED,False,CAAOE,CDETZ,"[34, 83582, 57, 151645]",f645524eddf0fe6384e376ac54acd3037f84d49b7ee3f42922a00292509bdde7,92,70,22,155.798,73.354,4,34118088317,33878823414,239264903,34055488599,1363,87cc052937f1c1b0003dad480f5b45eb576f75195bc9814da7fd54a2f95b1303,229,54622,CERTIFIED_SLICE
h2-small-reuse64,qwen2.5-0.5b-instruct-fp16-v2,slice-versus-full-cache-v1,record-reuse,64,940193,confirmation,MEASUREMENT,attempt-42106cba8aa8443eb1245b2043b65235,candidate,1,1,r037,49a4a6f3b0d4bdbce0372394528fcbda918e69727938772e103f943fa24f070f,4,5,False,True,SUCCEEDED,True,CMGGO,CMGGO,"[9985, 38, 15513, 151645]",f56a9a2af80451aeeafbfc4ace52e454bd71d359194cf369ad0cc7540caa61d8,92,70,22,155.515,73.225,4,35128339680,34891740374,236599306,35074419755,1363,275f20c946c301dfa7a97aa74bc8f81aea20cef772dbbdd58b096e1eb9422a34,229,62145,CERTIFIED_SLICE
h2-small-reuse64,qwen2.5-0.5b-instruct-fp16-v2,slice-versus-full-cache-v1,record-reuse,64,940193,confirmation,MEASUREMENT,attempt-42106cba8aa8443eb1245b2043b65235,candidate,1,1,r038,49a4a6f3b0d4bdbce0372394528fcbda918e69727938772e103f943fa24f070f,4,6,False,True,SUCCEEDED,True,CSXDZ,CSXDZ,"[6412, 67677, 57, 151645]",c2a9a15861ee9e7b590796b17bf365eb5baf3661e26806652bb1223df4d5a3d4,92,70,22,155.922,73.239,4,36119407353,35882961022,236446331,36064624073,1363,638829f13883657ea9294f5df7f55f28383946757a5709e178c272e86015ed42,229,60974,CERTIFIED_SLICE
h2-small-reuse64,qwen2.5-0.5b-instruct-fp16-v2,slice-versus-full-cache-v1,record-reuse,64,940193,confirmation,MEASUREMENT,attempt-42106cba8aa8443eb1245b2043b65235,candidate,1,1,r039,49a4a6f3b0d4bdbce0372394528fcbda918e69727938772e103f943fa24f070f,4,7,False,True,SUCCEEDED,False,CHHOW,CECJA,"[34, 7498, 44180, 151645]",9a72bfa8caa66e169eaa0214a0a05d51fd4dfb476e974482934fac0ead3e95ab,91,70,21,150.96,73.219,4,37126022643,36891676679,234345964,37063621595,1363,f994c618870bce74dad858f98bc5e0338cbb82a90ddf7cac485db00fa3263d33,229,60292,CERTIFIED_SLICE
h2-small-reuse64,qwen2.5-0.5b-instruct-fp16-v2,slice-versus-full-cache-v1,record-reuse,64,940193,confirmation,MEASUREMENT,attempt-42106cba8aa8443eb1245b2043b65235,candidate,1,1,r040,773276865e31957cc099eb49a810711fa968e72b30adaee99ef888ec93469acd,5,0,True,True,SUCCEEDED,False,CLQQQ,CWOJW,"[34, 22681, 41, 54, 151645]",22ee9f05a36282d5f3b862ac067f530227114c5ee784f1e0930e8769f421fe88,94,71,23,162.514,97.732,5,38133576830,37866271535,267305295,38054486461,1363,6d6c301b30a09ed8afaf5b6a4086d1cfaa0f5901b1b62cb161f5d677d98c5391,229,58459,CERTIFIED_SLICE
h2-small-reuse64,qwen2.5-0.5b-instruct-fp16-v2,slice-versus-full-cache-v1,record-reuse,64,940193,confirmation,MEASUREMENT,attempt-42106cba8aa8443eb1245b2043b65235,candidate,1,1,r041,773276865e31957cc099eb49a810711fa968e72b30adaee99ef888ec93469acd,5,1,False,True,SUCCEEDED,False,CZWNE,CNYMH,"[34, 23054, 48202, 151645]",d4d134b44f2bbcb23a1fe5e9c40bc71d97778e7e339c8c1b7febaa039e047262,92,71,21,154.235,77.458,4,39115115230,38875956965,239158265,39057295051,1363,34e7fe9a540b5644c477e20c525f4597a726130c8552df56c0711ed72651b1c4,229,59220,CERTIFIED_SLICE
h2-small-reuse64,qwen2.5-0.5b-instruct-fp16-v2,slice-versus-full-cache-v1,record-reuse,64,940193,confirmation,MEASUREMENT,attempt-42106cba8aa8443eb1245b2043b65235,candidate,1,1,r042,773276865e31957cc099eb49a810711fa968e72b30adaee99ef888ec93469acd,5,2,False,True,SUCCEEDED,False,CGOYW,CFGNB,"[29075, 33342, 151645]",7770d5bba8cae5827dcb32e1bdfa96294c63b2530550953cb3da8df3671be642,90,70,20,147.235,49.228,3,40077872750,39874251579,203621171,40038765225,1363,7e0977fd346a4000623197b1645e31424e701b67a728cadb5dae358e78ec2d4d,229,56234,CERTIFIED_SLICE
h2-small-reuse64,qwen2.5-0.5b-instruct-fp16-v2,slice-versus-full-cache-v1,record-reuse,64,940193,confirmation,MEASUREMENT,attempt-42106cba8aa8443eb1245b2043b65235,candidate,1,1,r043,773276865e31957cc099eb49a810711fa968e72b30adaee99ef888ec93469acd,5,3,False,True,SUCCEEDED,True,CJPRD,CJPRD,"[34, 41, 6480, 35, 151645]",bb8cc073dc8000ff685c98b563fca1f6f82ef6229fe2dcf13660d99b4958ef38,92,70,22,157.386,98.9,5,40346185458,40082725505,263459953,40267527885,1363,a9b0322ad26ed1748a96ce6a3093d37bc23ecda2913ba6b07060da51cc0a76e0,229,59501,CERTIFIED_SLICE
h2-small-reuse64,qwen2.5-0.5b-instruct-fp16-v2,slice-versus-full-cache-v1,record-reuse,64,940193,confirmation,MEASUREMENT,attempt-42106cba8aa8443eb1245b2043b65235,candidate,1,1,r044,773276865e31957cc099eb49a810711fa968e72b30adaee99ef888ec93469acd,5,4,False,True,SUCCEEDED,False,CYHGX,CYPCT,"[34, 9954, 1162, 151645]",d6030d95bb2d869f4bd67d9840c3ecda54efcc523fad773cd301152eb81c2b35,92,70,22,156.29,73.426,4,41154033315,40912896711,241136604,41095294498,1363,d557d61364b39dadb8fe042ad77d2746e60cac7ca903d4508ceb52d8391adb6c,229,59080,CERTIFIED_SLICE
h2-small-reuse64,qwen2.5-0.5b-instruct-fp16-v2,slice-versus-full-cache-v1,record-reuse,64,940193,confirmation,MEASUREMENT,attempt-42106cba8aa8443eb1245b2043b65235,candidate,1,1,r045,773276865e31957cc099eb49a810711fa968e72b30adaee99ef888ec93469acd,5,5,False,True,SUCCEEDED,False,CCCRT,CSSZV,"[33658, 57, 53, 151645]",be1308f944f3c6a7b5b75b1093447eeaa0c67c55e84774e79827a492fe97196e,91,70,21,150.526,73.209,4,42152311710,41921153755,231157955,42098024061,1363,77b065e7a8d6781558ca1b80305160f8f58efe293a0aa1b30f2bba972a6a010b,229,55744,CERTIFIED_SLICE
h2-small-reuse64,qwen2.5-0.5b-instruct-fp16-v2,slice-versus-full-cache-v1,record-reuse,64,940193,confirmation,MEASUREMENT,attempt-42106cba8aa8443eb1245b2043b65235,candidate,1,1,r046,773276865e31957cc099eb49a810711fa968e72b30adaee99ef888ec93469acd,5,6,False,True,SUCCEEDED,False,CGDPU,CCEXU,"[34, 2104, 55, 52, 151645]",8819b5de398c1a293471d90aa52e3ffa3748a240649ac8b8fa92745303027302,94,70,24,166.77,97.74,5,43190864068,42919011987,271852081,43112126697,1363,b79f5bb6944d0f7536c260bd0b5728e0ffd7513e4f94a923a838199675e27854,229,55784,CERTIFIED_SLICE
h2-small-reuse64,qwen2.5-0.5b-instruct-fp16-v2,slice-versus-full-cache-v1,record-reuse,64,940193,confirmation,MEASUREMENT,attempt-42106cba8aa8443eb1245b2043b65235,candidate,1,1,r047,773276865e31957cc099eb49a810711fa968e72b30adaee99ef888ec93469acd,5,7,False,True,SUCCEEDED,True,CCDDK,CCDDK,"[3706, 4103, 42, 151645]",6f07fe059b9c73a42484222c12ba6a0a9bd006aca787aa11178191ea13f1ddd1,92,70,22,156.179,73.591,4,44162842388,43925762469,237079919,44108978608,1363,c2d629d74b15452c7eceed3445880c04bf667e6f619c10ac15a0613939210004,229,56144,CERTIFIED_SLICE
h2-small-reuse64,qwen2.5-0.5b-instruct-fp16-v2,slice-versus-full-cache-v1,record-reuse,64,940193,confirmation,MEASUREMENT,attempt-42106cba8aa8443eb1245b2043b65235,candidate,1,1,r048,992b8f50c056aa6a827fa2aa6f814f155d868289b32bd4fd8e6818079b3f6d50,6,0,True,True,SUCCEEDED,False,COXKF,COWBM,"[34, 3307, 28942, 151645]",00b1b3e95a54dbda391165531eacddb812dc94ddce192b00bd0a953cd0507962,92,70,22,155.851,73.291,4,45160760653,44924323639,236437014,45107012167,1363,bd92af347a0f075293b93e801cd156f0bc241944fbf7b483e352f10b8c3c590b,229,56885,CERTIFIED_SLICE
h2-small-reuse64,qwen2.5-0.5b-instruct-fp16-v2,slice-versus-full-cache-v1,record-reuse,64,940193,confirmation,MEASUREMENT,attempt-42106cba8aa8443eb1245b2043b65235,candidate,1,1,r049,992b8f50c056aa6a827fa2aa6f814f155d868289b32bd4fd8e6818079b3f6d50,6,1,False,True,SUCCEEDED,False,CTMAF,CHDXI,"[2149, 16591, 40, 151645]",5383bca881bd420fa93cfcafa22348a3f71a572e1457aa20989e5d60d43b2895,92,70,22,158.185,73.533,4,46154538998,45914974367,239564631,46098241511,1363,dbca10b0c99a47943aa123e2ef363ca9d27eaf313c2a13fd16208782454e2482,229,57888,CERTIFIED_SLICE
h2-small-reuse64,qwen2.5-0.5b-instruct-fp16-v2,slice-versus-full-cache-v1,record-reuse,64,940193,confirmation,MEASUREMENT,attempt-42106cba8aa8443eb1245b2043b65235,candidate,1,1,r050,992b8f50c056aa6a827fa2aa6f814f155d868289b32bd4fd8e6818079b3f6d50,6,2,False,True,SUCCEEDED,True,CFCXF,CFCXF,"[34, 6754, 66138, 151645]",45e4c4ec7e385dd7d6658b39125963118a1a2824c0ecd49b290877593e93d0f9,92,70,22,156.132,73.554,4,47188634849,46949847223,238787626,47127516296,1363,174f7cda837b9ec20a52be7a9acbd678b2a8bafa8f23b5452fdebac451961e63,229,58369,CERTIFIED_SLICE
h2-small-reuse64,qwen2.5-0.5b-instruct-fp16-v2,slice-versus-full-cache-v1,record-reuse,64,940193,confirmation,MEASUREMENT,attempt-42106cba8aa8443eb1245b2043b65235,candidate,1,1,r051,992b8f50c056aa6a827fa2aa6f814f155d868289b32bd4fd8e6818079b3f6d50,6,3,False,True,SUCCEEDED,False,CGVBG,CATDW,"[28196, 54219, 151645]",5bb6028083d67fc59732997ee2fce586df7907464cfe83a2d38ecbb7f0a386b1,90,70,20,146.434,48.91,3,48143119903,47936265660,206854243,48108967133,1363,9bb979c2df075b645c264a15c797b64a577d44c115843d13f8213cdaf8e8f018,229,56785,CERTIFIED_SLICE
h2-small-reuse64,qwen2.5-0.5b-instruct-fp16-v2,slice-versus-full-cache-v1,record-reuse,64,940193,confirmation,MEASUREMENT,attempt-42106cba8aa8443eb1245b2043b65235,candidate,1,1,r052,992b8f50c056aa6a827fa2aa6f814f155d868289b32bd4fd8e6818079b3f6d50,6,4,False,True,SUCCEEDED,False,CRPWL,VALUE CRPWL,"[23832, 12617, 47, 61139, 151645]",c6cc6ee2708769faff26a62bbe67d5c8c758019977825150077917f2f69daf20,90,70,20,146.508,97.572,5,49178292947,48926830327,251462620,49100225140,1363,73a4479b9484a60ddc652337cfcf273623ca06c3aa388d6fbbff3b303b84c546,229,58279,CERTIFIED_SLICE
h2-small-reuse64,qwen2.5-0.5b-instruct-fp16-v2,slice-versus-full-cache-v1,record-reuse,64,940193,confirmation,MEASUREMENT,attempt-42106cba8aa8443eb1245b2043b65235,candidate,1,1,r053,992b8f50c056aa6a827fa2aa6f814f155d868289b32bd4fd8e6818079b3f6d50,6,5,False,True,SUCCEEDED,True,CVVWU,CVVWU,"[19589, 53, 54, 52, 151645]",c116c48dd7ef905ae090259f2704989831f15cb59e688a1ae6ddd38ea79239af,93,70,23,162.304,98.559,5,50187455515,49917154388,270301127,50106775720,1363,5edcfd93fe967276d5b7a4525de3cde3e400b61c4089d3a5d88716c53508f37f,229,65412,CERTIFIED_SLICE
h2-small-reuse64,qwen2.5-0.5b-instruct-fp16-v2,slice-versus-full-cache-v1,record-reuse,64,940193,confirmation,MEASUREMENT,attempt-42106cba8aa8443eb1245b2043b65235,candidate,1,1,r054,992b8f50c056aa6a827fa2aa6f814f155d868289b32bd4fd8e6818079b3f6d50,6,6,False,True,SUCCEEDED,True,CBJNP,CBJNP,"[34, 14978, 26227, 151645]",84fbb708a1881ddac0d536de74895a7e662f8fb4d56ec2bfb041014e1c87bee3,92,70,22,156.215,73.171,4,51143014366,50905735897,237278469,51081089293,1363,8433964269b39cbe79d7e163b2b8e15356e58001949a6f2e85bb22858cdc6ebe,229,63268,CERTIFIED_SLICE
h2-small-reuse64,qwen2.5-0.5b-instruct-fp16-v2,slice-versus-full-cache-v1,record-reuse,64,940193,confirmation,MEASUREMENT,attempt-42106cba8aa8443eb1245b2043b65235,candidate,1,1,r055,992b8f50c056aa6a827fa2aa6f814f155d868289b32bd4fd8e6818079b3f6d50,6,7,False,True,SUCCEEDED,False,CLCRU,CUNFN,"[34, 1861, 41604, 151645]",54a860dcbafd8107b71db5470dd2d73865bfda0cb677acfb07445fcbf02de3e0,92,70,22,156.127,73.277,4,52135151178,51897975139,237176039,52071328024,1363,5acee67e1bbb4a86e826d2c6ce847caef0eea5c0df09c8f756c0152656ff1b23,229,59451,CERTIFIED_SLICE
h2-small-reuse64,qwen2.5-0.5b-instruct-fp16-v2,slice-versus-full-cache-v1,record-reuse,64,940193,confirmation,MEASUREMENT,attempt-42106cba8aa8443eb1245b2043b65235,candidate,1,1,r056,c346add73791c5b9734afc4d2569a121216762d04195e1c3f89771846d7152aa,7,0,True,True,SUCCEEDED,False,CQLAN,CWFNB,"[34, 32131, 33342, 151645]",ba5a15b04d983d23e280405f7f3737646d408cef2be1124dae814dbf7582fa6f,92,71,21,151.246,73.54,4,52377947128,52142263636,235683492,52309929213,1363,fa4e3d121050546b2226fd1d97b727919d94367491d2a2adb78e1078c6487be5,229,59802,CERTIFIED_SLICE
h2-small-reuse64,qwen2.5-0.5b-instruct-fp16-v2,slice-versus-full-cache-v1,record-reuse,64,940193,confirmation,MEASUREMENT,attempt-42106cba8aa8443eb1245b2043b65235,candidate,1,1,r057,c346add73791c5b9734afc4d2569a121216762d04195e1c3f89771846d7152aa,7,1,False,True,SUCCEEDED,True,CRLOM,CRLOM,"[8973, 1593, 44, 151645]",22cec77defb3742ad4e033d55a399bae71ad4366f4bd4c03d01f55f081f3de84,92,71,21,150.484,73.293,4,53174266915,52939593741,234673174,53117056230,1363,4200f5343f353f4035d494d44e5ff365175e1d12670ff6980977254c3ed6ccb0,229,58960,CERTIFIED_SLICE
h2-small-reuse64,qwen2.5-0.5b-instruct-fp16-v2,slice-versus-full-cache-v1,record-reuse,64,940193,confirmation,MEASUREMENT,attempt-42106cba8aa8443eb1245b2043b65235,candidate,1,1,r058,c346add73791c5b9734afc4d2569a121216762d04195e1c3f89771846d7152aa,7,2,False,True,SUCCEEDED,False,CUJOE,CLOXX,"[34, 1593, 6148, 151645]",f0bd951998f8171e2b99e3fe8ac5f9ae4c5eebe7687bd1804ecdd4b65ad51f6a,92,71,21,150.244,73.266,4,54178653319,53943168877,235484442,54119182781,1363,4e27c5ed7fef81f3696e90ba539f4311857b068cd0014211ddc996638489ef92,229,61645,CERTIFIED_SLICE
h2-small-reuse64,qwen2.5-0.5b-instruct-fp16-v2,slice-versus-full-cache-v1,record-reuse,64,940193,confirmation,MEASUREMENT,attempt-42106cba8aa8443eb1245b2043b65235,candidate,1,1,r059,c346add73791c5b9734afc4d2569a121216762d04195e1c3f89771846d7152aa,7,3,False,True,SUCCEEDED,True,CSBES,CSBES,"[6412, 33, 1570, 151645]",542bf4e3f1e18f508603b8b9d597e4104fd89d9f26c891c803f26653d6537efe,92,70,22,156.136,73.247,4,55181925191,54945035696,236889495,55117848877,1363,ad02b5db5ccdac8f3cc7bcbbcdd907708ed81839ba599bb271888b2aa45406bd,229,56966,CERTIFIED_SLICE
h2-small-reuse64,qwen2.5-0.5b-instruct-fp16-v2,slice-versus-full-cache-v1,record-reuse,64,940193,confirmation,MEASUREMENT,attempt-42106cba8aa8443eb1245b2043b65235,candidate,1,1,r060,c346add73791c5b9734afc4d2569a121216762d04195e1c3f89771846d7152aa,7,4,False,True,SUCCEEDED,False,CIWAV,CHSSV,"[2149, 1220, 53, 151645]",d52ecfbe0728dc64580a24a4003ce6f52a28ac6b3205b6c3368177aafb00a42d,92,70,22,156.288,74.115,4,56169986713,55932185983,237800730,56104709956,1363,04ead0a2764a43e2f7d1ee21569adeae0177be540f0a317924539be5db014fbf,229,57146,CERTIFIED_SLICE
h2-small-reuse64,qwen2.5-0.5b-instruct-fp16-v2,slice-versus-full-cache-v1,record-reuse,64,940193,confirmation,MEASUREMENT,attempt-42106cba8aa8443eb1245b2043b65235,candidate,1,1,r061,c346add73791c5b9734afc4d2569a121216762d04195e1c3f89771846d7152aa,7,5,False,True,SUCCEEDED,True,CQIGM,CQIGM,"[34, 48, 1914, 44, 151645]",8090117a3848771da09e01c5860b9ef20272e06191529029f23600107f4d5239,95,70,25,175.808,101.999,5,57211845271,56922979346,288865925,57125735488,1363,cf885e143869e8bd2e52fa0579cb652c6d3998235f38786a89d7ac6acadae4b7,229,62026,CERTIFIED_SLICE
h2-small-reuse64,qwen2.5-0.5b-instruct-fp16-v2,slice-versus-full-cache-v1,record-reuse,64,940193,confirmation,MEASUREMENT,attempt-42106cba8aa8443eb1245b2043b65235,candidate,1,1,r062,c346add73791c5b9734afc4d2569a121216762d04195e1c3f89771846d7152aa,7,6,False,True,SUCCEEDED,True,CZRMU,CZRMU,"[34, 57, 23652, 52, 151645]",5f15aa7a1cf85a297a29c9f10c0768b61d50ce1edd79986450e39ee59a5dfae0,92,70,22,155.768,97.809,5,58211933973,57950910000,261023973,58123177907,1363,7147f53b20d6c346865862de6c78f4627bb2c07a30ecf0436ff5d703d9d633ad,229,56645,CERTIFIED_SLICE
h2-small-reuse64,qwen2.5-0.5b-instruct-fp16-v2,slice-versus-full-cache-v1,record-reuse,64,940193,confirmation,MEASUREMENT,attempt-42106cba8aa8443eb1245b2043b65235,candidate,1,1,r063,c346add73791c5b9734afc4d2569a121216762d04195e1c3f89771846d7152aa,7,7,False,True,SUCCEEDED,True,CHLIV,CHLIV,"[2149, 43, 3090, 151645]",53b6f59929a1edef31d6c916c055c4720fec7d3a047e18e3bcbf7431c480dea5,92,70,22,155.893,73.257,4,59194307556,58956123713,238183843,59133076584,1363,afc9e053cae1beac91df39de8181d6e5c3dfe92cc773a5cfa89ae61f8fd20b33,229,55523,CERTIFIED_SLICE
h2-small-reuse64,qwen2.5-0.5b-instruct-fp16-v2,slice-versus-full-cache-v1,record-reuse,64,940193,confirmation,MEASUREMENT,attempt-42106cba8aa8443eb1245b2043b65235,candidate,1,1,r064,32073d2604158d4d79867d3e59c604cc04b768c12c2de3ef7ace418367fb2948,8,0,True,True,SUCCEEDED,False,CVAHW,CAUJL,"[5049, 52, 41, 43, 151645]",8f5796066a7be019e4c808e1a3340b64454ca37658f9618314b945212376f64f,94,70,24,166.935,97.572,5,60227993664,59956282405,271711259,60139805635,1363,dbe67cec40f0875db7ffaf6870fb47011cc63558845539c1590e8fe85f04765a,229,55924,CERTIFIED_SLICE
h2-small-reuse64,qwen2.5-0.5b-instruct-fp16-v2,slice-versus-full-cache-v1,record-reuse,64,940193,confirmation,MEASUREMENT,attempt-42106cba8aa8443eb1245b2043b65235,candidate,1,1,r065,32073d2604158d4d79867d3e59c604cc04b768c12c2de3ef7ace418367fb2948,8,1,False,True,SUCCEEDED,False,CQOES,CHMTD,"[2149, 8505, 35, 151645]",99c79d536cb5cff03a424c1fbc073a5b2a8491363c02c4934483b7630adc9834,93,70,23,161.889,73.273,4,61176721531,60935394693,241326838,61112366849,1363,f1ecc83767d3a92c7089cf4f8622c6815cbdcf99ce889127a6343d244ea66baf,229,55674,CERTIFIED_SLICE
h2-small-reuse64,qwen2.5-0.5b-instruct-fp16-v2,slice-versus-full-cache-v1,record-reuse,64,940193,confirmation,MEASUREMENT,attempt-42106cba8aa8443eb1245b2043b65235,candidate,1,1,r066,32073d2604158d4d79867d3e59c604cc04b768c12c2de3ef7ace418367fb2948,8,2,False,True,SUCCEEDED,False,CTJNK,CBEID,"[34, 11594, 915, 151645]",31001f9d1397e8115e4d6bd70ed83ad2c102138e0e7104b2f2dc20b9c8010bd9,92,70,22,155.697,73.2,4,62179739420,61943050588,236688832,62108389168,1363,889dfa74f2c891beb0319c8743612554d8c476e7197bd1e038dccfe94df03ac0,229,57587,CERTIFIED_SLICE
h2-small-reuse64,qwen2.5-0.5b-instruct-fp16-v2,slice-versus-full-cache-v1,record-reuse,64,940193,confirmation,MEASUREMENT,attempt-42106cba8aa8443eb1245b2043b65235,candidate,1,1,r067,32073d2604158d4d79867d3e59c604cc04b768c12c2de3ef7ace418367fb2948,8,3,False,True,SUCCEEDED,False,CYQWZ,CBUAV,"[34, 14928, 8093, 151645]",9e63c1b9b678919bdcc977c4494ad37f7dd0dd48fae839876e965aa9e1e5dbe6,93,71,22,156.027,73.154,4,63176543302,62941394685,235148617,63112345362,1363,3e290fa345bc3700804a22ec03dfb37af412d8e0161b71ed54cb3bd2b9376b73,229,55874,CERTIFIED_SLICE
h2-small-reuse64,qwen2.5-0.5b-instruct-fp16-v2,slice-versus-full-cache-v1,record-reuse,64,940193,confirmation,MEASUREMENT,attempt-42106cba8aa8443eb1245b2043b65235,candidate,1,1,r068,32073d2604158d4d79867d3e59c604cc04b768c12c2de3ef7ace418367fb2948,8,4,False,True,SUCCEEDED,False,CQGVR,CZTSW,"[34, 57, 9951, 54, 151645]",bd4386fd5b29c631b636530af247bc60c2d0abef9a6ba19a193902cca0725a22,93,70,23,162.022,97.404,5,64209059305,63943559458,265499847,64120276650,1363,526c83d748fbfbe9a83de9f4e528ea2e35f08de4fac7d385c1c23710d385d7f3,229,57246,CERTIFIED_SLICE
h2-small-reuse64,qwen2.5-0.5b-instruct-fp16-v2,slice-versus-full-cache-v1,record-reuse,64,940193,confirmation,MEASUREMENT,attempt-42106cba8aa8443eb1245b2043b65235,candidate,1,1,r069,32073d2604158d4d79867d3e59c604cc04b768c12c2de3ef7ace418367fb2948,8,5,False,True,SUCCEEDED,False,CDGKX,VALUE CKONH,"[23832, 30066, 711, 39, 151645]",6646cfa727fa3f3c515bb297467a7c1889ee9d8c78ec50218c7f58ba94e4ebe7,93,70,23,161.834,97.622,5,65212682201,64947161915,265520286,65124461902,1363,5300cd192473ad81449777480a4aa43662b849e49c637507b0a0ed3afa8b1f7b,229,58649,CERTIFIED_SLICE
h2-small-reuse64,qwen2.5-0.5b-instruct-fp16-v2,slice-versus-full-cache-v1,record-reuse,64,940193,confirmation,MEASUREMENT,attempt-42106cba8aa8443eb1245b2043b65235,candidate,1,1,r070,32073d2604158d4d79867d3e59c604cc04b768c12c2de3ef7ace418367fb2948,8,6,False,True,SUCCEEDED,True,CIZOB,CIZOB,"[34, 2843, 20608, 151645]",58de26757f2efe022418b418a921513f7c5cc6b9d6c51e792f0e87e7e0954206,92,70,22,156.055,73.493,4,66183008428,65945621097,237387331,66116332469,1363,97c5ff064f82088fd1fe3b7e3ea8b4c646aac60ead154d40e8e7741c362fd488,229,60192,CERTIFIED_SLICE
h2-small-reuse64,qwen2.5-0.5b-instruct-fp16-v2,slice-versus-full-cache-v1,record-reuse,64,940193,confirmation,MEASUREMENT,attempt-42106cba8aa8443eb1245b2043b65235,candidate,1,1,r071,32073d2604158d4d79867d3e59c604cc04b768c12c2de3ef7ace418367fb2948,8,7,False,True,SUCCEEDED,False,CMCQX,CTGPU,"[1162, 49891, 151645]",e8d1965d6a42e1ee199a0741d66986a609e3253ce80a189749a1eccdbeeadc9b,91,70,21,150.239,48.862,3,67158727916,66953451878,205276038,67118294034,1363,744e758869745269dcd73d61096833bbe346f3490014da1a2a0c926a1a738055,229,58229,CERTIFIED_SLICE
h2-small-reuse64,qwen2.5-0.5b-instruct-fp16-v2,slice-versus-full-cache-v1,record-reuse,64,940193,confirmation,MEASUREMENT,attempt-42106cba8aa8443eb1245b2043b65235,candidate,1,1,r072,d7390d56000586c3cb3667baaf8333af3ecc3cb46e395fd50bf81c7ac8d0e8f2,9,0,True,True,SUCCEEDED,False,CCTTS,CTZHK,"[1162, 57, 57447, 151645]",db0ff381716680da1c951f2e0c4eabba6fb9e99bd06b39d3cbdc77fb391a3080,91,71,20,147.062,73.274,4,67392898805,67166578387,226320418,67328387071,1363,ef5c8c53a0d89373adc333817835b894d3208b4f0cbed56550d013ba7266bcd2,229,61594,CERTIFIED_SLICE
h2-small-reuse64,qwen2.5-0.5b-instruct-fp16-v2,slice-versus-full-cache-v1,record-reuse,64,940193,confirmation,MEASUREMENT,attempt-42106cba8aa8443eb1245b2043b65235,candidate,1,1,r073,d7390d56000586c3cb3667baaf8333af3ecc3cb46e395fd50bf81c7ac8d0e8f2,9,1,False,True,SUCCEEDED,True,CGEMH,CGEMH,"[8798, 2716, 39, 151645]",c734594dd9601d3f37c28c81153bd7d722cb638b11098440bf9d250ec5a69d0c,92,70,22,155.861,73.354,4,68202479725,67966983231,235496494,68130287817,1363,fee7aad2787a75625193910856c2c06da32f69a6fe238643cf0151cd986a78aa,229,61375,CERTIFIED_SLICE
h2-small-reuse64,qwen2.5-0.5b-instruct-fp16-v2,slice-versus-full-cache-v1,record-reuse,64,940193,confirmation,MEASUREMENT,attempt-42106cba8aa8443eb1245b2043b65235,candidate,1,1,r074,d7390d56000586c3cb3667baaf8333af3ecc3cb46e395fd50bf81c7ac8d0e8f2,9,2,False,True,SUCCEEDED,True,CPVJH,CPVJH,"[7123, 53, 41, 39, 151645]",282e77ec2e1a8309f998209b0a0c45ea93fd28c4bc9c3fcab82e54820f302e87,93,71,22,155.942,97.692,5,69218013693,68958163123,259850570,69129425660,1363,76644d638807397e46ea8aa9be14ca0671ff8b21864d94538622dbe6349134e7,229,59109,CERTIFIED_SLICE
h2-small-reuse64,qwen2.5-0.5b-instruct-fp16-v2,slice-versus-full-cache-v1,record-reuse,64,940193,confirmation,MEASUREMENT,attempt-42106cba8aa8443eb1245b2043b65235,candidate,1,1,r075,d7390d56000586c3cb3667baaf8333af3ecc3cb46e395fd50bf81c7ac8d0e8f2,9,3,False,True,SUCCEEDED,True,CVOGL,CVOGL,"[34, 11169, 3825, 151645]",ceeb2cf0fd7bb7ff751d1529e0002035574c4bc2176f2786378f0ee70514aa7a,92,70,22,155.825,73.073,4,70199964490,69965092156,234872334,70129435545,1363,b606a5ffb164711bcf26ead5b4cf6b76462a9d8fa219b275290f9438959e6a6a,229,58048,CERTIFIED_SLICE
h2-small-reuse64,qwen2.5-0.5b-instruct-fp16-v2,slice-versus-full-cache-v1,record-reuse,64,940193,confirmation,MEASUREMENT,attempt-42106cba8aa8443eb1245b2043b65235,candidate,1,1,r076,d7390d56000586c3cb3667baaf8333af3ecc3cb46e395fd50bf81c7ac8d0e8f2,9,4,False,True,SUCCEEDED,True,CPEPD,CPEPD,"[34, 1740, 23025, 151645]",88439ee6ddece63752153c430b11dde632253120ae4951c015cf64100fbcb52e,92,70,22,155.998,73.169,4,71195992279,70960680868,235311411,71131417788,1363,5bd8e022a681c4e782eb802c7ad8122ac37363515fb1e6c9f2736f4b1e36508b,229,57698,CERTIFIED_SLICE
h2-small-reuse64,qwen2.5-0.5b-instruct-fp16-v2,slice-versus-full-cache-v1,record-reuse,64,940193,confirmation,MEASUREMENT,attempt-42106cba8aa8443eb1245b2043b65235,candidate,1,1,r077,d7390d56000586c3cb3667baaf8333af3ecc3cb46e395fd50bf81c7ac8d0e8f2,9,5,False,True,SUCCEEDED,False,COJFF,COFFEE,"[8281, 1748, 7099, 151645]",d748adab0cfc997af106bbf3063b5791f12f06926d242d7fce2bbb15c1770ebb,92,70,22,155.888,73.236,4,72196581952,71961501321,235080631,72132442039,1363,d0003ea4634a1d1796964ca939ac5d6044c0ec00d3dfcc4682359a734c4d606b,229,57016,CERTIFIED_SLICE
h2-small-reuse64,qwen2.5-0.5b-instruct-fp16-v2,slice-versus-full-cache-v1,record-reuse,64,940193,confirmation,MEASUREMENT,attempt-42106cba8aa8443eb1245b2043b65235,candidate,1,1,r078,d7390d56000586c3cb3667baaf8333af3ecc3cb46e395fd50bf81c7ac8d0e8f2,9,6,False,True,SUCCEEDED,True,CERRF,CERRF,"[34, 2650, 37, 151645]",2207709d45bbcbb8049f76d7ec4f0a0f19f38877f62026d66a5ec3d361207383,92,70,22,155.6,73.095,4,73201188766,72966533406,234655360,73137257372,1363,08c0bed7d1ef4202abb75a6ce6d1827877bfccd8a87f24d645a9edc5cc7173a8,229,57757,CERTIFIED_SLICE
h2-small-reuse64,qwen2.5-0.5b-instruct-fp16-v2,slice-versus-full-cache-v1,record-reuse,64,940193,confirmation,MEASUREMENT,attempt-42106cba8aa8443eb1245b2043b65235,candidate,1,1,r079,d7390d56000586c3cb3667baaf8333af3ecc3cb46e395fd50bf81c7ac8d0e8f2,9,7,False,True,SUCCEEDED,True,CHVGJ,CHVGJ,"[2149, 46641, 41, 151645]",3d9a8a5bdfff886902a53cbf140a466742d0d5cc436c0f4ffde54d61ae5dc7df,90,70,20,146.439,73.155,4,74198406438,73972681016,225725422,74134326297,1363,3c55fe61a091e193be1de0d18ac839843ebe5011d633e7a0ddc5e7bd164eec1f,229,62747,CERTIFIED_SLICE
h2-small-reuse64,qwen2.5-0.5b-instruct-fp16-v2,slice-versus-full-cache-v1,record-reuse,64,940193,confirmation,MEASUREMENT,attempt-42106cba8aa8443eb1245b2043b65235,candidate,1,1,r080,bc708ad77692546142999282f7852c06f1f763a4af482caa555ec2bf3782b6bd,10,0,True,True,SUCCEEDED,False,CMMFV,CHVJA,"[2149, 53, 44180, 151645]",bdf9d21e2a01a9cc20584c9cea689ef577f9ff8da9f0e45dd84b7ba590af98f3,93,70,23,162.183,73.15,4,75212956325,74971434655,241521670,75148259818,1363,0b402c4497fdd7cfda29745b59679d53026a8285bef9aca56348ab9551539cba,229,59170,CERTIFIED_SLICE
h2-small-reuse64,qwen2.5-0.5b-instruct-fp16-v2,slice-versus-full-cache-v1,record-reuse,64,940193,confirmation,MEASUREMENT,attempt-42106cba8aa8443eb1245b2043b65235,candidate,1,1,r081,bc708ad77692546142999282f7852c06f1f763a4af482caa555ec2bf3782b6bd,10,1,False,True,SUCCEEDED,False,CWNQT,CNCBT,"[34, 9949, 17602, 151645]",e5cd526c462c0f6ea37e5ad91fc8898458269f5cf0ea50c67243c05d17aae5cc,90,70,20,146.123,73.012,4,76197248577,75972135625,225112952,76133380611,1363,f641edb2768b1c4aaeb6541564bf6d5257c982ed6df0a9b859c20d23220a85ea,229,76101,CERTIFIED_SLICE
h2-small-reuse64,qwen2.5-0.5b-instruct-fp16-v2,slice-versus-full-cache-v1,record-reuse,64,940193,confirmation,MEASUREMENT,attempt-42106cba8aa8443eb1245b2043b65235,candidate,1,1,r082,bc708ad77692546142999282f7852c06f1f763a4af482caa555ec2bf3782b6bd,10,2,False,True,SUCCEEDED,True,CTSMV,CTSMV,"[1162, 9501, 53, 151645]",64163173c974e268c0c22ebcfc619268297b1bd27d1d6730690898f02559983b,92,70,22,155.874,73.278,4,77201377643,76966091380,235286263,77132495641,1363,725f845587d4b37f1c423a18b6dd9e7244275bc17d88f68f1a4a0cebfc79de3f,229,57226,CERTIFIED_SLICE
h2-small-reuse64,qwen2.5-0.5b-instruct-fp16-v2,slice-versus-full-cache-v1,record-reuse,64,940193,confirmation,MEASUREMENT,attempt-42106cba8aa8443eb1245b2043b65235,candidate,1,1,r083,bc708ad77692546142999282f7852c06f1f763a4af482caa555ec2bf3782b6bd,10,3,False,True,SUCCEEDED,False,CKVJA,VALUE CUAFJ CKVJA,"[23832, 40743, 8276, 41, 30066, 53, 44180, 151645]",200069ed18555adedf50c2d1cdb78ee2e19fa0805d16545585802b25aa4a764c,92,70,22,155.948,170.419,8,78303513730,77971333045,332180685,78142024851,1363,0c2876828bdb445931e114059f656128f07e6c0d84b6fb335ad692e0d30a689e,229,58639,CERTIFIED_SLICE
h2-small-reuse64,qwen2.5-0.5b-instruct-fp16-v2,slice-versus-full-cache-v1,record-reuse,64,940193,confirmation,MEASUREMENT,attempt-42106cba8aa8443eb1245b2043b65235,candidate,1,1,r084,bc708ad77692546142999282f7852c06f1f763a4af482caa555ec2bf3782b6bd,10,4,False,True,SUCCEEDED,False,CWVTE,CVHAQ,"[19589, 17020, 48, 151645]",592cd539a367ffc15061a80671d00298716bbf2eafb397b2f5075661f8ad7d9f,92,70,22,156.375,72.964,4,79228420713,78993017612,235403101,79164250424,1363,1ca6c495a4ef0eac832736a92cd61f4f6d8393155edd209c45be40be7eb34447,229,59852,CERTIFIED_SLICE
h2-small-reuse64,qwen2.5-0.5b-instruct-fp16-v2,slice-versus-full-cache-v1,record-reuse,64,940193,confirmation,MEASUREMENT,attempt-42106cba8aa8443eb1245b2043b65235,candidate,1,1,r085,bc708ad77692546142999282f7852c06f1f763a4af482caa555ec2bf3782b6bd,10,5,False,True,SUCCEEDED,False,CKEER,CIIZV,"[11237, 2843, 53, 151645]",fbd3421789497734bd80783eae84c2405196ebfb5be1ff6daa116f7deacda0a8,92,70,22,157.677,75.373,4,80237102586,79998174139,238928447,80165350787,1363,6ae63bfe9650d236396242ddcc6b863311f57bd29873dec235ea57397a999f4c,229,60793,CERTIFIED_SLICE
h2-small-reuse64,qwen2.5-0.5b-instruct-fp16-v2,slice-versus-full-cache-v1,record-reuse,64,940193,confirmation,MEASUREMENT,attempt-42106cba8aa8443eb1245b2043b65235,candidate,1,1,r086,bc708ad77692546142999282f7852c06f1f763a4af482caa555ec2bf3782b6bd,10,6,False,True,SUCCEEDED,False,CLGPD,CDAUK,"[34, 6352, 24537, 151645]",bbc98cdee0d74940209e42b23eeb72ccbaa4ad326be0d9d0094212eb97cae29c,92,70,22,156.525,75.843,4,81228705676,80989709142,238996534,81161322511,1363,669a4786ded1ee8b4b9d4400813e54030e195e7833f9bdb202ac9efc70ce75dc,229,59000,CERTIFIED_SLICE
h2-small-reuse64,qwen2.5-0.5b-instruct-fp16-v2,slice-versus-full-cache-v1,record-reuse,64,940193,confirmation,MEASUREMENT,attempt-42106cba8aa8443eb1245b2043b65235,candidate,1,1,r087,bc708ad77692546142999282f7852c06f1f763a4af482caa555ec2bf3782b6bd,10,7,False,True,SUCCEEDED,True,CWHXZ,CWHXZ,"[34, 19890, 55, 57, 151645]",a137cf2aa4baebe5ae8c90dcdb92c63c3cacd42d2a1aaf9338b6c1f5d0550888,93,70,23,162.285,97.668,5,82255809331,81989838128,265971203,82167989057,1363,227e4b4987803e5595b80be200cf3a06bbbbaa9eee777ed03d7602c14f3d5403,229,57857,CERTIFIED_SLICE
h2-small-reuse64,qwen2.5-0.5b-instruct-fp16-v2,slice-versus-full-cache-v1,record-reuse,64,940193,confirmation,MEASUREMENT,attempt-42106cba8aa8443eb1245b2043b65235,candidate,1,1,r088,83eb72a128089e4c4acd490ddb61b7fc1ff52e701220c3f863de5a1ed0d1ab52,11,0,True,True,SUCCEEDED,False,CTUJJ,CJDOP,"[34, 49915, 3067, 151645]",b9dd9b64ff42c9149b29ea91aae61fe66ff1dbb748993c59b944a5e530e04510,92,70,22,174.086,73.388,4,83246172625,82991753667,254418958,83171351186,1363,a14022efce4c06d2521b2635b31c4a99c581614ab4fa55883c2e786222e701ff,229,59511,CERTIFIED_SLICE
h2-small-reuse64,qwen2.5-0.5b-instruct-fp16-v2,slice-versus-full-cache-v1,record-reuse,64,940193,confirmation,MEASUREMENT,attempt-42106cba8aa8443eb1245b2043b65235,candidate,1,1,r089,83eb72a128089e4c4acd490ddb61b7fc1ff52e701220c3f863de5a1ed0d1ab52,11,1,False,True,SUCCEEDED,False,CGOVV,CFCNB,"[34, 6754, 33342, 151645]",370279a85b634837a197c10332e5fbe12d990c2ff02cf4bdf112453cdc104820,92,71,21,150.45,73.158,4,84220242224,83990493810,229748414,84154324275,1363,6375a61c326484099ed256277e78eb7ca56a4e42e72b802428d3272ff6187a47,229,58369,CERTIFIED_SLICE
h2-small-reuse64,qwen2.5-0.5b-instruct-fp16-v2,slice-versus-full-cache-v1,record-reuse,64,940193,confirmation,MEASUREMENT,attempt-42106cba8aa8443eb1245b2043b65235,candidate,1,1,r090,83eb72a128089e4c4acd490ddb61b7fc1ff52e701220c3f863de5a1ed0d1ab52,11,2,False,True,SUCCEEDED,True,COROT,COROT,"[52320, 1793, 151645]",526425d8b5c8272589825aa8aa08be7c16020aafa10505380a3e66ed6d47a02e,91,70,21,150.003,48.952,3,85196218679,84991236007,204982672,85156402416,1363,19b08274568d33ae927f6871d74ec61e626a50641240438ba63afe2e6ec90b64,229,59821,CERTIFIED_SLICE
h2-small-reuse64,qwen2.5-0.5b-instruct-fp16-v2,slice-versus-full-cache-v1,record-reuse,64,940193,confirmation,MEASUREMENT,attempt-42106cba8aa8443eb1245b2043b65235,candidate,1,1,r091,83eb72a128089e4c4acd490ddb61b7fc1ff52e701220c3f863de5a1ed0d1ab52,11,3,False,True,SUCCEEDED,True,CCWLK,CCWLK,"[3706, 61139, 42, 151645]",1899e61e2607b5d3f3b8db94276c5ffc78cbd656831c281e726f57a49c640e95,92,70,22,156.123,73.445,4,85439938979,85204258182,235680797,85368564872,1363,850d5a21f182316b6b1dddfdd00b14be095be2415c5d04cae374ec495457211c,229,63368,CERTIFIED_SLICE
h2-small-reuse64,qwen2.5-0.5b-instruct-fp16-v2,slice-versus-full-cache-v1,record-reuse,64,940193,confirmation,MEASUREMENT,attempt-42106cba8aa8443eb1245b2043b65235,candidate,1,1,r092,83eb72a128089e4c4acd490ddb61b7fc1ff52e701220c3f863de5a1ed0d1ab52,11,4,False,True,SUCCEEDED,True,CGJWX,CGJWX,"[8798, 41, 65376, 151645]",4606f79e60a0584e5bca3a264a5c8d76d1c1d9fbce60e504791c6a8b50cc55dd,92,70,22,156.12,73.278,4,86239586825,86003960429,235626396,86174979013,1363,b01a4fae3f8b8428ed1ebde2edf22cfa8533c39c0bcc0ab3f64551888e77d365,229,56545,CERTIFIED_SLICE
h2-small-reuse64,qwen2.5-0.5b-instruct-fp16-v2,slice-versus-full-cache-v1,record-reuse,64,940193,confirmation,MEASUREMENT,attempt-42106cba8aa8443eb1245b2043b65235,candidate,1,1,r093,83eb72a128089e4c4acd490ddb61b7fc1ff52e701220c3f863de5a1ed0d1ab52,11,5,False,True,SUCCEEDED,True,CIDMD,CIDMD,"[54146, 6076, 151645]",54ca423364f74c5b24d81605bc0a7ceff1065ade567d7ee23c90ccd4d6028754,91,70,21,150.776,50.074,3,87204763084,86997783748,206979336,87162979652,1363,1603f5269379e25dc20a4859099a2fb0ebef0952eb16d3f776cb8d021d45687b,229,56926,CERTIFIED_SLICE
h2-small-reuse64,qwen2.5-0.5b-instruct-fp16-v2,slice-versus-full-cache-v1,record-reuse,64,940193,confirmation,MEASUREMENT,attempt-42106cba8aa8443eb1245b2043b65235,candidate,1,1,r094,83eb72a128089e4c4acd490ddb61b7fc1ff52e701220c3f863de5a1ed0d1ab52,11,6,False,True,SUCCEEDED,False,CNKKM,CYDZI,"[34525, 35, 57, 40, 151645]",6e6e2fa07d95235e6d33e1c6550ce0e6208047df10fd88f61960614affad8948,94,70,24,168.599,99.518,5,87485430781,87211331490,274099291,87394416876,1363,ea8da14de5ff5cef61d4b45ba4f18d6d602bfb301fffef994ea4aa91c5bd9b6a,229,55673,CERTIFIED_SLICE
h2-small-reuse64,qwen2.5-0.5b-instruct-fp16-v2,slice-versus-full-cache-v1,record-reuse,64,940193,confirmation,MEASUREMENT,attempt-42106cba8aa8443eb1245b2043b65235,candidate,1,1,r095,83eb72a128089e4c4acd490ddb61b7fc1ff52e701220c3f863de5a1ed0d1ab52,11,7,False,True,SUCCEEDED,False,CYZMT,CZWZS,"[34, 81756, 57, 50, 151645]",8ac4ee95d10cf9aad2e5cb3ffd58f92a1e844439d0bec2c3d7b4a31c95ae7075,94,70,24,167.829,97.714,5,88286897700,88015117974,271779726,88197643148,1363,2624325b01bd218e46bec7f7d338d8078682fddc453a6b6650b00428a86c02ec,229,60603,CERTIFIED_SLICE
h2-small-reuse64,qwen2.5-0.5b-instruct-fp16-v2,slice-versus-full-cache-v1,record-reuse,64,940193,confirmation,MEASUREMENT,attempt-42106cba8aa8443eb1245b2043b65235,candidate,1,1,r096,97f0fe773db407e3ea703e9d896ff10b1d7a28865ea7310ee4aa0a15a73340ae,12,0,True,True,SUCCEEDED,True,CIFCA,CIFCA,"[34, 2773, 5049, 151645]",2d132a98f33c3a9341fa364c032d01568cfce927997aeceb652850c131d25c06,91,70,21,150.012,73.423,4,89242484824,89012862395,229622429,89168219590,1363,97afd0f72225260b3537674ade099ed74ed167b4d27b41d7b8aad27de7677eb3,229,56295,CERTIFIED_SLICE
h2-small-reuse64,qwen2.5-0.5b-instruct-fp16-v2,slice-versus-full-cache-v1,record-reuse,64,940193,confirmation,MEASUREMENT,attempt-42106cba8aa8443eb1245b2043b65235,candidate,1,1,r097,97f0fe773db407e3ea703e9d896ff10b1d7a28865ea7310ee4aa0a15a73340ae,12,1,False,True,SUCCEEDED,False,CUJAG,1,"[16, 151645]",f529bd054d618cf7e94951ade2e5b9f360b71efe28946d63d1720c9edec7ff1c,90,70,20,146.36,24.58,2,90183295235,90006461857,176833378,90167381488,1363,1ad7674fe1f6173b9448520920f2d4b14fad373b37b4291739ec644d5e45499c,229,56064,CERTIFIED_SLICE
h2-small-reuse64,qwen2.5-0.5b-instruct-fp16-v2,slice-versus-full-cache-v1,record-reuse,64,940193,confirmation,MEASUREMENT,attempt-42106cba8aa8443eb1245b2043b65235,candidate,1,1,r098,97f0fe773db407e3ea703e9d896ff10b1d7a28865ea7310ee4aa0a15a73340ae,12,2,False,True,SUCCEEDED,True,COAND,COAND,"[8281, 3976, 151645]",aa332798aef60df014ef42e33990a1d6d7047b2e1f51ecdf278c6f1639f64d98,91,70,21,150.643,48.989,3,90394157313,90188610631,205546682,90354003832,1363,47b02fd0930b2858d4fef9dfad3cae8303f9d50f7700146f4e111fbc3e5d6a2b,229,56395,CERTIFIED_SLICE
h2-small-reuse64,qwen2.5-0.5b-instruct-fp16-v2,slice-versus-full-cache-v1,record-reuse,64,940193,confirmation,MEASUREMENT,attempt-42106cba8aa8443eb1245b2043b65235,candidate,1,1,r099,97f0fe773db407e3ea703e9d896ff10b1d7a28865ea7310ee4aa0a15a73340ae,12,3,False,True,SUCCEEDED,True,CYQSP,CYQSP,"[34525, 48, 4592, 151645]",1c38b747b35cdc5f6166a668791af095645cdb0e966a5bae5300f44765281e6f,92,70,22,155.92,73.291,4,91255547642,91020079290,235468352,91186422719,1363,328ffb613acef20097c904157d8aeb8b4210aba4f5fc4df6574e0a7b32bc9b66,229,58669,CERTIFIED_SLICE
h2-small-reuse64,qwen2.5-0.5b-instruct-fp16-v2,slice-versus-full-cache-v1,record-reuse,64,940193,confirmation,MEASUREMENT,attempt-42106cba8aa8443eb1245b2043b65235,candidate,1,1,r100,97f0fe773db407e3ea703e9d896ff10b1d7a28865ea7310ee4aa0a15a73340ae,12,4,False,True,SUCCEEDED,True,CVNZR,CVNZR,"[19589, 69930, 49, 151645]",21f455687c62111d1dc4267b1044c3cc36be99858502c29a5ef9db9cd02da1c0,92,70,22,155.859,73.436,4,92246775724,92010788948,235986776,92181701083,1363,ce0a35d2c89f963ac3b4b9f53fd23da0bde7e721ab9cf48a409366da3fcf9d6f,229,56525,CERTIFIED_SLICE
h2-small-reuse64,qwen2.5-0.5b-instruct-fp16-v2,slice-versus-full-cache-v1,record-reuse,64,940193,confirmation,MEASUREMENT,attempt-42106cba8aa8443eb1245b2043b65235,candidate,1,1,r101,97f0fe773db407e3ea703e9d896ff10b1d7a28865ea7310ee4aa0a15a73340ae,12,5,False,True,SUCCEEDED,False,CZGWA,CVBGW,"[19589, 37762, 54, 151645]",fc7078ec2a20922e2cdff115f7147b4d08be40a89ad79b5a4e52b316d155a488,92,70,22,155.739,73.207,4,93245031296,93009830301,235200995,93175438512,1363,ea7850ad60a2c38d596545df592e6978469d44c97f488934fcefe5874dc3b56d,229,56876,CERTIFIED_SLICE
h2-small-reuse64,qwen2.5-0.5b-instruct-fp16-v2,slice-versus-full-cache-v1,record-reuse,64,940193,confirmation,MEASUREMENT,attempt-42106cba8aa8443eb1245b2043b65235,candidate,1,1,r102,97f0fe773db407e3ea703e9d896ff10b1d7a28865ea7310ee4aa0a15a73340ae,12,6,False,True,SUCCEEDED,False,CHMTI,CMIAT,"[34, 9773, 828, 151645]",8a1da635d8a597615baf1d2bf7486d3fda08e5d0fba74d81bf0cec7f61187314,92,70,22,155.55,73.33,4,94251141807,94016099307,235042500,94186437776,1363,890d2ff29da399697ea3db93ecc2b01d8fad5b7168ad3bbd4305dd25577a2fc4,229,62697,CERTIFIED_SLICE
h2-small-reuse64,qwen2.5-0.5b-instruct-fp16-v2,slice-versus-full-cache-v1,record-reuse,64,940193,confirmation,MEASUREMENT,attempt-42106cba8aa8443eb1245b2043b65235,candidate,1,1,r103,97f0fe773db407e3ea703e9d896ff10b1d7a28865ea7310ee4aa0a15a73340ae,12,7,False,True,SUCCEEDED,True,CXBPG,CXBPG,"[65240, 33, 11383, 151645]",abd73581e8237e00f4757f0a3e066bf26a1ad7c82ac89ae09410d27011f63ba3,92,71,21,150.348,73.075,4,95243429239,95013901536,229527703,95179473520,1363,912e2843bbac3c0c03153c044725823c9aaf7c7e950fb554b3e17f7d6d7485cf,229,61755,CERTIFIED_SLICE
h2-small-reuse64,qwen2.5-0.5b-instruct-fp16-v2,slice-versus-full-cache-v1,record-reuse,64,940193,confirmation,MEASUREMENT,attempt-42106cba8aa8443eb1245b2043b65235,candidate,1,1,r104,c7b70dab4d36cb30d5e673373ef2a93b4091bdd561e6620bdb9fd867021d1082,13,0,True,True,SUCCEEDED,False,CLTAT,COAFL,"[8281, 32, 6126, 151645]",aa668484efaa03b56454242531039aeeec5e99f1525dbe334b6067d2cf4954c8,92,70,22,155.937,74.834,4,96249254089,96012220436,237033653,96183334467,1363,719cd69131bbda062fb97d197cca7b544d376ab3e194e73079dc2b89e8ef9844,229,56144,CERTIFIED_SLICE
h2-small-reuse64,qwen2.5-0.5b-instruct-fp16-v2,slice-versus-full-cache-v1,record-reuse,64,940193,confirmation,MEASUREMENT,attempt-42106cba8aa8443eb1245b2043b65235,candidate,1,1,r105,c7b70dab4d36cb30d5e673373ef2a93b4091bdd561e6620bdb9fd867021d1082,13,1,False,True,SUCCEEDED,False,CZXTX,CNYUI,"[34, 23054, 2275, 151645]",5cfcb73eb3049b513e7994988e47af24fb65b55fd5a6664402ca9951c7e08b6c,92,70,22,155.882,73.557,4,97291617717,97052786981,238830736,97228479087,1363,eaf1435845fd4430306332cb54d99e31a84224ecd85b1fc80941d304d738d136,229,57287,CERTIFIED_SLICE
h2-small-reuse64,qwen2.5-0.5b-instruct-fp16-v2,slice-versus-full-cache-v1,record-reuse,64,940193,confirmation,MEASUREMENT,attempt-42106cba8aa8443eb1245b2043b65235,candidate,1,1,r106,c7b70dab4d36cb30d5e673373ef2a93b4091bdd561e6620bdb9fd867021d1082,13,2,False,True,SUCCEEDED,False,CIACD,CWIUD,"[34, 60195, 4656, 151645]",d5d029a20edbabbd51c3231b97ca10da41d2a56ef5bd871c5c3d8259a2ac6af4,92,70,22,157.287,75.493,4,98295570966,98054155583,241415383,98227734128,1363,86c1b0cb27d78f7eb46f43f6eb0bdf46db6c0ab427ec694e9fbc1bc659cae99c,229,63198,CERTIFIED_SLICE
h2-small-reuse64,qwen2.5-0.5b-instruct-fp16-v2,slice-versus-full-cache-v1,record-reuse,64,940193,confirmation,MEASUREMENT,attempt-42106cba8aa8443eb1245b2043b65235,candidate,1,1,r107,c7b70dab4d36cb30d5e673373ef2a93b4091bdd561e6620bdb9fd867021d1082,13,3,False,True,SUCCEEDED,False,CGYVG,CEDHK,"[34, 1479, 57447, 151645]",63aa514c9def6ede9bfb6aa670dd90ad65ecb1372184ca6bee49e5865aba8a08,92,70,22,157.052,73.961,4,99276306342,99034029688,242276654,99217747099,1363,a0ecc56557181c5ac2c5416d6c07b6b4b7429ec68e1d20d9705835c79df15c8f,229,58089,CERTIFIED_SLICE
h2-small-reuse64,qwen2.5-0.5b-instruct-fp16-v2,slice-versus-full-cache-v1,record-reuse,64,940193,confirmation,MEASUREMENT,attempt-42106cba8aa8443eb1245b2043b65235,candidate,1,1,r108,c7b70dab4d36cb30d5e673373ef2a93b4091bdd561e6620bdb9fd867021d1082,13,4,False,True,SUCCEEDED,True,CAXJN,CAXJN,"[34, 2954, 41, 45, 151645]",44dfa722bc06f06de8d354172b291fe4463f3cc97045707e1253d090b6e199d7,91,70,21,150.367,97.366,5,100272520387,100016369328,256151059,100192727452,1363,d8753ebe38e763f3e874040d5adf3640dc0fb5e9284fb7158b3a90f0884a5a9b,229,56305,CERTIFIED_SLICE
h2-small-reuse64,qwen2.5-0.5b-instruct-fp16-v2,slice-versus-full-cache-v1,record-reuse,64,940193,confirmation,MEASUREMENT,attempt-42106cba8aa8443eb1245b2043b65235,candidate,1,1,r109,c7b70dab4d36cb30d5e673373ef2a93b4091bdd561e6620bdb9fd867021d1082,13,5,False,True,SUCCEEDED,False,CISFV,COPJU,"[34, 3067, 41, 52, 151645]",9a0344a17ff82d05013a2c44bba635bbad5a294cd9c425ea5511642df3f03487,92,70,22,155.976,97.861,5,101307263552,101046038786,261224766,101222682692,1363,04a03df6b59c2eb3f32cf837f96277f3ee16ad8c7f18d414e437bd4d50c39044,229,58188,CERTIFIED_SLICE
h2-small-reuse64,qwen2.5-0.5b-instruct-fp16-v2,slice-versus-full-cache-v1,record-reuse,64,940193,confirmation,MEASUREMENT,attempt-42106cba8aa8443eb1245b2043b65235,candidate,1,1,r110,c7b70dab4d36cb30d5e673373ef2a93b4091bdd561e6620bdb9fd867021d1082,13,6,False,True,SUCCEEDED,False,CZWEE,CPCRX,"[34, 4872, 45813, 151645]",6aafb33b27ce838fd0fc87495c366f23f3e911a2597af9c6583e4e2f499f8c65,90,70,20,146.141,73.343,4,102290433116,102063805216,226627900,102233891014,1363,418a227165719118af50333104e99394233cfc9958382939b45f9a2f508da5c8,229,57778,CERTIFIED_SLICE
h2-small-reuse64,qwen2.5-0.5b-instruct-fp16-v2,slice-versus-full-cache-v1,record-reuse,64,940193,confirmation,MEASUREMENT,attempt-42106cba8aa8443eb1245b2043b65235,candidate,1,1,r111,c7b70dab4d36cb30d5e673373ef2a93b4091bdd561e6620bdb9fd867021d1082,13,7,False,True,SUCCEEDED,True,CXWAF,CXWAF,"[65240, 54, 8276, 151645]",5d5f13c013d238c1e7af10801fc99791c9ee71fdf5643043795080e2e34fd166,92,70,22,155.724,73.317,4,103310348312,103072031923,238316389,103246873076,1363,3f113e57bce0c0d71f7a824b2966fed7d083d25715303855151cbb75c2ba3a95,229,56635,CERTIFIED_SLICE
h2-small-reuse64,qwen2.5-0.5b-instruct-fp16-v2,slice-versus-full-cache-v1,record-reuse,64,940193,confirmation,MEASUREMENT,attempt-42106cba8aa8443eb1245b2043b65235,candidate,1,1,r112,09eaa24cc71ab399e2535f01d02bb32674a448760f00557330f0feeb3e791797,14,0,True,True,SUCCEEDED,False,CMJMP,VALUE CKTCA CMJMP,"[23832, 30066, 51, 5049, 18090, 41, 5781, 151645]",07cd16d057598ffd19c156e4071c937c72d21b7f4e9b8c982efaf4f18f9327e1,92,70,22,155.873,170.994,8,104401131885,104066496264,334635621,104250044090,1363,c954062657d1f3ae18f528d9708fa3f83e0b6198fca603542f8c158e95a73e5c,229,55604,CERTIFIED_SLICE
h2-small-reuse64,qwen2.5-0.5b-instruct-fp16-v2,slice-versus-full-cache-v1,record-reuse,64,940193,confirmation,MEASUREMENT,attempt-42106cba8aa8443eb1245b2043b65235,candidate,1,1,r113,09eaa24cc71ab399e2535f01d02bb32674a448760f00557330f0feeb3e791797,14,1,False,True,SUCCEEDED,False,CUNEZ,CNFUC,"[28668, 37, 5459, 151645]",2652ca4de969a52e1c3f9ba3e1402da3ad3c67f498f9803bf529410d02495ffc,92,70,22,155.941,73.406,4,105320656947,105080329428,240327519,105258907732,1363,2159ddb2a188fdd317aca25dd52fea61f859359e7259c89857e5bbbcc2994fad,229,56886,CERTIFIED_SLICE
h2-small-reuse64,qwen2.5-0.5b-instruct-fp16-v2,slice-versus-full-cache-v1,record-reuse,64,940193,confirmation,MEASUREMENT,attempt-42106cba8aa8443eb1245b2043b65235,candidate,1,1,r114,09eaa24cc71ab399e2535f01d02bb32674a448760f00557330f0feeb3e791797,14,2,False,True,SUCCEEDED,False,CZJAH,CIBFF,"[34, 3256, 1748, 151645]",fc1520b20d81a0163563ae08bde6a99427388475e62692b1e78db55cf4a0a279,92,70,22,155.946,73.308,4,106313601171,106072343602,241257569,106249700804,1363,646bdd7f05180ab679727378dee295f9a7003a79ed812cd5482bb9e611dafea2,229,61955,CERTIFIED_SLICE
h2-small-reuse64,qwen2.5-0.5b-instruct-fp16-v2,slice-versus-full-cache-v1,record-reuse,64,940193,confirmation,MEASUREMENT,attempt-42106cba8aa8443eb1245b2043b65235,candidate,1,1,r115,09eaa24cc71ab399e2535f01d02bb32674a448760f00557330f0feeb3e791797,14,3,False,True,SUCCEEDED,True,CZNXW,CZNXW,"[34, 57, 43304, 54, 151645]",ac92b18133880babd5cc7ec57677adeb0a10ea6fd09da20cf93520cf64a86f84,92,70,22,155.988,97.74,5,107341976552,107077129299,264847253,107252743379,1363,a622b77a5f063b135b3f5e4ddd496c106ffdca5353e4686f0227a2a42659807b,229,58048,CERTIFIED_SLICE
h2-small-reuse64,qwen2.5-0.5b-instruct-fp16-v2,slice-versus-full-cache-v1,record-reuse,64,940193,confirmation,MEASUREMENT,attempt-42106cba8aa8443eb1245b2043b65235,candidate,1,1,r116,09eaa24cc71ab399e2535f01d02bb32674a448760f00557330f0feeb3e791797,14,4,False,True,SUCCEEDED,False,CUTZU,VALUE CUTZU,"[23832, 72857, 57, 52, 151645]",3b2c4736f129331d432a758a59d20f9504b674fff5efda2eae443a3a8cfd9a6e,92,70,22,156.16,102.032,5,108336352047,108071071298,265280749,108254654851,1363,c71073666f309496d53c6be66a42566b81f390fb6733d86679c7f1d8d0cd39b6,229,55874,CERTIFIED_SLICE
h2-small-reuse64,qwen2.5-0.5b-instruct-fp16-v2,slice-versus-full-cache-v1,record-reuse,64,940193,confirmation,MEASUREMENT,attempt-42106cba8aa8443eb1245b2043b65235,candidate,1,1,r117,09eaa24cc71ab399e2535f01d02bb32674a448760f00557330f0feeb3e791797,14,5,False,True,SUCCEEDED,True,CSQIS,CSQIS,"[6412, 48, 1637, 151645]",2cd86ae7d2a5e6bcd716fef75f2d5a244295dc1d42571f5621c77fc40da5b1c8,92,70,22,158.916,73.634,4,109369791557,109126116301,243675256,109311822802,1363,ebb03ee73e90b873e042051486a74adf55431e42fe1d934fdc2bbfd378050f2f,229,62536,CERTIFIED_SLICE
h2-small-reuse64,qwen2.5-0.5b-instruct-fp16-v2,slice-versus-full-cache-v1,record-reuse,64,940193,confirmation,MEASUREMENT,attempt-42106cba8aa8443eb1245b2043b65235,candidate,1,1,r118,09eaa24cc71ab399e2535f01d02bb32674a448760f00557330f0feeb3e791797,14,6,False,True,SUCCEEDED,False,CTLXV,VALUE CWKMT,"[23832, 40035, 42, 8505, 151645]",37fcfd6711899728bca1aef5fcb7778fc376622d6eb52e78ea76530430c54e44,92,70,22,156.216,97.892,5,110353412210,110092090934,261321276,110268725132,1363,6962d7b6ebea5a7472b60bd731d346d81d9feb206217093ee188e2895677c1e4,229,60021,CERTIFIED_SLICE
h2-small-reuse64,qwen2.5-0.5b-instruct-fp16-v2,slice-versus-full-cache-v1,record-reuse,64,940193,confirmation,MEASUREMENT,attempt-42106cba8aa8443eb1245b2043b65235,candidate,1,1,r119,09eaa24cc71ab399e2535f01d02bb32674a448760f00557330f0feeb3e791797,14,7,False,True,SUCCEEDED,True,CIBEG,CIBEG,"[34, 3256, 9376, 151645]",43d42c9d6d3f858b47b73563f2aae6ab85677263c274967c8e87bc5c6c417fcb,92,70,22,155.977,73.27,4,111324432167,111086680418,237751749,111269683752,1363,f8833f5ea2be9827d634e7cea75b166a3bbe7dbc145f6eb52abf4364e8a4b9aa,229,61455,CERTIFIED_SLICE
h2-small-reuse64,qwen2.5-0.5b-instruct-fp16-v2,slice-versus-full-cache-v1,record-reuse,64,940193,confirmation,MEASUREMENT,attempt-42106cba8aa8443eb1245b2043b65235,candidate,1,1,r120,8f66e2c926b626d3de1bc31e5816ffed29e15bb75a4715096d4da2d970e0bbc4,15,0,True,True,SUCCEEDED,False,CPBEG,CLPFP,"[3140, 47, 11698, 151645]",32f8e8d99b4cca68c774793c3f21a8ca4d30b6fbc160144edf6057a42f6cd07a,92,70,22,156.119,73.299,4,112340562664,112101954793,238607871,112277761351,1363,5e737e0ae0422abe25c2238ccd5f3a4f962304ef8c6d1fa5b2ff6c95cebcf83c,229,58418,CERTIFIED_SLICE
h2-small-reuse64,qwen2.5-0.5b-instruct-fp16-v2,slice-versus-full-cache-v1,record-reuse,64,940193,confirmation,MEASUREMENT,attempt-42106cba8aa8443eb1245b2043b65235,candidate,1,1,r121,8f66e2c926b626d3de1bc31e5816ffed29e15bb75a4715096d4da2d970e0bbc4,15,1,False,True,SUCCEEDED,True,CSTXF,CSTXF,"[34, 784, 66138, 151645]",5fc75126a0c190e9bbecb200458551482089c8f8cf751caf35b2ce888ebf3509,89,70,19,137.724,73.378,4,113323684610,113101766259,221918351,113256988022,1363,fe2e2b578fca972b9211bb83bd10303f453451121439e532407147c42a64e6d2,229,56435,CERTIFIED_SLICE
h2-small-reuse64,qwen2.5-0.5b-instruct-fp16-v2,slice-versus-full-cache-v1,record-reuse,64,940193,confirmation,MEASUREMENT,attempt-42106cba8aa8443eb1245b2043b65235,candidate,1,1,r122,8f66e2c926b626d3de1bc31e5816ffed29e15bb75a4715096d4da2d970e0bbc4,15,2,False,True,SUCCEEDED,False,COSTR,CPTSJ,"[34, 73693, 41, 151645]",38e79f0d833e828c4822a3990e14fb1ae2a9e2695540270ef1171adcd4fe768e,91,70,21,150.059,73.456,4,114336934559,114104929459,232005100,114281862773,1363,af176977dc39300c4b10f1a173a8d207d5cc5556a74915e2cda7ddf0902145e8,229,57076,CERTIFIED_SLICE
h2-small-reuse64,qwen2.5-0.5b-instruct-fp16-v2,slice-versus-full-cache-v1,record-reuse,64,940193,confirmation,MEASUREMENT,attempt-42106cba8aa8443eb1245b2043b65235,candidate,1,1,r123,8f66e2c926b626d3de1bc31e5816ffed29e15bb75a4715096d4da2d970e0bbc4,15,3,False,True,SUCCEEDED,False,CGRDB,CNWQO,"[28668, 54, 48, 46, 151645]",f8985c3ecc74084e430129ebf83e353ea7afe685dbb1e185c78a7ecf2e92ad42,94,70,24,166.857,97.717,5,115379865652,115108045611,271820041,115300906498,1363,e741094d23eed80a18710c022c19fb92c612a85e0802f400a6115924b2059b2a,229,57767,CERTIFIED_SLICE
h2-small-reuse64,qwen2.5-0.5b-instruct-fp16-v2,slice-versus-full-cache-v1,record-reuse,64,940193,confirmation,MEASUREMENT,attempt-42106cba8aa8443eb1245b2043b65235,candidate,1,1,r124,8f66e2c926b626d3de1bc31e5816ffed29e15bb75a4715096d4da2d970e0bbc4,15,4,False,True,SUCCEEDED,False,CCGKT,CCTQ,"[34, 1162, 48, 151645]",6d9a511a978d0f80c63f74ca3693c8316a7272b5115048d65a6dc683f6317342,94,70,24,166.925,73.285,4,116353625115,116104798177,248826938,116298952981,1363,6ae1435dde3e244df6d005dd718ddddccb53e632614d0fe66c578d68cb3a07c0,229,55654,CERTIFIED_SLICE
h2-small-reuse64,qwen2.5-0.5b-instruct-fp16-v2,slice-versus-full-cache-v1,record-reuse,64,940193,confirmation,MEASUREMENT,attempt-42106cba8aa8443eb1245b2043b65235,candidate,1,1,r125,8f66e2c926b626d3de1bc31e5816ffed29e15bb75a4715096d4da2d970e0bbc4,15,5,False,True,SUCCEEDED,True,CLJJB,CLJJB,"[3140, 41, 46107, 151645]",c152087ee1feef7719697b7c95e2a399413aaf8069dfbeef19fd7d4b776e78a6,92,70,22,162.839,76.343,4,117358810218,117112321777,246488441,117289958732,1363,bd2710a68e9c46dea470123f7a922b467e0d4aee871da4bbf136c161a4b05937,229,56815,CERTIFIED_SLICE
h2-small-reuse64,qwen2.5-0.5b-instruct-fp16-v2,slice-versus-full-cache-v1,record-reuse,64,940193,confirmation,MEASUREMENT,attempt-42106cba8aa8443eb1245b2043b65235,candidate,1,1,r126,8f66e2c926b626d3de1bc31e5816ffed29e15bb75a4715096d4da2d970e0bbc4,15,6,False,True,SUCCEEDED,False,CGHDP,CAFFG,"[5049, 1748, 38, 151645]",6351d0c137f78b680cfeae9edbd2c0b4e214ab525d68226b16c58d55742f8402,92,70,22,155.894,73.468,4,118352006951,118114653703,237353248,118296835879,1363,20917bc5fbd9eb1b384e751186f045908bc1ba932a0910081ecf3bc2b9cc6ba3,229,59550,CERTIFIED_SLICE
h2-small-reuse64,qwen2.5-0.5b-instruct-fp16-v2,slice-versus-full-cache-v1,record-reuse,64,940193,confirmation,MEASUREMENT,attempt-42106cba8aa8443eb1245b2043b65235,candidate,1,1,r127,8f66e2c926b626d3de1bc31e5816ffed29e15bb75a4715096d4da2d970e0bbc4,15,7,False,True,SUCCEEDED,False,CMXNQ,CESFC,"[34, 1570, 6754, 151645]",045d694393edf06d9d9148be61b2a1e17c2f9accf53a5683e77fbcccd90c241b,91,70,21,150.255,73.306,4,119344126631,119112350987,231775644,119288861234,1363,b34741bcc7bce1711dfafc2279251671aed5208c0421ea74acf0f04656c57c5e,229,55333,CERTIFIED_SLICE
h2-small-reuse64,qwen2.5-0.5b-instruct-fp16-v2,slice-versus-full-cache-v1,record-reuse,64,940193,confirmation,MEASUREMENT,attempt-25827902e9144fe2aee55df753eb5dd2,baseline,1,1,r000,363708ff503f422442a84205041663204f6ca24df6094fb6ccdee1fa90089452,0,0,True,True,SUCCEEDED,False,CPMYY,CPSRC,"[34, 5012, 7380, 151645]",033862f48a679085ffcb806caa64e6b2eae501ec953a4da3420085997efed2a2,597,0,597,3602.269,79.39,4,4453436843,762061931,3691374912,4397214135,1363,46a20e2cd2517678bc1d052bd354fe98784992d12b72847556c662d87bec0e58,1363,33582,IDENTITY
h2-small-reuse64,qwen2.5-0.5b-instruct-fp16-v2,slice-versus-full-cache-v1,record-reuse,64,940193,confirmation,MEASUREMENT,attempt-25827902e9144fe2aee55df753eb5dd2,baseline,1,1,r001,363708ff503f422442a84205041663204f6ca24df6094fb6ccdee1fa90089452,0,1,False,True,SUCCEEDED,False,CGSHN,CCHJR,"[34, 2149, 84692, 151645]",d57d74e98cc62f90589c567a4249a889cc21dd8e196cb169debb8cdd41846dad,598,586,12,107.574,78.89,4,5022273038,4828563943,193709095,4962411994,1363,62643a2c77e231809bcc40d0db86864ec9082632da19c948a0fb88828715bfdd,1363,13776,IDENTITY
h2-small-reuse64,qwen2.5-0.5b-instruct-fp16-v2,slice-versus-full-cache-v1,record-reuse,64,940193,confirmation,MEASUREMENT,attempt-25827902e9144fe2aee55df753eb5dd2,baseline,1,1,r002,363708ff503f422442a84205041663204f6ca24df6094fb6ccdee1fa90089452,0,2,False,True,SUCCEEDED,False,CVLSS,CNYXW,"[34, 23054, 55, 54, 151645]",0ce07440cc1767df254f55b6fdc35c168974bddab1d3996438e175b827f07a35,599,586,13,115.712,105.125,5,5255299809,5027090758,228209051,5166370671,1363,1b2882d6187baa69a684bd4d30cf9f58adb18fca991d328bae64a096c46bf43e,1363,12683,IDENTITY
h2-small-reuse64,qwen2.5-0.5b-instruct-fp16-v2,slice-versus-full-cache-v1,record-reuse,64,940193,confirmation,MEASUREMENT,attempt-25827902e9144fe2aee55df753eb5dd2,baseline,1,1,r003,363708ff503f422442a84205041663204f6ca24df6094fb6ccdee1fa90089452,0,3,False,True,SUCCEEDED,False,CRPUP,CYOCM,"[34525, 7612, 44, 151645]",470f76c2fdccce2005da4381fd76d5f9ef734a9ffdb129a4869fdeeb6463544e,598,586,12,107.704,78.659,4,6032101584,5838363846,193737738,5972382363,1363,6e36a84afbb9bbb641510a9998f1ac8e201471cd67d64a6bea3c9bddf4e14888,1363,12393,IDENTITY
h2-small-reuse64,qwen2.5-0.5b-instruct-fp16-v2,slice-versus-full-cache-v1,record-reuse,64,940193,confirmation,MEASUREMENT,attempt-25827902e9144fe2aee55df753eb5dd2,baseline,1,1,r004,363708ff503f422442a84205041663204f6ca24df6094fb6ccdee1fa90089452,0,4,False,True,SUCCEEDED,True,CUTKR,CUTKR,"[34, 1381, 61884, 151645]",bbe716a58f4f734003f44697ef6a56563825e1d6676cb0d2ccf2d0087c41a16f,598,586,12,107.424,78.911,4,7013817083,6819952850,193864233,6954776024,1363,2a57186a05c12b48c927c327514383de819d29fb8189f7947535ccd07d070ac1,1363,13575,IDENTITY
h2-small-reuse64,qwen2.5-0.5b-instruct-fp16-v2,slice-versus-full-cache-v1,record-reuse,64,940193,confirmation,MEASUREMENT,attempt-25827902e9144fe2aee55df753eb5dd2,baseline,1,1,r005,363708ff503f422442a84205041663204f6ca24df6094fb6ccdee1fa90089452,0,5,False,True,SUCCEEDED,True,CFUPJ,CFUPJ,"[9650, 3124, 41, 151645]",b359f40abc321ac40525ca1b8c87a680fdfed95010b60fd3583b8d33aa5aad3c,598,586,12,107.908,79.125,4,7212708467,7018243476,194464991,7152489277,1363,21deaf70bfe9c4408ee616031a12cbf9fcdc2e70d48b97908ec15cd96b297208,1363,13525,IDENTITY
h2-small-reuse64,qwen2.5-0.5b-instruct-fp16-v2,slice-versus-full-cache-v1,record-reuse,64,940193,confirmation,MEASUREMENT,attempt-25827902e9144fe2aee55df753eb5dd2,baseline,1,1,r006,363708ff503f422442a84205041663204f6ca24df6094fb6ccdee1fa90089452,0,6,False,True,SUCCEEDED,True,CXTBZ,CXTBZ,"[34, 9036, 33, 57, 151645]",604128c3ce4c84709c49671ff33c3817262c72405406bb1eedb6a2fd20ca910b,598,586,12,107.613,105.005,5,8054746403,7834802635,219943768,7975181662,1363,afad4484c7f2be102c690d91cc6cf0c3f622bd7b73aa26a3d9abd5d500f7b859,1363,13735,IDENTITY
h2-small-reuse64,qwen2.5-0.5b-instruct-fp16-v2,slice-versus-full-cache-v1,record-reuse,64,940193,confirmation,MEASUREMENT,attempt-25827902e9144fe2aee55df753eb5dd2,baseline,1,1,r007,363708ff503f422442a84205041663204f6ca24df6094fb6ccdee1fa90089452,0,7,False,True,SUCCEEDED,False,CZGRP,CIBCF,"[34, 3256, 9650, 151645]",731a74ecdbf859434e6613b5b285f303a91eb6e01b0796a67bf997fb99567737,598,586,12,107.29,78.666,4,9027580655,8834473029,193107626,8968353339,1363,b8be704bc547f624db9812f2b568d99e94cc4916ccfb8c5e7eb711c8f42838cd,1363,12674,IDENTITY
h2-small-reuse64,qwen2.5-0.5b-instruct-fp16-v2,slice-versus-full-cache-v1,record-reuse,64,940193,confirmation,MEASUREMENT,attempt-25827902e9144fe2aee55df753eb5dd2,baseline,1,1,r008,bbf57066674006b1972ce3add31d36a2e3d882ffc9ff1ba72f67913cea899c51,1,0,True,True,SUCCEEDED,False,CWFKL,CFQFO,"[9650, 48, 3788, 151645]",05bf5bae67120574930344732034ed0c4de835210b48c5c3d531eef038867049,588,70,518,3144.551,78.759,4,12263306285,9032374731,3230931554,12207507716,1363,ac4cc2b9be334d20d7abb481a8178eac3c99c7557e38e337568e47f2a77f4311,1363,12603,IDENTITY
h2-small-reuse64,qwen2.5-0.5b-instruct-fp16-v2,slice-versus-full-cache-v1,record-reuse,64,940193,confirmation,MEASUREMENT,attempt-25827902e9144fe2aee55df753eb5dd2,baseline,1,1,r009,bbf57066674006b1972ce3add31d36a2e3d882ffc9ff1ba72f67913cea899c51,1,1,False,True,SUCCEEDED,False,CYRPH,CNYJI,"[34, 23054, 45064, 151645]",32a0e86535a14dc55cd261d8057e02b33ea8a805f0a3c17ebce4cc0537a86204,590,577,13,115.047,78.952,4,13058753037,12856947013,201806024,12999204504,1363,2f5979949a4917fc8241b554544f219cf063867eba12c4046d788679fce0bf99,1363,12583,IDENTITY
h2-small-reuse64,qwen2.5-0.5b-instruct-fp16-v2,slice-versus-full-cache-v1,record-reuse,64,940193,confirmation,MEASUREMENT,attempt-25827902e9144fe2aee55df753eb5dd2,baseline,1,1,r010,bbf57066674006b1972ce3add31d36a2e3d882ffc9ff1ba72f67913cea899c51,1,2,False,True,SUCCEEDED,False,CZYFF,CYJVZ,"[34525, 77891, 57, 151645]",e379d691b8db17c27495eb768a5a752f4873f921e9a898f6a91da0c226d40083,589,577,12,107.178,78.808,4,14049429302,13855943903,193485399,13989448395,1363,57dd3227af8a9c5edd6d2996ddc8504ae6b10521ee898fe4baedea32a952c3b1,1363,13214,IDENTITY
h2-small-reuse64,qwen2.5-0.5b-instruct-fp16-v2,slice-versus-full-cache-v1,record-reuse,64,940193,confirmation,MEASUREMENT,attempt-25827902e9144fe2aee55df753eb5dd2,baseline,1,1,r011,bbf57066674006b1972ce3add31d36a2e3d882ffc9ff1ba72f67913cea899c51,1,3,False,True,SUCCEEDED,False,CTKDB,CSPRE,"[34, 4592, 787, 151645]",e54babebf3f069a37eb45c9999005ca6f6b00b44d10803e58bdb65ea2dd4f670,588,577,11,100.898,78.783,4,14241021250,14053918532,187102718,14172453442,1363,9db9f9473da8a4185efab85dcb1e5b575daa59c573f59082b8d45c973d9009ac,1363,12794,IDENTITY
h2-small-reuse64,qwen2.5-0.5b-instruct-fp16-v2,slice-versus-full-cache-v1,record-reuse,64,940193,confirmation,MEASUREMENT,attempt-25827902e9144fe2aee55df753eb5dd2,baseline,1,1,r012,bbf57066674006b1972ce3add31d36a2e3d882ffc9ff1ba72f67913cea899c51,1,4,False,True,SUCCEEDED,False,CSRKR,CMMJD,"[34, 8035, 49915, 151645]",c7b9c0c444a0889ae968d2351e059976c9536dbd0415091a0b092b6254347d29,589,577,12,107.272,78.804,4,15064568105,14871133080,193435025,14985541826,1363,51aef925bf2e21cde531d2e9ed3d7d5b074e01a8586c558edec29a1f2e27ad26,1363,16401,IDENTITY
h2-small-reuse64,qwen2.5-0.5b-instruct-fp16-v2,slice-versus-full-cache-v1,record-reuse,64,940193,confirmation,MEASUREMENT,attempt-25827902e9144fe2aee55df753eb5dd2,baseline,1,1,r013,bbf57066674006b1972ce3add31d36a2e3d882ffc9ff1ba72f67913cea899c51,1,5,False,True,SUCCEEDED,False,CACZZ,CMMJD,"[34, 8035, 49915, 151645]",b061f0a86f595f3abed4574f75fdf53131dde68d590dc2d34f9c1732d91b2b7e,589,577,12,108.268,78.676,4,16053967927,15858876721,195091206,15977000026,1363,56a5526b35a6f75009b5c73bf2c0adc0582d2c85cbc3b8fd0c1424db6ecb601c,1363,12593,IDENTITY
h2-small-reuse64,qwen2.5-0.5b-instruct-fp16-v2,slice-versus-full-cache-v1,record-reuse,64,940193,confirmation,MEASUREMENT,attempt-25827902e9144fe2aee55df753eb5dd2,baseline,1,1,r014,bbf57066674006b1972ce3add31d36a2e3d882ffc9ff1ba72f67913cea899c51,1,6,False,True,SUCCEEDED,False,CZBSR,CFQFO,"[9650, 48, 3788, 151645]",8a15bf5feeb66c067cc0fdcbf0c53b73e89d8b7f425a722f966fe4a40cbf77e1,588,577,11,100.955,78.998,4,16249903833,16062183006,187720827,16179178022,1363,48e352842dbe7f865932293e363c270ffed75c35c9b19ede09c7301ce8e9a319,1363,12494,IDENTITY
h2-small-reuse64,qwen2.5-0.5b-instruct-fp16-v2,slice-versus-full-cache-v1,record-reuse,64,940193,confirmation,MEASUREMENT,attempt-25827902e9144fe2aee55df753eb5dd2,baseline,1,1,r015,bbf57066674006b1972ce3add31d36a2e3d882ffc9ff1ba72f67913cea899c51,1,7,False,True,SUCCEEDED,True,COTWX,COTWX,"[34, 1793, 65376, 151645]",8abc18063fb8ff76bb02536570fac150cbd102bd9c081f3ad42d305a18779078,589,577,12,107.177,78.785,4,17063623622,16870048195,193575427,16991540496,1363,14fc110e6cd44c7d2dd68eaa1189f218d157972b60a64e8d8ab7275b0c2e014c,1363,12223,IDENTITY
h2-small-reuse64,qwen2.5-0.5b-instruct-fp16-v2,slice-versus-full-cache-v1,record-reuse,64,940193,confirmation,MEASUREMENT,attempt-25827902e9144fe2aee55df753eb5dd2,baseline,1,1,r016,3f36045073a7e3ea0bdc2d225bc8f1527be54ad91409eceb85f08880257b6cda,2,0,True,True,SUCCEEDED,False,CYQXC,CKCTL,"[3021, 23871, 151645]",8d861811e0b6fb10124a9b70c95b11f5ff29be630b7b7334587a7baca0641472,592,70,522,3175.369,52.63,3,20319807331,17068537872,3251269459,20306792555,1363,abb823b0aeda7f2f7b3fbe07b498af54f18e3364ad89c516bb43bb4c798a3094,1363,12393,IDENTITY
h2-small-reuse64,qwen2.5-0.5b-instruct-fp16-v2,slice-versus-full-cache-v1,record-reuse,64,940193,confirmation,MEASUREMENT,attempt-25827902e9144fe2aee55df753eb5dd2,baseline,1,1,r017,3f36045073a7e3ea0bdc2d225bc8f1527be54ad91409eceb85f08880257b6cda,2,1,False,True,SUCCEEDED,False,CDHWT,CCHLT,"[34, 2149, 27404, 151645]",b4cff11893d457085f4a4ad5b16a9a5a8a24ca62516ab118e55ab8894aa33b28,592,581,11,100.693,78.474,4,21050248862,20864886140,185362722,20970542989,1363,ed0977d1d7caa6d2463c889e2f3e81e628c6164d34f820c637db9d24b4b1c709,1363,12313,IDENTITY
h2-small-reuse64,qwen2.5-0.5b-instruct-fp16-v2,slice-versus-full-cache-v1,record-reuse,64,940193,confirmation,MEASUREMENT,attempt-25827902e9144fe2aee55df753eb5dd2,baseline,1,1,r018,3f36045073a7e3ea0bdc2d225bc8f1527be54ad91409eceb85f08880257b6cda,2,2,False,True,SUCCEEDED,True,CNRRZ,CNRRZ,"[28668, 8106, 57, 151645]",1cda94dc7ee2cded2a913d7152c0708d8ceebb4bebb095f9855aaa349d13935f,593,581,12,107.986,78.789,4,21250811574,21057624450,193187124,21180827091,1363,74a1b1ad265ad449eda4a8fe5a9b30fd41770463cae862ae32731d55547005e8,1363,13104,IDENTITY
h2-small-reuse64,qwen2.5-0.5b-instruct-fp16-v2,slice-versus-full-cache-v1,record-reuse,64,940193,confirmation,MEASUREMENT,attempt-25827902e9144fe2aee55df753eb5dd2,baseline,1,1,r019,3f36045073a7e3ea0bdc2d225bc8f1527be54ad91409eceb85f08880257b6cda,2,3,False,True,SUCCEEDED,True,CUMQJ,CUMQJ,"[34, 2794, 48, 41, 151645]",c396402f8e91bf3295dd78a90dc25a522c59847fa2cd7efb25051f04989ef61d,593,581,12,107.909,104.746,5,22096274470,21877137563,219136907,21999530959,1363,f49a733b301495f3facd290645d2655a42adba3a7c886867f2afd97454d9996a,1363,12583,IDENTITY
h2-small-reuse64,qwen2.5-0.5b-instruct-fp16-v2,slice-versus-full-cache-v1,record-reuse,64,940193,confirmation,MEASUREMENT,attempt-25827902e9144fe2aee55df753eb5dd2,baseline,1,1,r020,3f36045073a7e3ea0bdc2d225bc8f1527be54ad91409eceb85f08880257b6cda,2,4,False,True,SUCCEEDED,False,CAUJV,CVCDF,"[34, 11287, 5262, 151645]",09b2e641f683cea6879707819d100c1d3e29298750761ec5bb1c7a38869c2c10,593,581,12,107.437,78.761,4,23055345214,22862948650,192396564,22985781373,1363,bda301a37b5cb597bdd60684a320cf07750bbd7bc7989072f951007b07597e31,1363,12403,IDENTITY
h2-small-reuse64,qwen2.5-0.5b-instruct-fp16-v2,slice-versus-full-cache-v1,record-reuse,64,940193,confirmation,MEASUREMENT,attempt-25827902e9144fe2aee55df753eb5dd2,baseline,1,1,r021,3f36045073a7e3ea0bdc2d225bc8f1527be54ad91409eceb85f08880257b6cda,2,5,False,True,SUCCEEDED,False,CSZOY,CLOOF,"[34, 1593, 12483, 151645]",5d890532bfc3e6017fcd597321c29ce080e11f6e8875bd5d28383f88abac670c,593,581,12,107.812,78.924,4,23253525564,23060677351,192848213,23182881024,1363,43560eecf4370eac2a987cf281d4bd83c9fba317ae5924d72d49202e9e225a87,1363,12263,IDENTITY
h2-small-reuse64,qwen2.5-0.5b-instruct-fp16-v2,slice-versus-full-cache-v1,record-reuse,64,940193,confirmation,MEASUREMENT,attempt-25827902e9144fe2aee55df753eb5dd2,baseline,1,1,r022,3f36045073a7e3ea0bdc2d225bc8f1527be54ad91409eceb85f08880257b6cda,2,6,False,True,SUCCEEDED,True,CCWWE,CCWWE,"[3706, 54, 12457, 151645]",988208b1ab4208d604a6affb96bad76efa543c369f3b05a25ac547d96b4ab09c,593,581,12,107.385,78.929,4,24069617945,23877229667,192388278,23999934783,1363,a40ac1f1413916556668a74ba0626563f29bdfee163161d3afeccb05a221dace,1363,12283,IDENTITY
h2-small-reuse64,qwen2.5-0.5b-instruct-fp16-v2,slice-versus-full-cache-v1,record-reuse,64,940193,confirmation,MEASUREMENT,attempt-25827902e9144fe2aee55df753eb5dd2,baseline,1,1,r023,3f36045073a7e3ea0bdc2d225bc8f1527be54ad91409eceb85f08880257b6cda,2,7,False,True,SUCCEEDED,False,CEPWU,CJPTE,"[34, 27188, 2446, 151645]",8f9da2db82f3398ee0824e8e5b8d555eef46282b63cae3bd20aa9482680152e1,593,581,12,107.761,78.947,4,24271930632,24079074083,192856549,24201806009,1363,5c1221f0c5a91aa12e9caf909ccc7c1f9e76209010f5c9427e1db04d73e1e375,1363,12293,IDENTITY
h2-small-reuse64,qwen2.5-0.5b-instruct-fp16-v2,slice-versus-full-cache-v1,record-reuse,64,940193,confirmation,MEASUREMENT,attempt-25827902e9144fe2aee55df753eb5dd2,baseline,1,1,r024,97d1a0ffe814888e0b953ccdbaebac51e9405046c416b2d26277c67210d2c04d,3,0,True,True,SUCCEEDED,True,CCVHU,CCVHU,"[3706, 53, 88014, 151645]",f4bd0097eaaff08d8be5f9d0eae320d244fc9fc57430f17b7780aef7082f9db9,585,70,515,3126.589,85.719,4,28114375815,24877424646,3236951169,28050123794,1363,6da5e8b92920c05cf6df97354d80283c1fc1ecdae1579e1b1e4d9cadeff5aed4,1363,12603,IDENTITY
h2-small-reuse64,qwen2.5-0.5b-instruct-fp16-v2,slice-versus-full-cache-v1,record-reuse,64,940193,confirmation,MEASUREMENT,attempt-25827902e9144fe2aee55df753eb5dd2,baseline,1,1,r025,97d1a0ffe814888e0b953ccdbaebac51e9405046c416b2d26277c67210d2c04d,3,1,False,True,SUCCEEDED,True,CGPTV,CGPTV,"[8798, 2828, 53, 151645]",0af88e9549ab402d339f09ebe331aa0b9e0f652925f67a5a47439f36300bb1f7,585,573,12,107.605,79.626,4,29137930671,28927707582,210223089,29064997474,1363,15032f6b1fb8f9b1020c4be3e47122f1d71b1ffe6e5adcacebea69a9e70057d4,1363,12784,IDENTITY
h2-small-reuse64,qwen2.5-0.5b-instruct-fp16-v2,slice-versus-full-cache-v1,record-reuse,64,940193,confirmation,MEASUREMENT,attempt-25827902e9144fe2aee55df753eb5dd2,baseline,1,1,r026,97d1a0ffe814888e0b953ccdbaebac51e9405046c416b2d26277c67210d2c04d,3,2,False,True,SUCCEEDED,False,CABHE,CFLDL,"[34, 6126, 16524, 151645]",a48cbe5d6cedf89437d89b6f7af878e4219b59603775fe78c38e83ce2d733ef1,585,573,12,109.253,80.714,4,30109393471,29912126399,197267072,30052992392,1363,9fe24cfc42d7b52dcbe5e4cd3eee7a12b586d2a61feddb531a3d83f0511eaf8a,1363,12644,IDENTITY
h2-small-reuse64,qwen2.5-0.5b-instruct-fp16-v2,slice-versus-full-cache-v1,record-reuse,64,940193,confirmation,MEASUREMENT,attempt-25827902e9144fe2aee55df753eb5dd2,baseline,1,1,r027,97d1a0ffe814888e0b953ccdbaebac51e9405046c416b2d26277c67210d2c04d,3,3,False,True,SUCCEEDED,False,CPPCX,CIXJZ,"[34, 5396, 41, 57, 151645]",d65c94760c43ca0ab7da4fe40853cc5a3f05ef73d67a2d8a2b8de5600b7090b0,585,573,12,107.304,104.995,5,31108054287,30888052832,220001455,31021564647,1363,61f323844c1168f27073c00e4eb22e2019f86ef3a0c1771499e0f125ddfb2867,1363,12704,IDENTITY
h2-small-reuse64,qwen2.5-0.5b-instruct-fp16-v2,slice-versus-full-cache-v1,record-reuse,64,940193,confirmation,MEASUREMENT,attempt-25827902e9144fe2aee55df753eb5dd2,baseline,1,1,r028,97d1a0ffe814888e0b953ccdbaebac51e9405046c416b2d26277c67210d2c04d,3,4,False,True,SUCCEEDED,False,CPONM,CYSFR,"[34, 9394, 10504, 151645]",cf32c15a3e8b1cbaccd9658200e5b8bab10126e2598b6c3d9a2eac540efdcadd,585,573,12,107.7,79.384,4,31308212216,31111837734,196374482,31246415262,1363,d78062e969aa2e66921ac7b245aed3a0b533eb289224e8facac30c3c1cf97413,1363,12644,IDENTITY
h2-small-reuse64,qwen2.5-0.5b-instruct-fp16-v2,slice-versus-full-cache-v1,record-reuse,64,940193,confirmation,MEASUREMENT,attempt-25827902e9144fe2aee55df753eb5dd2,baseline,1,1,r029,97d1a0ffe814888e0b953ccdbaebac51e9405046c416b2d26277c67210d2c04d,3,5,False,True,SUCCEEDED,False,CJMAE,CAGWP,"[34, 1890, 25674, 151645]",bfefe925987483e98b9f4a8d6378a2e686935043557ca51c47886977c8deb3ff,585,573,12,107.67,78.843,4,32125224007,31931161695,194062312,32065392368,1363,c9c02d29d7b755f4e81bafd32eb1b1587f5b4151b8b4971a8dae6a2caa2f5fa8,1363,12924,IDENTITY
h2-small-reuse64,qwen2.5-0.5b-instruct-fp16-v2,slice-versus-full-cache-v1,record-reuse,64,940193,confirmation,MEASUREMENT,attempt-25827902e9144fe2aee55df753eb5dd2,baseline,1,1,r030,97d1a0ffe814888e0b953ccdbaebac51e9405046c416b2d26277c67210d2c04d,3,6,False,True,SUCCEEDED,True,CCERZ,CCERZ,"[3706, 640, 57, 151645]",4744c9e8e7a90e04cfa38f9fe90cf57a517b49f0074fa52443cca4a63f9a9eae,584,573,11,100.276,78.582,4,33103631084,32917369400,186261684,33035137644,1363,982cff77b0eb67f0013d0c6392752d9935cee0e8a4309f2c4887145cfcc69ca8,1363,12884,IDENTITY
h2-small-reuse64,qwen2.5-0.5b-instruct-fp16-v2,slice-versus-full-cache-v1,record-reuse,64,940193,confirmation,MEASUREMENT,attempt-25827902e9144fe2aee55df753eb5dd2,baseline,1,1,r031,97d1a0ffe814888e0b953ccdbaebac51e9405046c416b2d26277c67210d2c04d,3,7,False,True,SUCCEEDED,False,CKLFH,CFLDL,"[34, 6126, 16524, 151645]",5195c8a2ec5fa4ea8cbf864a396ce54f861ae6324e1b08b9e00e335b4dc2a6d7,584,573,11,100.645,78.952,4,33299972104,33110386849,189585255,33243120947,1363,97a47b0e3c30422bf0db0909d70f409c3e770799f837a5a0e75208bc19aa7fba,1363,12393,IDENTITY
h2-small-reuse64,qwen2.5-0.5b-instruct-fp16-v2,slice-versus-full-cache-v1,record-reuse,64,940193,confirmation,MEASUREMENT,attempt-25827902e9144fe2aee55df753eb5dd2,baseline,1,1,r032,49a4a6f3b0d4bdbce0372394528fcbda918e69727938772e103f943fa24f070f,4,0,True,True,SUCCEEDED,True,CQGEK,CQGEK,"[34, 48, 10777, 42, 151645]",af56022505653d55db573ec6770572c471468040665a4aae51c4786c0f613edb,603,70,533,3256.598,105.11,5,37311670667,33942161857,3369508810,37223881190,1363,7a3fb58260bb4b5f8149e35d06c681fee19ca0772a928a9efb73e0f4fe368ef0,1363,14006,IDENTITY
h2-small-reuse64,qwen2.5-0.5b-instruct-fp16-v2,slice-versus-full-cache-v1,record-reuse,64,940193,confirmation,MEASUREMENT,attempt-25827902e9144fe2aee55df753eb5dd2,baseline,1,1,r033,49a4a6f3b0d4bdbce0372394528fcbda918e69727938772e103f943fa24f070f,4,1,False,True,SUCCEEDED,False,COXCY,CSDXG,"[34, 5491, 55, 38, 151645]",14e968b1c682dcb432580793e9eabbdc5f89723c5ce3fca7185db9ab9d0c6571,603,591,12,108.185,105.074,5,38164366777,37943732694,220634083,38078365515,1363,73d69d0565aef5f583b4df19319ad6f54c25df6eef583668e94489ad46e96f40,1363,12243,IDENTITY
h2-small-reuse64,qwen2.5-0.5b-instruct-fp16-v2,slice-versus-full-cache-v1,record-reuse,64,940193,confirmation,MEASUREMENT,attempt-25827902e9144fe2aee55df753eb5dd2,baseline,1,1,r034,49a4a6f3b0d4bdbce0372394528fcbda918e69727938772e103f943fa24f070f,4,2,False,True,SUCCEEDED,True,CNZPJ,CNZPJ,"[28668, 57, 94235, 151645]",c6c3106c400eb3c47ae7b266f82327307763aa40d9a8ad109857d72b1e1aab84,603,591,12,107.674,78.88,4,39145419403,38947808972,197610431,39082412538,1363,cd9ef14558486ae9e2112e824149cf504dc35d0aece3a9be7ca0944fc3b71752,1363,12132,IDENTITY
h2-small-reuse64,qwen2.5-0.5b-instruct-fp16-v2,slice-versus-full-cache-v1,record-reuse,64,940193,confirmation,MEASUREMENT,attempt-25827902e9144fe2aee55df753eb5dd2,baseline,1,1,r035,49a4a6f3b0d4bdbce0372394528fcbda918e69727938772e103f943fa24f070f,4,3,False,True,SUCCEEDED,False,CNRMH,CTFRY,"[1162, 10504, 56, 151645]",64a320f7c7ccb721eee4c04664312e5d64bb58057ef370a7f41bc1c9a780015e,603,592,11,100.787,78.749,4,40128191057,39941237186,186953871,40057656291,1363,8821bf87d529e85b53a0f7d7afff84f4f9d91ab91c9055cff944c00f4e15e96d,1363,12654,IDENTITY
h2-small-reuse64,qwen2.5-0.5b-instruct-fp16-v2,slice-versus-full-cache-v1,record-reuse,64,940193,confirmation,MEASUREMENT,attempt-25827902e9144fe2aee55df753eb5dd2,baseline,1,1,r036,49a4a6f3b0d4bdbce0372394528fcbda918e69727938772e103f943fa24f070f,4,4,False,True,SUCCEEDED,False,CAAOE,CDLQR,"[6484, 43, 30465, 151645]",acef49ba588b6a2ef059c2777532d0a5753df34379551ee840ed814977218419,603,591,12,107.965,79.008,4,40331285468,40134135914,197149554,40265358812,1363,87cc052937f1c1b0003dad480f5b45eb576f75195bc9814da7fd54a2f95b1303,1363,12373,IDENTITY
h2-small-reuse64,qwen2.5-0.5b-instruct-fp16-v2,slice-versus-full-cache-v1,record-reuse,64,940193,confirmation,MEASUREMENT,attempt-25827902e9144fe2aee55df753eb5dd2,baseline,1,1,r037,49a4a6f3b0d4bdbce0372394528fcbda918e69727938772e103f943fa24f070f,4,5,False,True,SUCCEEDED,False,CMGGO,CQGGO,"[34, 48, 38, 15513, 151645]",d4770573271c09d89ed2a6ce60b4aa0fd8eab54c5f03607cfa71fbba99bf8ded,603,591,12,107.577,104.826,5,41174838542,40950730829,224107713,41084364001,1363,275f20c946c301dfa7a97aa74bc8f81aea20cef772dbbdd58b096e1eb9422a34,1363,12303,IDENTITY
h2-small-reuse64,qwen2.5-0.5b-instruct-fp16-v2,slice-versus-full-cache-v1,record-reuse,64,940193,confirmation,MEASUREMENT,attempt-25827902e9144fe2aee55df753eb5dd2,baseline,1,1,r038,49a4a6f3b0d4bdbce0372394528fcbda918e69727938772e103f943fa24f070f,4,6,False,True,SUCCEEDED,False,CSXDZ,CSDXG,"[34, 5491, 55, 38, 151645]",3347cc7046a211430155f335aef8d3b8f0453b99e3f2cadbcbd420d0494fee58,603,591,12,110.638,110.591,5,42183026648,41954513972,228512676,42091366020,1363,638829f13883657ea9294f5df7f55f28383946757a5709e178c272e86015ed42,1363,12433,IDENTITY
h2-small-reuse64,qwen2.5-0.5b-instruct-fp16-v2,slice-versus-full-cache-v1,record-reuse,64,940193,confirmation,MEASUREMENT,attempt-25827902e9144fe2aee55df753eb5dd2,baseline,1,1,r039,49a4a6f3b0d4bdbce0372394528fcbda918e69727938772e103f943fa24f070f,4,7,False,True,SUCCEEDED,False,CHHOW,CQACZ,"[34, 48, 1706, 57, 151645]",2b1db6922d6239e23264dd67158c491f92882519eca3bf4158613d49281c5786,603,591,12,107.821,105.757,5,43171713553,42950756480,220957073,43085476573,1363,f994c618870bce74dad858f98bc5e0338cbb82a90ddf7cac485db00fa3263d33,1363,12413,IDENTITY
h2-small-reuse64,qwen2.5-0.5b-instruct-fp16-v2,slice-versus-full-cache-v1,record-reuse,64,940193,confirmation,MEASUREMENT,attempt-25827902e9144fe2aee55df753eb5dd2,baseline,1,1,r040,773276865e31957cc099eb49a810711fa968e72b30adaee99ef888ec93469acd,5,0,True,True,SUCCEEDED,False,CLQQQ,CWOJW,"[34, 22681, 41, 54, 151645]",7368f6544e66306e10f27976b8d7aba2f2ac6a8dd2dff9116c59b49d10d8964d,588,70,518,3150.043,105.009,5,47214853023,43951224237,3263628786,47161110959,1363,6d6c301b30a09ed8afaf5b6a4086d1cfaa0f5901b1b62cb161f5d677d98c5391,1363,12453,IDENTITY
h2-small-reuse64,qwen2.5-0.5b-instruct-fp16-v2,slice-versus-full-cache-v1,record-reuse,64,940193,confirmation,MEASUREMENT,attempt-25827902e9144fe2aee55df753eb5dd2,baseline,1,1,r041,773276865e31957cc099eb49a810711fa968e72b30adaee99ef888ec93469acd,5,1,False,True,SUCCEEDED,False,CZWNE,CNYMH,"[34, 23054, 48202, 151645]",e05bca6ca1ad37303d0d76856397e8ac3d1c2269e5f9c306dc5d2001dc7c89c1,587,576,11,117.45,88.393,4,48177245253,47963459758,213785495,48108371386,1363,34e7fe9a540b5644c477e20c525f4597a726130c8552df56c0711ed72651b1c4,1363,12163,IDENTITY
h2-small-reuse64,qwen2.5-0.5b-instruct-fp16-v2,slice-versus-full-cache-v1,record-reuse,64,940193,confirmation,MEASUREMENT,attempt-25827902e9144fe2aee55df753eb5dd2,baseline,1,1,r042,773276865e31957cc099eb49a810711fa968e72b30adaee99ef888ec93469acd,5,2,False,True,SUCCEEDED,True,CGOYW,CGOYW,"[8798, 46, 98117, 151645]",70f5b1fbbfe97e30c66304cde3ecc4911a14132169b66ba73953f2e78f3729d4,586,575,11,100.549,79.413,4,49198433968,49010926948,187507020,49129077463,1363,7e0977fd346a4000623197b1645e31424e701b67a728cadb5dae358e78ec2d4d,1363,12523,IDENTITY
h2-small-reuse64,qwen2.5-0.5b-instruct-fp16-v2,slice-versus-full-cache-v1,record-reuse,64,940193,confirmation,MEASUREMENT,attempt-25827902e9144fe2aee55df753eb5dd2,baseline,1,1,r043,773276865e31957cc099eb49a810711fa968e72b30adaee99ef888ec93469acd,5,3,False,True,SUCCEEDED,True,CJPRD,CJPRD,"[34, 41, 6480, 35, 151645]",3bc2063034a571b418315f6ee55b7d48e8197d2b037b03c87d003425ab085084,587,575,12,108.466,107.156,5,50188816617,49966032396,222784221,50101425781,1363,a9b0322ad26ed1748a96ce6a3093d37bc23ecda2913ba6b07060da51cc0a76e0,1363,12312,IDENTITY
h2-small-reuse64,qwen2.5-0.5b-instruct-fp16-v2,slice-versus-full-cache-v1,record-reuse,64,940193,confirmation,MEASUREMENT,attempt-25827902e9144fe2aee55df753eb5dd2,baseline,1,1,r044,773276865e31957cc099eb49a810711fa968e72b30adaee99ef888ec93469acd,5,4,False,True,SUCCEEDED,True,CYHGX,CYHGX,"[34525, 39, 84432, 151645]",f49e76f60aedc02a45edcd37bf2b0ac9a3a54de1c26125a3285034ebf60be011,587,575,12,107.186,79.076,4,51174911912,50982693289,192218623,51116380371,1363,d557d61364b39dadb8fe042ad77d2746e60cac7ca903d4508ceb52d8391adb6c,1363,13225,IDENTITY
h2-small-reuse64,qwen2.5-0.5b-instruct-fp16-v2,slice-versus-full-cache-v1,record-reuse,64,940193,confirmation,MEASUREMENT,attempt-25827902e9144fe2aee55df753eb5dd2,baseline,1,1,r045,773276865e31957cc099eb49a810711fa968e72b30adaee99ef888ec93469acd,5,5,False,True,SUCCEEDED,False,CCCRT,CSSZV,"[33658, 57, 53, 151645]",c74fd3313b238b30332db3d054763085ed48adc3add8cdc232211c70311fd88a,587,575,12,107.281,78.806,4,52156755159,51963269009,193486150,52097455600,1363,77b065e7a8d6781558ca1b80305160f8f58efe293a0aa1b30f2bba972a6a010b,1363,12403,IDENTITY
h2-small-reuse64,qwen2.5-0.5b-instruct-fp16-v2,slice-versus-full-cache-v1,record-reuse,64,940193,confirmation,MEASUREMENT,attempt-25827902e9144fe2aee55df753eb5dd2,baseline,1,1,r046,773276865e31957cc099eb49a810711fa968e72b30adaee99ef888ec93469acd,5,6,False,True,SUCCEEDED,False,CGDPU,CNYMH,"[34, 23054, 48202, 151645]",4018e27f569182fe6bf1b1578ef98cfe349fbade8acdc9ce8b09dbeefc274f89,588,575,13,115.411,78.997,4,52362917225,52161368710,201548515,52303402375,1363,b79f5bb6944d0f7536c260bd0b5728e0ffd7513e4f94a923a838199675e27854,1363,12824,IDENTITY
h2-small-reuse64,qwen2.5-0.5b-instruct-fp16-v2,slice-versus-full-cache-v1,record-reuse,64,940193,confirmation,MEASUREMENT,attempt-25827902e9144fe2aee55df753eb5dd2,baseline,1,1,r047,773276865e31957cc099eb49a810711fa968e72b30adaee99ef888ec93469acd,5,7,False,True,SUCCEEDED,False,CCDDK,CQFEV,"[34, 48, 11419, 53, 151645]",29f624c338c77063fc919671cf3e4d188168963187ae33b2135aa380291d40b8,587,575,12,107.223,104.851,5,53186888761,52966733259,220155502,53100367923,1363,c2d629d74b15452c7eceed3445880c04bf667e6f619c10ac15a0613939210004,1363,12443,IDENTITY
h2-small-reuse64,qwen2.5-0.5b-instruct-fp16-v2,slice-versus-full-cache-v1,record-reuse,64,940193,confirmation,MEASUREMENT,attempt-25827902e9144fe2aee55df753eb5dd2,baseline,1,1,r048,992b8f50c056aa6a827fa2aa6f814f155d868289b32bd4fd8e6818079b3f6d50,6,0,True,True,SUCCEEDED,True,COXKF,COXKF,"[8281, 55, 65008, 151645]",8ac3c0df79c3b9c6e6706478123822ac1654659017ea5f4428a317482374cb42,594,70,524,3195.352,80.793,4,57254244770,53970275263,3283969507,57200177081,1363,bd92af347a0f075293b93e801cd156f0bc241944fbf7b483e352f10b8c3c590b,1363,12864,IDENTITY
h2-small-reuse64,qwen2.5-0.5b-instruct-fp16-v2,slice-versus-full-cache-v1,record-reuse,64,940193,confirmation,MEASUREMENT,attempt-25827902e9144fe2aee55df753eb5dd2,baseline,1,1,r049,992b8f50c056aa6a827fa2aa6f814f155d868289b32bd4fd8e6818079b3f6d50,6,1,False,True,SUCCEEDED,False,CTMAF,CJAYP,"[34, 41, 3022, 47, 151645]",9be70d679e00491cc15f3b068f756598ac05c8ff83b999a2aa44ceed1832386a,594,582,12,107.721,105.429,5,58208757095,57988265047,220492048,58122374695,1363,dbca10b0c99a47943aa123e2ef363ca9d27eaf313c2a13fd16208782454e2482,1363,12243,IDENTITY
h2-small-reuse64,qwen2.5-0.5b-instruct-fp16-v2,slice-versus-full-cache-v1,record-reuse,64,940193,confirmation,MEASUREMENT,attempt-25827902e9144fe2aee55df753eb5dd2,baseline,1,1,r050,992b8f50c056aa6a827fa2aa6f814f155d868289b32bd4fd8e6818079b3f6d50,6,2,False,True,SUCCEEDED,True,CFCXF,CFCXF,"[34, 6754, 66138, 151645]",229e26f35badc32a50386677c3e35973a7323020969984fbf34c3ba09d8000e2,594,582,12,107.299,78.732,4,59191912102,58995065251,196846851,59129382284,1363,174f7cda837b9ec20a52be7a9acbd678b2a8bafa8f23b5452fdebac451961e63,1363,12313,IDENTITY
h2-small-reuse64,qwen2.5-0.5b-instruct-fp16-v2,slice-versus-full-cache-v1,record-reuse,64,940193,confirmation,MEASUREMENT,attempt-25827902e9144fe2aee55df753eb5dd2,baseline,1,1,r051,992b8f50c056aa6a827fa2aa6f814f155d868289b32bd4fd8e6818079b3f6d50,6,3,False,True,SUCCEEDED,True,CGVBG,CGVBG,"[8798, 36874, 38, 151645]",88c3094c0e2d6410a302bf56b08242d9a49da5fb38691fdb9c9026631c743fad,593,582,11,100.46,78.631,4,60182917970,59996496971,186420999,60112067007,1363,9bb979c2df075b645c264a15c797b64a577d44c115843d13f8213cdaf8e8f018,1363,12302,IDENTITY
h2-small-reuse64,qwen2.5-0.5b-instruct-fp16-v2,slice-versus-full-cache-v1,record-reuse,64,940193,confirmation,MEASUREMENT,attempt-25827902e9144fe2aee55df753eb5dd2,baseline,1,1,r052,992b8f50c056aa6a827fa2aa6f814f155d868289b32bd4fd8e6818079b3f6d50,6,4,False,True,SUCCEEDED,False,CRPWL,CDJVU,"[6484, 77891, 52, 151645]",d7dcb18f92e1074de5fac3e0b8d599c52f245826feb9dc045cf474e7871ca26d,593,582,11,100.412,78.679,4,61157864480,60971453740,186410740,61089505692,1363,73a4479b9484a60ddc652337cfcf273623ca06c3aa388d6fbbff3b303b84c546,1363,12263,IDENTITY
h2-small-reuse64,qwen2.5-0.5b-instruct-fp16-v2,slice-versus-full-cache-v1,record-reuse,64,940193,confirmation,MEASUREMENT,attempt-25827902e9144fe2aee55df753eb5dd2,baseline,1,1,r053,992b8f50c056aa6a827fa2aa6f814f155d868289b32bd4fd8e6818079b3f6d50,6,5,False,True,SUCCEEDED,False,CVVWU,CGVTA,"[8798, 53, 15204, 151645]",b0ef74a6fe2775763429809602b83fef30e8eeae9ee566a635fb00375f543b24,594,582,12,108.099,78.877,4,61360975261,61164457383,196517878,61294264638,1363,5edcfd93fe967276d5b7a4525de3cde3e400b61c4089d3a5d88716c53508f37f,1363,12553,IDENTITY
h2-small-reuse64,qwen2.5-0.5b-instruct-fp16-v2,slice-versus-full-cache-v1,record-reuse,64,940193,confirmation,MEASUREMENT,attempt-25827902e9144fe2aee55df753eb5dd2,baseline,1,1,r054,992b8f50c056aa6a827fa2aa6f814f155d868289b32bd4fd8e6818079b3f6d50,6,6,False,True,SUCCEEDED,True,CBJNP,CBJNP,"[34, 14978, 26227, 151645]",9d57cf71ee6b7832584cefbf495de2e6631c27314a2fe15399a2c8843a7fcf46,594,582,12,107.391,78.835,4,62204132820,62008045222,196087598,62141471718,1363,8433964269b39cbe79d7e163b2b8e15356e58001949a6f2e85bb22858cdc6ebe,1363,12112,IDENTITY
h2-small-reuse64,qwen2.5-0.5b-instruct-fp16-v2,slice-versus-full-cache-v1,record-reuse,64,940193,confirmation,MEASUREMENT,attempt-25827902e9144fe2aee55df753eb5dd2,baseline,1,1,r055,992b8f50c056aa6a827fa2aa6f814f155d868289b32bd4fd8e6818079b3f6d50,6,7,False,True,SUCCEEDED,True,CLCRU,CLCRU,"[3140, 8973, 52, 151645]",9759968b685955942411da746f4c1020fe472677d15576ebe2d733fa2705e051,594,582,12,108.256,82.028,4,63189882974,62988731106,201151868,63123267277,1363,5acee67e1bbb4a86e826d2c6ce847caef0eea5c0df09c8f756c0152656ff1b23,1363,12383,IDENTITY
h2-small-reuse64,qwen2.5-0.5b-instruct-fp16-v2,slice-versus-full-cache-v1,record-reuse,64,940193,confirmation,MEASUREMENT,attempt-25827902e9144fe2aee55df753eb5dd2,baseline,1,1,r056,c346add73791c5b9734afc4d2569a121216762d04195e1c3f89771846d7152aa,7,0,True,True,SUCCEEDED,True,CQLAN,CQLAN,"[34, 3588, 1093, 151645]",9e83f9bedbd2f814c67a010888460b2beddd514145154d6a87c045f78bd4138c,596,70,526,3212.955,78.822,4,67292061178,63987186851,3304874327,67259927844,1363,fa4e3d121050546b2226fd1d97b727919d94367491d2a2adb78e1078c6487be5,1363,12333,IDENTITY
h2-small-reuse64,qwen2.5-0.5b-instruct-fp16-v2,slice-versus-full-cache-v1,record-reuse,64,940193,confirmation,MEASUREMENT,attempt-25827902e9144fe2aee55df753eb5dd2,baseline,1,1,r057,c346add73791c5b9734afc4d2569a121216762d04195e1c3f89771846d7152aa,7,1,False,True,SUCCEEDED,False,CRLOM,CLOXX,"[34, 1593, 6148, 151645]",575cf662f3b82f878395a1addbf4e62076e20a487bb928aaacd3ed6c13f80952,596,585,11,100.573,78.729,4,68189591494,68003100323,186491171,68120208420,1363,4200f5343f353f4035d494d44e5ff365175e1d12670ff6980977254c3ed6ccb0,1363,12683,IDENTITY
h2-small-reuse64,qwen2.5-0.5b-instruct-fp16-v2,slice-versus-full-cache-v1,record-reuse,64,940193,confirmation,MEASUREMENT,attempt-25827902e9144fe2aee55df753eb5dd2,baseline,1,1,r058,c346add73791c5b9734afc4d2569a121216762d04195e1c3f89771846d7152aa,7,2,False,True,SUCCEEDED,False,CUJOE,CLOXX,"[34, 1593, 6148, 151645]",04f412b951bdf33c15f5f8e17fc961e4a65666394d5735c9085c917d757ca025,596,585,11,101.36,79.062,4,68383988598,68196338623,187649975,68324452879,1363,4e27c5ed7fef81f3696e90ba539f4311857b068cd0014211ddc996638489ef92,1363,12263,IDENTITY
h2-small-reuse64,qwen2.5-0.5b-instruct-fp16-v2,slice-versus-full-cache-v1,record-reuse,64,940193,confirmation,MEASUREMENT,attempt-25827902e9144fe2aee55df753eb5dd2,baseline,1,1,r059,c346add73791c5b9734afc4d2569a121216762d04195e1c3f89771846d7152aa,7,3,False,True,SUCCEEDED,False,CSBES,CJYET,"[34, 41, 56, 1348, 151645]",0b422dfb941ad8ffd6cba427bf13c40bab20bfdd94e5b8f750572011f82fc109,596,584,12,107.565,105.159,5,69239694085,69019265956,220428129,69153375313,1363,ad02b5db5ccdac8f3cc7bcbbcdd907708ed81839ba599bb271888b2aa45406bd,1363,12834,IDENTITY
h2-small-reuse64,qwen2.5-0.5b-instruct-fp16-v2,slice-versus-full-cache-v1,record-reuse,64,940193,confirmation,MEASUREMENT,attempt-25827902e9144fe2aee55df753eb5dd2,baseline,1,1,r060,c346add73791c5b9734afc4d2569a121216762d04195e1c3f89771846d7152aa,7,4,False,True,SUCCEEDED,False,CIWAV,CQVGM,"[34, 48, 53, 20637, 151645]",45dab4c6e5ab2a800269252172d074ade63cc36f08a8fdeb076fd28d61c3207a,596,584,12,107.341,105.093,5,70240276665,70020430198,219846467,70154337298,1363,04ead0a2764a43e2f7d1ee21569adeae0177be540f0a317924539be5db014fbf,1363,12433,IDENTITY
h2-small-reuse64,qwen2.5-0.5b-instruct-fp16-v2,slice-versus-full-cache-v1,record-reuse,64,940193,confirmation,MEASUREMENT,attempt-25827902e9144fe2aee55df753eb5dd2,baseline,1,1,r061,c346add73791c5b9734afc4d2569a121216762d04195e1c3f89771846d7152aa,7,5,False,True,SUCCEEDED,True,CQIGM,CQIGM,"[34, 48, 1914, 44, 151645]",6b829788825550d4213c4e134e7644cf2d6226cb41eee0d6a1e426fa05def85a,597,584,13,115.551,105.022,5,71240244121,71011024320,229219801,71144439316,1363,cf885e143869e8bd2e52fa0579cb652c6d3998235f38786a89d7ac6acadae4b7,1363,13135,IDENTITY
h2-small-reuse64,qwen2.5-0.5b-instruct-fp16-v2,slice-versus-full-cache-v1,record-reuse,64,940193,confirmation,MEASUREMENT,attempt-25827902e9144fe2aee55df753eb5dd2,baseline,1,1,r062,c346add73791c5b9734afc4d2569a121216762d04195e1c3f89771846d7152aa,7,6,False,True,SUCCEEDED,False,CZRMU,CJYET,"[34, 41, 56, 1348, 151645]",78004965d18c39ae112ce3d87ef41cd4451c28196e1e918117336a1acc00b169,596,584,12,108.374,107.281,5,72251850003,72028655268,223194735,72163464787,1363,7147f53b20d6c346865862de6c78f4627bb2c07a30ecf0436ff5d703d9d633ad,1363,13264,IDENTITY
h2-small-reuse64,qwen2.5-0.5b-instruct-fp16-v2,slice-versus-full-cache-v1,record-reuse,64,940193,confirmation,MEASUREMENT,attempt-25827902e9144fe2aee55df753eb5dd2,baseline,1,1,r063,c346add73791c5b9734afc4d2569a121216762d04195e1c3f89771846d7152aa,7,7,False,True,SUCCEEDED,False,CHLIV,CQVGM,"[34, 48, 53, 20637, 151645]",d05d603a25faeda2ecce422eb68324a0848e8fe1a19f48340f63c74a2de4329e,596,584,12,107.371,104.707,5,73232134100,73012700430,219433670,73146489281,1363,afc9e053cae1beac91df39de8181d6e5c3dfe92cc773a5cfa89ae61f8fd20b33,1363,12653,IDENTITY
h2-small-reuse64,qwen2.5-0.5b-instruct-fp16-v2,slice-versus-full-cache-v1,record-reuse,64,940193,confirmation,MEASUREMENT,attempt-25827902e9144fe2aee55df753eb5dd2,baseline,1,1,r064,32073d2604158d4d79867d3e59c604cc04b768c12c2de3ef7ace418367fb2948,8,0,True,True,SUCCEEDED,False,CVAHW,CAUJL,"[5049, 52, 41, 43, 151645]",cf7587e9ebee3aea320e62d0ca6693c237f1ea889617ecef33d2a2bee9c68831,588,70,518,3141.676,104.974,5,77295745926,74037451601,3258294325,77250459489,1363,dbe67cec40f0875db7ffaf6870fb47011cc63558845539c1590e8fe85f04765a,1363,12553,IDENTITY
h2-small-reuse64,qwen2.5-0.5b-instruct-fp16-v2,slice-versus-full-cache-v1,record-reuse,64,940193,confirmation,MEASUREMENT,attempt-25827902e9144fe2aee55df753eb5dd2,baseline,1,1,r065,32073d2604158d4d79867d3e59c604cc04b768c12c2de3ef7ace418367fb2948,8,1,False,True,SUCCEEDED,True,CQOES,CQOES,"[34, 48, 46, 1570, 151645]",2e21b80caa69d76b47ab6df7b33940f337381cbb4fde1e823c524fad97f228cf,587,575,12,107.572,104.918,5,78242564111,78022609863,219954248,78146172825,1363,f1ecc83767d3a92c7089cf4f8622c6815cbdcf99ce889127a6343d244ea66baf,1363,12483,IDENTITY
h2-small-reuse64,qwen2.5-0.5b-instruct-fp16-v2,slice-versus-full-cache-v1,record-reuse,64,940193,confirmation,MEASUREMENT,attempt-25827902e9144fe2aee55df753eb5dd2,baseline,1,1,r066,32073d2604158d4d79867d3e59c604cc04b768c12c2de3ef7ace418367fb2948,8,2,False,True,SUCCEEDED,True,CTJNK,CTJNK,"[1162, 41, 76180, 151645]",ceeff000f36c21ec641b200747a655643c6290c28a195eb559621008b0198280,587,575,12,107.171,78.814,4,79234222172,79041020130,193202042,79174487162,1363,889dfa74f2c891beb0319c8743612554d8c476e7197bd1e038dccfe94df03ac0,1363,12303,IDENTITY
h2-small-reuse64,qwen2.5-0.5b-instruct-fp16-v2,slice-versus-full-cache-v1,record-reuse,64,940193,confirmation,MEASUREMENT,attempt-25827902e9144fe2aee55df753eb5dd2,baseline,1,1,r067,32073d2604158d4d79867d3e59c604cc04b768c12c2de3ef7ace418367fb2948,8,3,False,True,SUCCEEDED,False,CYQWZ,CBAWBR,"[34, 7064, 54, 13095, 151645]",3eac306fa84425f946c6aa90d26441ab2e69fb0b10d0ffac5bd5746887c904fa,587,576,11,101.064,106.84,5,80244024069,80028559061,215465008,80144469971,1363,3e290fa345bc3700804a22ec03dfb37af412d8e0161b71ed54cb3bd2b9376b73,1363,12333,IDENTITY
h2-small-reuse64,qwen2.5-0.5b-instruct-fp16-v2,slice-versus-full-cache-v1,record-reuse,64,940193,confirmation,MEASUREMENT,attempt-25827902e9144fe2aee55df753eb5dd2,baseline,1,1,r068,32073d2604158d4d79867d3e59c604cc04b768c12c2de3ef7ace418367fb2948,8,4,False,True,SUCCEEDED,True,CQGVR,CQGVR,"[34, 48, 38, 18800, 151645]",3cdb14b7b748b3d2392b5a9ee0f491cbc4d09412f7287ac8b870298a7187a1bd,587,575,12,107.1,105.097,5,81257704289,81036011478,221692811,81171855000,1363,526c83d748fbfbe9a83de9f4e528ea2e35f08de4fac7d385c1c23710d385d7f3,1363,12373,IDENTITY
h2-small-reuse64,qwen2.5-0.5b-instruct-fp16-v2,slice-versus-full-cache-v1,record-reuse,64,940193,confirmation,MEASUREMENT,attempt-25827902e9144fe2aee55df753eb5dd2,baseline,1,1,r069,32073d2604158d4d79867d3e59c604cc04b768c12c2de3ef7ace418367fb2948,8,5,False,True,SUCCEEDED,False,CDGKX,CCYEH,"[3706, 56, 45589, 151645]",f5429ab19189b9d548508c128530809c1ae8fd85986697761119030c8bc287ea,587,575,12,107.142,78.806,4,82242032407,82044903923,197128484,82161569817,1363,5300cd192473ad81449777480a4aa43662b849e49c637507b0a0ed3afa8b1f7b,1363,12483,IDENTITY
h2-small-reuse64,qwen2.5-0.5b-instruct-fp16-v2,slice-versus-full-cache-v1,record-reuse,64,940193,confirmation,MEASUREMENT,attempt-25827902e9144fe2aee55df753eb5dd2,baseline,1,1,r070,32073d2604158d4d79867d3e59c604cc04b768c12c2de3ef7ace418367fb2948,8,6,False,True,SUCCEEDED,False,CIZOB,CYJLX,"[34525, 41, 43, 55, 151645]",cfbb3d848bc42a34173dcdd89d308a1db7089bdd527b9a9715db09d0ddf0555e,587,575,12,106.909,105.08,5,83245019860,83025581061,219438799,83159435814,1363,97c5ff064f82088fd1fe3b7e3ea8b4c646aac60ead154d40e8e7741c362fd488,1363,12454,IDENTITY
h2-small-reuse64,qwen2.5-0.5b-instruct-fp16-v2,slice-versus-full-cache-v1,record-reuse,64,940193,confirmation,MEASUREMENT,attempt-25827902e9144fe2aee55df753eb5dd2,baseline,1,1,r071,32073d2604158d4d79867d3e59c604cc04b768c12c2de3ef7ace418367fb2948,8,7,False,True,SUCCEEDED,False,CMCQX,CTGPU,"[1162, 49891, 151645]",d629324066cb6a79524094ab0ab4e6e7ffbddbaa8226b50f47741a211488b5ba,586,575,11,100.098,54.25,3,84209676673,84047905689,161770984,84164154727,1363,744e758869745269dcd73d61096833bbe346f3490014da1a2a0c926a1a738055,1363,12153,IDENTITY
h2-small-reuse64,qwen2.5-0.5b-instruct-fp16-v2,slice-versus-full-cache-v1,record-reuse,64,940193,confirmation,MEASUREMENT,attempt-25827902e9144fe2aee55df753eb5dd2,baseline,1,1,r072,d7390d56000586c3cb3667baaf8333af3ecc3cb46e395fd50bf81c7ac8d0e8f2,9,0,True,True,SUCCEEDED,False,CCTTS,CTALO,"[1162, 969, 46, 151645]",9b1ad3de41411a6c541ee8bee038d81a34c8927ed033e4d588f08c452268a11f,589,70,519,3151.922,79.813,4,87454766819,84214941515,3239825304,87393604475,1363,ef5c8c53a0d89373adc333817835b894d3208b4f0cbed56550d013ba7266bcd2,1363,12604,IDENTITY
h2-small-reuse64,qwen2.5-0.5b-instruct-fp16-v2,slice-versus-full-cache-v1,record-reuse,64,940193,confirmation,MEASUREMENT,attempt-25827902e9144fe2aee55df753eb5dd2,baseline,1,1,r073,d7390d56000586c3cb3667baaf8333af3ecc3cb46e395fd50bf81c7ac8d0e8f2,9,1,False,True,SUCCEEDED,False,CGEMH,CZWYEB,"[34, 81756, 56, 8264, 151645]",4650271ad05405d32d739426b284591cc90fd873a403afed20523bf541711e9f,589,577,12,107.552,104.936,5,88268566837,88048722573,219844264,88172193133,1363,fee7aad2787a75625193910856c2c06da32f69a6fe238643cf0151cd986a78aa,1363,12282,IDENTITY
h2-small-reuse64,qwen2.5-0.5b-instruct-fp16-v2,slice-versus-full-cache-v1,record-reuse,64,940193,confirmation,MEASUREMENT,attempt-25827902e9144fe2aee55df753eb5dd2,baseline,1,1,r074,d7390d56000586c3cb3667baaf8333af3ecc3cb46e395fd50bf81c7ac8d0e8f2,9,2,False,True,SUCCEEDED,False,CPVJH,CVDYO,"[34, 12474, 56644, 151645]",e29a0812a1ffcf37ad89df9fce3541ee7bdcd86aa64d934a16257fc9e7881ae6,589,578,11,100.436,78.611,4,89257124602,89068942156,188182446,89186038801,1363,76644d638807397e46ea8aa9be14ca0671ff8b21864d94538622dbe6349134e7,1363,12453,IDENTITY
h2-small-reuse64,qwen2.5-0.5b-instruct-fp16-v2,slice-versus-full-cache-v1,record-reuse,64,940193,confirmation,MEASUREMENT,attempt-25827902e9144fe2aee55df753eb5dd2,baseline,1,1,r075,d7390d56000586c3cb3667baaf8333af3ecc3cb46e395fd50bf81c7ac8d0e8f2,9,3,False,True,SUCCEEDED,False,CVOGL,CXGHP,"[65240, 38, 6610, 151645]",d9a5a48f788abe1d331c87cda955ce851dfdcbf8a75c3272223a0fada52af7f6,589,577,12,107.24,78.781,4,90235857584,90042246903,193610681,90157952320,1363,b606a5ffb164711bcf26ead5b4cf6b76462a9d8fa219b275290f9438959e6a6a,1363,12433,IDENTITY
h2-small-reuse64,qwen2.5-0.5b-instruct-fp16-v2,slice-versus-full-cache-v1,record-reuse,64,940193,confirmation,MEASUREMENT,attempt-25827902e9144fe2aee55df753eb5dd2,baseline,1,1,r076,d7390d56000586c3cb3667baaf8333af3ecc3cb46e395fd50bf81c7ac8d0e8f2,9,4,False,True,SUCCEEDED,True,CPEPD,CPEPD,"[34, 1740, 23025, 151645]",f95a08e2c769d25a0184b90624b05e6b1d8149e80c83ab36acf6a965907031d8,589,577,12,107.965,78.745,4,90434386143,90240482637,193903506,90379721193,1363,5bd8e022a681c4e782eb802c7ad8122ac37363515fb1e6c9f2736f4b1e36508b,1363,12814,IDENTITY
h2-small-reuse64,qwen2.5-0.5b-instruct-fp16-v2,slice-versus-full-cache-v1,record-reuse,64,940193,confirmation,MEASUREMENT,attempt-25827902e9144fe2aee55df753eb5dd2,baseline,1,1,r077,d7390d56000586c3cb3667baaf8333af3ecc3cb46e395fd50bf81c7ac8d0e8f2,9,5,False,True,SUCCEEDED,True,COJFF,COJFF,"[8281, 41, 1748, 151645]",04f5bf09895367fe7750c19797a6e586ea25855e3444ee2a7a84a18524999736,589,577,12,107.319,78.894,4,91269816710,91076135337,193681373,91190615286,1363,d0003ea4634a1d1796964ca939ac5d6044c0ec00d3dfcc4682359a734c4d606b,1363,12363,IDENTITY
h2-small-reuse64,qwen2.5-0.5b-instruct-fp16-v2,slice-versus-full-cache-v1,record-reuse,64,940193,confirmation,MEASUREMENT,attempt-25827902e9144fe2aee55df753eb5dd2,baseline,1,1,r078,d7390d56000586c3cb3667baaf8333af3ecc3cb46e395fd50bf81c7ac8d0e8f2,9,6,False,True,SUCCEEDED,True,CERRF,CERRF,"[34, 2650, 37, 151645]",273aa62613182f2d072d947da30216cc913eec2041ded15e9414996720f8461d,589,577,12,107.483,79.832,4,92259320726,92064639683,194681043,92186495029,1363,08c0bed7d1ef4202abb75a6ce6d1827877bfccd8a87f24d645a9edc5cc7173a8,1363,13565,IDENTITY
h2-small-reuse64,qwen2.5-0.5b-instruct-fp16-v2,slice-versus-full-cache-v1,record-reuse,64,940193,confirmation,MEASUREMENT,attempt-25827902e9144fe2aee55df753eb5dd2,baseline,1,1,r079,d7390d56000586c3cb3667baaf8333af3ecc3cb46e395fd50bf81c7ac8d0e8f2,9,7,False,True,SUCCEEDED,False,CHVGJ,CAGJHG,"[34, 1890, 41, 90111, 151645]",6accf0f369739ace734318e71d56f047911244e38ff33de256794e33ab81cc84,588,577,11,101.557,106.439,5,92482848670,92267784848,215063822,92401703530,1363,3c55fe61a091e193be1de0d18ac839843ebe5011d633e7a0ddc5e7bd164eec1f,1363,12383,IDENTITY
h2-small-reuse64,qwen2.5-0.5b-instruct-fp16-v2,slice-versus-full-cache-v1,record-reuse,64,940193,confirmation,MEASUREMENT,attempt-25827902e9144fe2aee55df753eb5dd2,baseline,1,1,r080,bc708ad77692546142999282f7852c06f1f763a4af482caa555ec2bf3782b6bd,10,0,True,True,SUCCEEDED,True,CMMFV,CMMFV,"[34, 8035, 37, 53, 151645]",4a8b5167868b0cea529e86b7f0a550f48660985fde995ffcab211f5d479d3043,601,70,531,3241.326,105.773,5,96457071213,93102695869,3354375344,96364447634,1363,0b402c4497fdd7cfda29745b59679d53026a8285bef9aca56348ab9551539cba,1363,12524,IDENTITY
h2-small-reuse64,qwen2.5-0.5b-instruct-fp16-v2,slice-versus-full-cache-v1,record-reuse,64,940193,confirmation,MEASUREMENT,attempt-25827902e9144fe2aee55df753eb5dd2,baseline,1,1,r081,bc708ad77692546142999282f7852c06f1f763a4af482caa555ec2bf3782b6bd,10,1,False,True,SUCCEEDED,True,CWNQT,CWNQT,"[34, 36919, 43678, 151645]",acdcc83cdd5ccc7ddbcb3c330855c680c91913db1291b9c3374d9297dfd4e050,600,589,11,100.8,78.532,4,97280156830,97093689755,186467075,97208503704,1363,f641edb2768b1c4aaeb6541564bf6d5257c982ed6df0a9b859c20d23220a85ea,1363,12463,IDENTITY
h2-small-reuse64,qwen2.5-0.5b-instruct-fp16-v2,slice-versus-full-cache-v1,record-reuse,64,940193,confirmation,MEASUREMENT,attempt-25827902e9144fe2aee55df753eb5dd2,baseline,1,1,r082,bc708ad77692546142999282f7852c06f1f763a4af482caa555ec2bf3782b6bd,10,2,False,True,SUCCEEDED,True,CTSMV,CTSMV,"[1162, 9501, 53, 151645]",c467c9c3c893aa068e10fce999c1247add447b6deb46729759e460dcf51fa579,601,589,12,108.557,79.96,4,97486455851,97286456898,199998953,97418658176,1363,725f845587d4b37f1c423a18b6dd9e7244275bc17d88f68f1a4a0cebfc79de3f,1363,12333,IDENTITY
h2-small-reuse64,qwen2.5-0.5b-instruct-fp16-v2,slice-versus-full-cache-v1,record-reuse,64,940193,confirmation,MEASUREMENT,attempt-25827902e9144fe2aee55df753eb5dd2,baseline,1,1,r083,bc708ad77692546142999282f7852c06f1f763a4af482caa555ec2bf3782b6bd,10,3,False,True,SUCCEEDED,False,CKVJA,CWMJR,"[34, 15210, 84692, 151645]",e489843cd88ec2159357cf214fb0e759aef34a31055bd7dd97b476d1ccd61eb1,601,589,12,107.633,78.488,4,98302017164,98108478566,193538598,98230486957,1363,0c2876828bdb445931e114059f656128f07e6c0d84b6fb335ad692e0d30a689e,1363,12563,IDENTITY
h2-small-reuse64,qwen2.5-0.5b-instruct-fp16-v2,slice-versus-full-cache-v1,record-reuse,64,940193,confirmation,MEASUREMENT,attempt-25827902e9144fe2aee55df753eb5dd2,baseline,1,1,r084,bc708ad77692546142999282f7852c06f1f763a4af482caa555ec2bf3782b6bd,10,4,False,True,SUCCEEDED,True,CWVTE,CWVTE,"[66282, 53, 2446, 151645]",f538621b1e59502b4ad9df30dc0cd2e9fd154727e311fa8bd1591aef67f3f3e3,601,589,12,107.637,78.597,4,99285183515,99091253438,193930077,99225334703,1363,1ca6c495a4ef0eac832736a92cd61f4f6d8393155edd209c45be40be7eb34447,1363,12533,IDENTITY
h2-small-reuse64,qwen2.5-0.5b-instruct-fp16-v2,slice-versus-full-cache-v1,record-reuse,64,940193,confirmation,MEASUREMENT,attempt-25827902e9144fe2aee55df753eb5dd2,baseline,1,1,r085,bc708ad77692546142999282f7852c06f1f763a4af482caa555ec2bf3782b6bd,10,5,False,True,SUCCEEDED,True,CKEER,CKEER,"[34, 3390, 640, 151645]",e252ffc91cc1fa31d7ac69c40ba4a35372ace122b86fbd3001b641a589a55b31,601,589,12,108.425,79.93,4,99489031398,99289105409,199925989,99424470222,1363,6ae63bfe9650d236396242ddcc6b863311f57bd29873dec235ea57397a999f4c,1363,12343,IDENTITY
h2-small-reuse64,qwen2.5-0.5b-instruct-fp16-v2,slice-versus-full-cache-v1,record-reuse,64,940193,confirmation,MEASUREMENT,attempt-25827902e9144fe2aee55df753eb5dd2,baseline,1,1,r086,bc708ad77692546142999282f7852c06f1f763a4af482caa555ec2bf3782b6bd,10,6,False,True,SUCCEEDED,True,CLGPD,CLGPD,"[3140, 38, 23025, 151645]",00b3ca5da1aaec637bee28375305e902bd71793b1f0aac784c969ddb71ae6ddd,601,589,12,107.713,78.634,4,100309543408,100115660891,193882517,100236530083,1363,669a4786ded1ee8b4b9d4400813e54030e195e7833f9bdb202ac9efc70ce75dc,1363,12263,IDENTITY
h2-small-reuse64,qwen2.5-0.5b-instruct-fp16-v2,slice-versus-full-cache-v1,record-reuse,64,940193,confirmation,MEASUREMENT,attempt-25827902e9144fe2aee55df753eb5dd2,baseline,1,1,r087,bc708ad77692546142999282f7852c06f1f763a4af482caa555ec2bf3782b6bd,10,7,False,True,SUCCEEDED,True,CWHXZ,CWHXZ,"[34, 19890, 55, 57, 151645]",f8cd11ba811ffd2006c9b3fde755b23e5ffa3c4661d97add3bd4905cef4e59a8,601,589,12,107.469,106.035,5,101320812925,101099945679,220867246,101233412721,1363,227e4b4987803e5595b80be200cf3a06bbbbaa9eee777ed03d7602c14f3d5403,1363,12864,IDENTITY
h2-small-reuse64,qwen2.5-0.5b-instruct-fp16-v2,slice-versus-full-cache-v1,record-reuse,64,940193,confirmation,MEASUREMENT,attempt-25827902e9144fe2aee55df753eb5dd2,baseline,1,1,r088,83eb72a128089e4c4acd490ddb61b7fc1ff52e701220c3f863de5a1ed0d1ab52,11,0,True,True,SUCCEEDED,False,CTUJJ,CJOPX,"[34, 41, 3067, 55, 151645]",22d1ff5826c24f41a1767e21e919ebd245b85e9164c312b47b6d53d6e46b6b91,603,70,533,3259.249,105.972,5,105487983928,102112190169,3375793759,105436030932,1363,a14022efce4c06d2521b2635b31c4a99c581614ab4fa55883c2e786222e701ff,1363,12343,IDENTITY
h2-small-reuse64,qwen2.5-0.5b-instruct-fp16-v2,slice-versus-full-cache-v1,record-reuse,64,940193,confirmation,MEASUREMENT,attempt-25827902e9144fe2aee55df753eb5dd2,baseline,1,1,r089,83eb72a128089e4c4acd490ddb61b7fc1ff52e701220c3f863de5a1ed0d1ab52,11,1,False,True,SUCCEEDED,True,CGOVV,CGOVV,"[8798, 38957, 53, 151645]",019f000b06ae5b89f91fbc90a599f60455392c857e78323a506bbf6cb3f9518c,603,592,11,101.812,82.737,4,106316330029,106124473590,191856439,106240483294,1363,6375a61c326484099ed256277e78eb7ca56a4e42e72b802428d3272ff6187a47,1363,12363,IDENTITY
h2-small-reuse64,qwen2.5-0.5b-instruct-fp16-v2,slice-versus-full-cache-v1,record-reuse,64,940193,confirmation,MEASUREMENT,attempt-25827902e9144fe2aee55df753eb5dd2,baseline,1,1,r090,83eb72a128089e4c4acd490ddb61b7fc1ff52e701220c3f863de5a1ed0d1ab52,11,2,False,True,SUCCEEDED,False,COROT,CCVYC,"[3706, 53, 92844, 151645]",3564f938a928581ab5bd3b64dcb6d883d3b7a4d4b507cb9abfd6899fad7e0753,603,591,12,107.866,79.755,4,107328770554,107133631329,195139225,107268469110,1363,19b08274568d33ae927f6871d74ec61e626a50641240438ba63afe2e6ec90b64,1363,12352,IDENTITY
h2-small-reuse64,qwen2.5-0.5b-instruct-fp16-v2,slice-versus-full-cache-v1,record-reuse,64,940193,confirmation,MEASUREMENT,attempt-25827902e9144fe2aee55df753eb5dd2,baseline,1,1,r091,83eb72a128089e4c4acd490ddb61b7fc1ff52e701220c3f863de5a1ed0d1ab52,11,3,False,True,SUCCEEDED,True,CCWLK,CCWLK,"[3706, 61139, 42, 151645]",d48ab53a6ef7705bb3fd8a3a728e7ee9330efc788c349fa8fff9002723e169f9,603,591,12,107.712,79.089,4,108322654355,108124565564,198088791,108258452878,1363,850d5a21f182316b6b1dddfdd00b14be095be2415c5d04cae374ec495457211c,1363,12533,IDENTITY
h2-small-reuse64,qwen2.5-0.5b-instruct-fp16-v2,slice-versus-full-cache-v1,record-reuse,64,940193,confirmation,MEASUREMENT,attempt-25827902e9144fe2aee55df753eb5dd2,baseline,1,1,r092,83eb72a128089e4c4acd490ddb61b7fc1ff52e701220c3f863de5a1ed0d1ab52,11,4,False,True,SUCCEEDED,True,CGJWX,CGJWX,"[8798, 41, 65376, 151645]",4bfbc6417aefc83f64820807e4fb7b462f936f9d68a94e205a6d2b525224ebf5,603,591,12,107.854,78.797,4,109331627099,109137425558,194201541,109259627960,1363,b01a4fae3f8b8428ed1ebde2edf22cfa8533c39c0bcc0ab3f64551888e77d365,1363,12223,IDENTITY
h2-small-reuse64,qwen2.5-0.5b-instruct-fp16-v2,slice-versus-full-cache-v1,record-reuse,64,940193,confirmation,MEASUREMENT,attempt-25827902e9144fe2aee55df753eb5dd2,baseline,1,1,r093,83eb72a128089e4c4acd490ddb61b7fc1ff52e701220c3f863de5a1ed0d1ab52,11,5,False,True,SUCCEEDED,False,CIDMD,CSDPJ,"[34, 5491, 94235, 151645]",abab37253f9aabe60ff61a9b64705af4aa5fb1f6081463bd1f092ec70bbaff8a,603,591,12,107.613,78.98,4,110330318512,110136224251,194094261,110258512111,1363,1603f5269379e25dc20a4859099a2fb0ebef0952eb16d3f776cb8d021d45687b,1363,12674,IDENTITY
h2-small-reuse64,qwen2.5-0.5b-instruct-fp16-v2,slice-versus-full-cache-v1,record-reuse,64,940193,confirmation,MEASUREMENT,attempt-25827902e9144fe2aee55df753eb5dd2,baseline,1,1,r094,83eb72a128089e4c4acd490ddb61b7fc1ff52e701220c3f863de5a1ed0d1ab52,11,6,False,True,SUCCEEDED,False,CNKKM,CTVJJ,"[34, 15653, 63391, 151645]",6ef941bb1a8ddd9155ff7d216c3c198a9cfb5233c2ee8a5d4ef13ad9c7977005,604,591,13,115.104,79.324,4,111331475560,111129803265,201672295,111271368489,1363,ea8da14de5ff5cef61d4b45ba4f18d6d602bfb301fffef994ea4aa91c5bd9b6a,1363,12593,IDENTITY
h2-small-reuse64,qwen2.5-0.5b-instruct-fp16-v2,slice-versus-full-cache-v1,record-reuse,64,940193,confirmation,MEASUREMENT,attempt-25827902e9144fe2aee55df753eb5dd2,baseline,1,1,r095,83eb72a128089e4c4acd490ddb61b7fc1ff52e701220c3f863de5a1ed0d1ab52,11,7,False,True,SUCCEEDED,False,CYZMT,CGHFP,"[8798, 39, 11698, 151645]",b7c2d07284ba88129a85170cc63f435ddcb32cb7d7db79ee9a8d69fad0213b77,604,591,13,115.039,78.841,4,112345385588,112140094001,205291587,112281481193,1363,2624325b01bd218e46bec7f7d338d8078682fddc453a6b6650b00428a86c02ec,1363,13004,IDENTITY
h2-small-reuse64,qwen2.5-0.5b-instruct-fp16-v2,slice-versus-full-cache-v1,record-reuse,64,940193,confirmation,MEASUREMENT,attempt-25827902e9144fe2aee55df753eb5dd2,baseline,1,1,r096,97f0fe773db407e3ea703e9d896ff10b1d7a28865ea7310ee4aa0a15a73340ae,12,0,True,True,SUCCEEDED,False,CIFCA,CJYFC,"[34, 41, 56, 6754, 151645]",a405d18c1a2259858459f49fd0e49fa6c44ce28e332bf8143580b0622a58051e,599,70,529,3235.838,106.014,5,116485308002,113132606391,3352701611,116437153040,1363,97afd0f72225260b3537674ade099ed74ed167b4d27b41d7b8aad27de7677eb3,1363,12754,IDENTITY
h2-small-reuse64,qwen2.5-0.5b-instruct-fp16-v2,slice-versus-full-cache-v1,record-reuse,64,940193,confirmation,MEASUREMENT,attempt-25827902e9144fe2aee55df753eb5dd2,baseline,1,1,r097,97f0fe773db407e3ea703e9d896ff10b1d7a28865ea7310ee4aa0a15a73340ae,12,1,False,True,SUCCEEDED,False,CUJAG,CJYFC,"[34, 41, 56, 6754, 151645]",1cd784fa03c0a331f9da08be574fc852917c95e5ddd64eb49c678607c976b39a,598,587,11,101.055,104.869,5,117373722653,117160147530,213575123,117275550135,1363,1ad7674fe1f6173b9448520920f2d4b14fad373b37b4291739ec644d5e45499c,1363,12734,IDENTITY
h2-small-reuse64,qwen2.5-0.5b-instruct-fp16-v2,slice-versus-full-cache-v1,record-reuse,64,940193,confirmation,MEASUREMENT,attempt-25827902e9144fe2aee55df753eb5dd2,baseline,1,1,r098,97f0fe773db407e3ea703e9d896ff10b1d7a28865ea7310ee4aa0a15a73340ae,12,2,False,True,SUCCEEDED,False,COAND,CMBXT,"[34, 8412, 9036, 151645]",6938ce6c637bb8ca6792926f1e1170ae6d8dc8749ad07cfa29e78a5a76c40218,599,587,12,107.581,78.776,4,118349305948,118155492759,193813189,118277498285,1363,47b02fd0930b2858d4fef9dfad3cae8303f9d50f7700146f4e111fbc3e5d6a2b,1363,12554,IDENTITY
h2-small-reuse64,qwen2.5-0.5b-instruct-fp16-v2,slice-versus-full-cache-v1,record-reuse,64,940193,confirmation,MEASUREMENT,attempt-25827902e9144fe2aee55df753eb5dd2,baseline,1,1,r099,97f0fe773db407e3ea703e9d896ff10b1d7a28865ea7310ee4aa0a15a73340ae,12,3,False,True,SUCCEEDED,False,CYQSP,CFWNI,"[34, 18222, 14912, 151645]",ce1910e8e86f413255733497962ed86b2cbbc9902ff6e22cc81d795df73a5f0e,599,587,12,107.581,78.765,4,119345531093,119151475113,194055980,119273460310,1363,328ffb613acef20097c904157d8aeb8b4210aba4f5fc4df6574e0a7b32bc9b66,1363,12454,IDENTITY
h2-small-reuse64,qwen2.5-0.5b-instruct-fp16-v2,slice-versus-full-cache-v1,record-reuse,64,940193,confirmation,MEASUREMENT,attempt-25827902e9144fe2aee55df753eb5dd2,baseline,1,1,r100,97f0fe773db407e3ea703e9d896ff10b1d7a28865ea7310ee4aa0a15a73340ae,12,4,False,True,SUCCEEDED,False,CVNZR,CLOJB,"[34, 1593, 46107, 151645]",13b8ba33bb32e3d14e40f7b5f1f05551558d247b5e041275b6cac1a58485fade,599,587,12,107.443,78.809,4,120337573860,120143976253,193597607,120277401066,1363,ce0a35d2c89f963ac3b4b9f53fd23da0bde7e721ab9cf48a409366da3fcf9d6f,1363,12463,IDENTITY
h2-small-reuse64,qwen2.5-0.5b-instruct-fp16-v2,slice-versus-full-cache-v1,record-reuse,64,940193,confirmation,MEASUREMENT,attempt-25827902e9144fe2aee55df753eb5dd2,baseline,1,1,r101,97f0fe773db407e3ea703e9d896ff10b1d7a28865ea7310ee4aa0a15a73340ae,12,5,False,True,SUCCEEDED,False,CZGWA,CGBIX,"[34, 5381, 5396, 151645]",619a394e5ad15d1aec35ee24487bb64a41ddd291d66294f1a96ce54ceb21e22a,599,587,12,108.485,79.958,4,120539635430,120341733937,197901493,120474732348,1363,ea7850ad60a2c38d596545df592e6978469d44c97f488934fcefe5874dc3b56d,1363,12473,IDENTITY
h2-small-reuse64,qwen2.5-0.5b-instruct-fp16-v2,slice-versus-full-cache-v1,record-reuse,64,940193,confirmation,MEASUREMENT,attempt-25827902e9144fe2aee55df753eb5dd2,baseline,1,1,r102,97f0fe773db407e3ea703e9d896ff10b1d7a28865ea7310ee4aa0a15a73340ae,12,6,False,True,SUCCEEDED,False,CHMTI,CMIAT,"[34, 9773, 828, 151645]",a44ab121f6c1a80cefa09fedf6536980bcb596c7fca114b8c4afa4811d601418,599,587,12,108.044,78.704,4,121364306576,121169567365,194739211,121292496969,1363,890d2ff29da399697ea3db93ecc2b01d8fad5b7168ad3bbd4305dd25577a2fc4,1363,12263,IDENTITY
h2-small-reuse64,qwen2.5-0.5b-instruct-fp16-v2,slice-versus-full-cache-v1,record-reuse,64,940193,confirmation,MEASUREMENT,attempt-25827902e9144fe2aee55df753eb5dd2,baseline,1,1,r103,97f0fe773db407e3ea703e9d896ff10b1d7a28865ea7310ee4aa0a15a73340ae,12,7,False,True,SUCCEEDED,True,CXBPG,CXBPG,"[65240, 33, 11383, 151645]",a354529406b45a81e81094b4a5230830c14f3be9cf71b43e82963ac097328bb8,599,588,11,100.621,78.543,4,122339745692,122152659084,187086608,122269256912,1363,912e2843bbac3c0c03153c044725823c9aaf7c7e950fb554b3e17f7d6d7485cf,1363,12804,IDENTITY
h2-small-reuse64,qwen2.5-0.5b-instruct-fp16-v2,slice-versus-full-cache-v1,record-reuse,64,940193,confirmation,MEASUREMENT,attempt-25827902e9144fe2aee55df753eb5dd2,baseline,1,1,r104,c7b70dab4d36cb30d5e673373ef2a93b4091bdd561e6620bdb9fd867021d1082,13,0,True,True,SUCCEEDED,False,CLTAT,COJAA,"[8281, 41, 6029, 151645]",358891904e1e9e125a6580160d6ea6fa50bf1446fd1f914edd2192ffd813d6b7,600,71,529,3241.167,79.146,4,125673879309,122345405299,3328474010,125618429529,1363,719cd69131bbda062fb97d197cca7b544d376ab3e194e73079dc2b89e8ef9844,1363,12494,IDENTITY
h2-small-reuse64,qwen2.5-0.5b-instruct-fp16-v2,slice-versus-full-cache-v1,record-reuse,64,940193,confirmation,MEASUREMENT,attempt-25827902e9144fe2aee55df753eb5dd2,baseline,1,1,r105,c7b70dab4d36cb30d5e673373ef2a93b4091bdd561e6620bdb9fd867021d1082,13,1,False,True,SUCCEEDED,False,CZXTX,CNYUI,"[34, 23054, 2275, 151645]",e03207ea9441d6dfff402d9527d7c21dba8fc9996d067dc18bf9161e7d0613cd,600,588,12,107.725,78.798,4,126375291559,126181384356,193907203,126303416420,1363,eaf1435845fd4430306332cb54d99e31a84224ecd85b1fc80941d304d738d136,1363,12443,IDENTITY
h2-small-reuse64,qwen2.5-0.5b-instruct-fp16-v2,slice-versus-full-cache-v1,record-reuse,64,940193,confirmation,MEASUREMENT,attempt-25827902e9144fe2aee55df753eb5dd2,baseline,1,1,r106,c7b70dab4d36cb30d5e673373ef2a93b4091bdd561e6620bdb9fd867021d1082,13,2,False,True,SUCCEEDED,False,CIACD,CUXUQ,"[34, 13401, 52, 48, 151645]",d27f230d2cdcb7415861b576b9b555726d8edc76dbc3111d4a5dc0e5973d843f,600,588,12,107.613,104.943,5,127403935630,127184031446,219904184,127306443988,1363,86c1b0cb27d78f7eb46f43f6eb0bdf46db6c0ab427ec694e9fbc1bc659cae99c,1363,12674,IDENTITY
h2-small-reuse64,qwen2.5-0.5b-instruct-fp16-v2,slice-versus-full-cache-v1,record-reuse,64,940193,confirmation,MEASUREMENT,attempt-25827902e9144fe2aee55df753eb5dd2,baseline,1,1,r107,c7b70dab4d36cb30d5e673373ef2a93b4091bdd561e6620bdb9fd867021d1082,13,3,False,True,SUCCEEDED,False,CGYVG,CAXJN,"[34, 2954, 41, 45, 151645]",23ed2b61bb4a646d09f1128cb6609e05311f92f615ecca1c20cc798a72a87356,600,588,12,107.971,105.199,5,128358727775,128138294677,220433098,128271379639,1363,a0ecc56557181c5ac2c5416d6c07b6b4b7429ec68e1d20d9705835c79df15c8f,1363,12373,IDENTITY
h2-small-reuse64,qwen2.5-0.5b-instruct-fp16-v2,slice-versus-full-cache-v1,record-reuse,64,940193,confirmation,MEASUREMENT,attempt-25827902e9144fe2aee55df753eb5dd2,baseline,1,1,r108,c7b70dab4d36cb30d5e673373ef2a93b4091bdd561e6620bdb9fd867021d1082,13,4,False,True,SUCCEEDED,True,CAXJN,CAXJN,"[34, 2954, 41, 45, 151645]",8bf365607537879c0e733724aca4e2dd8b7ad1c07d1e183b007de21db12d9938,599,588,11,113.007,105.122,5,128589381253,128364057658,225323595,128501685289,1363,d8753ebe38e763f3e874040d5adf3640dc0fb5e9284fb7158b3a90f0884a5a9b,1363,12554,IDENTITY
h2-small-reuse64,qwen2.5-0.5b-instruct-fp16-v2,slice-versus-full-cache-v1,record-reuse,64,940193,confirmation,MEASUREMENT,attempt-25827902e9144fe2aee55df753eb5dd2,baseline,1,1,r109,c7b70dab4d36cb30d5e673373ef2a93b4091bdd561e6620bdb9fd867021d1082,13,5,False,True,SUCCEEDED,False,CISFV,CJLMW CXZZU,"[34, 41, 10994, 54, 48483, 33536, 52, 151645]",7263388b8dc95d8a22fcdf3cb6519b881796a397ce6e3e2c33e6519750543159,600,588,12,107.437,184.89,8,129502950478,129203359797,299590681,129337202397,1363,04a03df6b59c2eb3f32cf837f96277f3ee16ad8c7f18d414e437bd4d50c39044,1363,12794,IDENTITY
h2-small-reuse64,qwen2.5-0.5b-instruct-fp16-v2,slice-versus-full-cache-v1,record-reuse,64,940193,confirmation,MEASUREMENT,attempt-25827902e9144fe2aee55df753eb5dd2,baseline,1,1,r110,c7b70dab4d36cb30d5e673373ef2a93b4091bdd561e6620bdb9fd867021d1082,13,6,False,True,SUCCEEDED,False,CZWEE,CQXLT,"[34, 48, 55, 27404, 151645]",e4d5b762cd4c4ddb2a8b03013f8e6875f12418a230827e746b6578606616c2f2,599,588,11,103.013,110.022,5,130404753771,130184297810,220455961,130307338040,1363,418a227165719118af50333104e99394233cfc9958382939b45f9a2f508da5c8,1363,12403,IDENTITY
h2-small-reuse64,qwen2.5-0.5b-instruct-fp16-v2,slice-versus-full-cache-v1,record-reuse,64,940193,confirmation,MEASUREMENT,attempt-25827902e9144fe2aee55df753eb5dd2,baseline,1,1,r111,c7b70dab4d36cb30d5e673373ef2a93b4091bdd561e6620bdb9fd867021d1082,13,7,False,True,SUCCEEDED,True,CXWAF,CXWAF,"[65240, 54, 8276, 151645]",9bd2cdd3b0e76ae289604f88a8846dd487e2574ddf7bf4aca1d1facb792b45fc,600,588,12,109.381,79.412,4,131368463662,131172741533,195722129,131289527511,1363,3f113e57bce0c0d71f7a824b2966fed7d083d25715303855151cbb75c2ba3a95,1363,12273,IDENTITY
h2-small-reuse64,qwen2.5-0.5b-instruct-fp16-v2,slice-versus-full-cache-v1,record-reuse,64,940193,confirmation,MEASUREMENT,attempt-25827902e9144fe2aee55df753eb5dd2,baseline,1,1,r112,09eaa24cc71ab399e2535f01d02bb32674a448760f00557330f0feeb3e791797,14,0,True,True,SUCCEEDED,False,CMJMP,CJJWX,"[34, 41, 41, 65376, 151645]",13f8727ac8292581124e5cb24f6caa2faab393512db940e4729e1f9644b7200f,602,70,532,3273.019,105.046,5,134762029956,131375786642,3386243314,134680357796,1363,c954062657d1f3ae18f528d9708fa3f83e0b6198fca603542f8c158e95a73e5c,1363,12664,IDENTITY
h2-small-reuse64,qwen2.5-0.5b-instruct-fp16-v2,slice-versus-full-cache-v1,record-reuse,64,940193,confirmation,MEASUREMENT,attempt-25827902e9144fe2aee55df753eb5dd2,baseline,1,1,r113,09eaa24cc71ab399e2535f01d02bb32674a448760f00557330f0feeb3e791797,14,1,False,True,SUCCEEDED,True,CUNEZ,CUNEZ,"[34, 49389, 57, 151645]",60e072684231b6695fa746aaa5882f78f14931a7e9b3840e73158d6e2fe1ed6b,602,590,12,107.958,78.747,4,135402789770,135208698134,194091636,135343280140,1363,2159ddb2a188fdd317aca25dd52fea61f859359e7259c89857e5bbbcc2994fad,1363,12644,IDENTITY
h2-small-reuse64,qwen2.5-0.5b-instruct-fp16-v2,slice-versus-full-cache-v1,record-reuse,64,940193,confirmation,MEASUREMENT,attempt-25827902e9144fe2aee55df753eb5dd2,baseline,1,1,r114,09eaa24cc71ab399e2535f01d02bb32674a448760f00557330f0feeb3e791797,14,2,False,True,SUCCEEDED,False,CZJAH,CIBFF,"[34, 3256, 1748, 151645]",56a68e67cb2a5799356e7aaef2eff5a6efe3ae74e923eeabdbae3f3954a570eb,602,590,12,107.83,78.575,4,136394184492,136200108926,194075566,136339284795,1363,646bdd7f05180ab679727378dee295f9a7003a79ed812cd5482bb9e611dafea2,1363,12363,IDENTITY
h2-small-reuse64,qwen2.5-0.5b-instruct-fp16-v2,slice-versus-full-cache-v1,record-reuse,64,940193,confirmation,MEASUREMENT,attempt-25827902e9144fe2aee55df753eb5dd2,baseline,1,1,r115,09eaa24cc71ab399e2535f01d02bb32674a448760f00557330f0feeb3e791797,14,3,False,True,SUCCEEDED,False,CZNXW,CUBNF,"[34, 4493, 38067, 151645]",d1159db511200cfa87eb3ed3d51af7eebfd11be70e4faaff8e69b1c4e7fa38ee,602,590,12,107.785,78.904,4,137396711578,137201722162,194989416,137336364090,1363,a622b77a5f063b135b3f5e4ddd496c106ffdca5353e4686f0227a2a42659807b,1363,12604,IDENTITY
h2-small-reuse64,qwen2.5-0.5b-instruct-fp16-v2,slice-versus-full-cache-v1,record-reuse,64,940193,confirmation,MEASUREMENT,attempt-25827902e9144fe2aee55df753eb5dd2,baseline,1,1,r116,09eaa24cc71ab399e2535f01d02bb32674a448760f00557330f0feeb3e791797,14,4,False,True,SUCCEEDED,False,CUTZU,CQSYK,"[34, 48, 18416, 42, 151645]",1b552b3d23049ff6b7cc8d26aba2e7ebc25bffeda9706fc83d0dd7ef0d465b28,602,590,12,107.581,105.078,5,138424992484,138204906091,220086393,138339385907,1363,c71073666f309496d53c6be66a42566b81f390fb6733d86679c7f1d8d0cd39b6,1363,12292,IDENTITY
h2-small-reuse64,qwen2.5-0.5b-instruct-fp16-v2,slice-versus-full-cache-v1,record-reuse,64,940193,confirmation,MEASUREMENT,attempt-25827902e9144fe2aee55df753eb5dd2,baseline,1,1,r117,09eaa24cc71ab399e2535f01d02bb32674a448760f00557330f0feeb3e791797,14,5,False,True,SUCCEEDED,True,CSQIS,CSQIS,"[6412, 48, 1637, 151645]",b8c37a63ed0a0b6656dc2b377baffe418f4016cae7a063222391230abd887d22,602,590,12,107.693,78.585,4,139403426380,139209725210,193701170,139331543537,1363,ebb03ee73e90b873e042051486a74adf55431e42fe1d934fdc2bbfd378050f2f,1363,12363,IDENTITY
h2-small-reuse64,qwen2.5-0.5b-instruct-fp16-v2,slice-versus-full-cache-v1,record-reuse,64,940193,confirmation,MEASUREMENT,attempt-25827902e9144fe2aee55df753eb5dd2,baseline,1,1,r118,09eaa24cc71ab399e2535f01d02bb32674a448760f00557330f0feeb3e791797,14,6,False,True,SUCCEEDED,False,CTLXV,CTGUP,"[1162, 38, 3124, 151645]",f8cff63d94d6c926f1cef3661076be7e217959e157eb619bb6ffb5bdf19495b6,602,590,12,107.751,78.658,4,140389606524,140195940679,193665845,140318530892,1363,6962d7b6ebea5a7472b60bd731d346d81d9feb206217093ee188e2895677c1e4,1363,12343,IDENTITY
h2-small-reuse64,qwen2.5-0.5b-instruct-fp16-v2,slice-versus-full-cache-v1,record-reuse,64,940193,confirmation,MEASUREMENT,attempt-25827902e9144fe2aee55df753eb5dd2,baseline,1,1,r119,09eaa24cc71ab399e2535f01d02bb32674a448760f00557330f0feeb3e791797,14,7,False,True,SUCCEEDED,True,CIBEG,CIBEG,"[34, 3256, 9376, 151645]",edb08278f5258c767229483d061f57e64541abac959a3c217f28289230668f93,602,590,12,108.23,78.904,4,140588627668,140394091586,194536082,140526817409,1363,f8833f5ea2be9827d634e7cea75b166a3bbe7dbc145f6eb52abf4364e8a4b9aa,1363,12333,IDENTITY
h2-small-reuse64,qwen2.5-0.5b-instruct-fp16-v2,slice-versus-full-cache-v1,record-reuse,64,940193,confirmation,MEASUREMENT,attempt-25827902e9144fe2aee55df753eb5dd2,baseline,1,1,r120,8f66e2c926b626d3de1bc31e5816ffed29e15bb75a4715096d4da2d970e0bbc4,15,0,True,True,SUCCEEDED,True,CPBEG,CPBEG,"[7123, 33, 9376, 151645]",48f8847aea77cfbbece24ed265a04706206254f97cefbf1a89a7b6feeaddb6f4,589,71,518,3150.422,79.07,4,144455767000,141215805973,3239961027,144394843830,1363,5e737e0ae0422abe25c2238ccd5f3a4f962304ef8c6d1fa5b2ff6c95cebcf83c,1363,12193,IDENTITY
h2-small-reuse64,qwen2.5-0.5b-instruct-fp16-v2,slice-versus-full-cache-v1,record-reuse,64,940193,confirmation,MEASUREMENT,attempt-25827902e9144fe2aee55df753eb5dd2,baseline,1,1,r121,8f66e2c926b626d3de1bc31e5816ffed29e15bb75a4715096d4da2d970e0bbc4,15,1,False,True,SUCCEEDED,False,CSTXF,CNGSS,"[34, 6140, 1220, 151645]",01b1a5963d302bb4d9cdae3c98fd18cf00f6edcb64712d528864e077d7c8fee4,588,577,11,100.441,78.662,4,145413579743,145227327146,186252597,145342443879,1363,fe2e2b578fca972b9211bb83bd10303f453451121439e532407147c42a64e6d2,1363,12223,IDENTITY
h2-small-reuse64,qwen2.5-0.5b-instruct-fp16-v2,slice-versus-full-cache-v1,record-reuse,64,940193,confirmation,MEASUREMENT,attempt-25827902e9144fe2aee55df753eb5dd2,baseline,1,1,r122,8f66e2c926b626d3de1bc31e5816ffed29e15bb75a4715096d4da2d970e0bbc4,15,2,False,True,SUCCEEDED,False,COSTR,CPTSJ,"[34, 2828, 97489, 151645]",64ad172bf3570943da21adfeefc252fc076b8c99810976e9671f2171cf2eb97b,589,577,12,107.398,78.708,4,146399884929,146206431189,193453740,146328428980,1363,af176977dc39300c4b10f1a173a8d207d5cc5556a74915e2cda7ddf0902145e8,1363,12433,IDENTITY
h2-small-reuse64,qwen2.5-0.5b-instruct-fp16-v2,slice-versus-full-cache-v1,record-reuse,64,940193,confirmation,MEASUREMENT,attempt-25827902e9144fe2aee55df753eb5dd2,baseline,1,1,r123,8f66e2c926b626d3de1bc31e5816ffed29e15bb75a4715096d4da2d970e0bbc4,15,3,False,True,SUCCEEDED,True,CGRDB,CGRDB,"[8798, 49, 3506, 151645]",b9e78f586cada3054cffef7c0a5889d255d59508c49c3bc89b8d719031d28b2f,590,577,13,115.157,78.859,4,146608055701,146404981347,203074354,146544842322,1363,e741094d23eed80a18710c022c19fb92c612a85e0802f400a6115924b2059b2a,1363,12593,IDENTITY
h2-small-reuse64,qwen2.5-0.5b-instruct-fp16-v2,slice-versus-full-cache-v1,record-reuse,64,940193,confirmation,MEASUREMENT,attempt-25827902e9144fe2aee55df753eb5dd2,baseline,1,1,r124,8f66e2c926b626d3de1bc31e5816ffed29e15bb75a4715096d4da2d970e0bbc4,15,4,False,True,SUCCEEDED,False,CCGKT,CCTWNU,"[34, 1162, 54, 3926, 151645]",fac5fac16a975fb3ed22dc9ee4d2351896fa4556c9c7bbea8839e4e3b46cf65f,590,577,13,115.959,107.253,5,147464690165,147233309736,231380429,147365151475,1363,6ae1435dde3e244df6d005dd718ddddccb53e632614d0fe66c578d68cb3a07c0,1363,12744,IDENTITY
h2-small-reuse64,qwen2.5-0.5b-instruct-fp16-v2,slice-versus-full-cache-v1,record-reuse,64,940193,confirmation,MEASUREMENT,attempt-25827902e9144fe2aee55df753eb5dd2,baseline,1,1,r125,8f66e2c926b626d3de1bc31e5816ffed29e15bb75a4715096d4da2d970e0bbc4,15,5,False,True,SUCCEEDED,False,CLJJB,CCYFR,"[3706, 56, 10504, 151645]",f679b02e173f54fdf2a36e9389e8a664f17831fb50f5ae18282bb4844c4b4b51,589,577,12,108.352,79.155,4,148422954819,148226153002,196801817,148361086361,1363,bd2710a68e9c46dea470123f7a922b467e0d4aee871da4bbf136c161a4b05937,1363,12453,IDENTITY
h2-small-reuse64,qwen2.5-0.5b-instruct-fp16-v2,slice-versus-full-cache-v1,record-reuse,64,940193,confirmation,MEASUREMENT,attempt-25827902e9144fe2aee55df753eb5dd2,baseline,1,1,r126,8f66e2c926b626d3de1bc31e5816ffed29e15bb75a4715096d4da2d970e0bbc4,15,6,False,True,SUCCEEDED,True,CGHDP,CGHDP,"[8798, 39, 10298, 151645]",2a730efe6a50e7833dd37b35856e07c5a0fb313c0c91beda4d23a930b4b24e60,589,577,12,107.41,78.66,4,149388214312,149194784166,193430146,149328438527,1363,20917bc5fbd9eb1b384e751186f045908bc1ba932a0910081ecf3bc2b9cc6ba3,1363,12302,IDENTITY
h2-small-reuse64,qwen2.5-0.5b-instruct-fp16-v2,slice-versus-full-cache-v1,record-reuse,64,940193,confirmation,MEASUREMENT,attempt-25827902e9144fe2aee55df753eb5dd2,baseline,1,1,r127,8f66e2c926b626d3de1bc31e5816ffed29e15bb75a4715096d4da2d970e0bbc4,15,7,False,True,SUCCEEDED,False,CMXNQ,CSESFC,"[34, 27995, 6754, 151645]",a13487c96528bcf5671d79f29b51139387ad761eb82cce9c6ec89c4ea3bb7c11,588,577,11,101.731,79.28,4,149585416795,149396623583,188793212,149522732860,1363,b34741bcc7bce1711dfafc2279251671aed5208c0421ea74acf0f04656c57c5e,1363,12523,IDENTITY
h3-large-reuse24,qwen2.5-14b-instruct-fp16-v1,slice-versus-full-cache-v1,record-reuse,24,940129,confirmation,MEASUREMENT,attempt-b1eb4accdeed479badc300606ce025bc,baseline,0,1,r000,e2bbcf7fdcde8b11629d90c05f4882448617accadbe671b62961f35e85473931,0,0,True,True,SUCCEEDED,True,CLOTH,CLOTH,"[34, 1593, 3617, 151645]",788ef520e39794fca88a99cee3895e1f39664a7fee0c3ab48765522656138474,278,0,278,20851.607,1885.154,4,23570226739,802914321,22767312418,21681939568,643,95ab229aad631d13ffd5b08cbb36506b1a9660794f2011ed6d9c927f18a9fa4d,643,31288,IDENTITY
h3-large-reuse24,qwen2.5-14b-instruct-fp16-v1,slice-versus-full-cache-v1,record-reuse,24,940129,confirmation,MEASUREMENT,attempt-b1eb4accdeed479badc300606ce025bc,baseline,0,1,r001,e2bbcf7fdcde8b11629d90c05f4882448617accadbe671b62961f35e85473931,0,1,False,True,SUCCEEDED,True,CQERS,CQERS,"[34, 48, 4321, 151645]",dcfacdb81f248db54ef96a44869270b1dabd62d5c6c8310ab02c66fab34ae57b,278,266,12,1037.082,1890.096,4,26897376917,23947735218,2949641699,25011650359,643,15b407d07db478933af53f9fba2f42db625139de79f5b1c376a3202e0d5c641f,643,12152,IDENTITY
h3-large-reuse24,qwen2.5-14b-instruct-fp16-v1,slice-versus-full-cache-v1,record-reuse,24,940129,confirmation,MEASUREMENT,attempt-b1eb4accdeed479badc300606ce025bc,baseline,0,1,r002,e2bbcf7fdcde8b11629d90c05f4882448617accadbe671b62961f35e85473931,0,2,False,True,SUCCEEDED,False,CZDGI,M,"[44, 151645]",fed68538240390e6c8f00752c8d399476e62d6e84e90cd78420a530c5726f1e6,278,267,11,972.491,628.276,2,28594737358,26966311256,1628426102,27965026243,643,ed491892ecd440055f89d77b4d3bd2dcfa08bcfad66c5538aaaedf97394b42ef,643,11411,IDENTITY
h3-large-reuse24,qwen2.5-14b-instruct-fp16-v1,slice-versus-full-cache-v1,record-reuse,24,940129,confirmation,MEASUREMENT,attempt-b1eb4accdeed479badc300606ce025bc,baseline,0,1,r003,e2bbcf7fdcde8b11629d90c05f4882448617accadbe671b62961f35e85473931,0,3,False,True,SUCCEEDED,True,COJDO,COJDO,"[8281, 41, 5865, 151645]",e03aa324f584fec84e3a4ba33b0ed2a93e6283d12fb83ebb4d6a16db7f82aefd,278,267,11,969.775,1888.782,4,31835582649,28954696708,2880885941,29948508905,643,3c26b8fb55d8e5d6e7e41576a3addc7c2a7ac0ec79abdea8de87d3da749badd4,643,10600,IDENTITY
h3-large-reuse24,qwen2.5-14b-instruct-fp16-v1,slice-versus-full-cache-v1,record-reuse,24,940129,confirmation,MEASUREMENT,attempt-b1eb4accdeed479badc300606ce025bc,baseline,0,1,r004,e2bbcf7fdcde8b11629d90c05f4882448617accadbe671b62961f35e85473931,0,4,False,True,SUCCEEDED,False,CYEYZ,YEYZ,"[56, 36, 40209, 151645]",bf4c4aca34f51f0ed303b3a4cff9e9c1b4c5521c5de7b02574ad8c369b982619,279,266,13,1110.613,1910.396,4,34991909407,31954781805,3037127602,33087966919,643,197d603cadaf4bdf250c519cd2f35de45c2c1f0ac294125859e75f83511ede75,643,10610,IDENTITY
h3-large-reuse24,qwen2.5-14b-instruct-fp16-v1,slice-versus-full-cache-v1,record-reuse,24,940129,confirmation,MEASUREMENT,attempt-b1eb4accdeed479badc300606ce025bc,baseline,0,1,r005,e2bbcf7fdcde8b11629d90c05f4882448617accadbe671b62961f35e85473931,0,5,False,True,SUCCEEDED,False,CDPLE,DPLE,"[35, 9515, 151645]",e07f2b170d479db6f415134775aaff11eb8b5d4b5e3b38b2b23ce8038742df9f,279,266,13,1112.206,1258.878,3,37404767355,35009463135,2395304220,36147070634,643,20133fe664ed5f322f48fa97a94a4c56d59dfc9f593da3c66329a681617614f3,643,10530,IDENTITY
h3-large-reuse24,qwen2.5-14b-instruct-fp16-v1,slice-versus-full-cache-v1,record-reuse,24,940129,confirmation,MEASUREMENT,attempt-b1eb4accdeed479badc300606ce025bc,baseline,0,1,r006,e2bbcf7fdcde8b11629d90c05f4882448617accadbe671b62961f35e85473931,0,6,False,True,SUCCEEDED,False,CZSRO,CZEYZ,"[34, 52867, 40209, 151645]",e41e5e5f767000682921c7304c5bd31d8f1665835a0fc407c237469463699ac2,278,266,12,1037.162,1889.107,4,40919417540,37968211101,2951206439,39038386715,643,6e8616009c1ea00489e114b1db743596dbf3181c0d99a3599796be32ef0801cd,643,10550,IDENTITY
h3-large-reuse24,qwen2.5-14b-instruct-fp16-v1,slice-versus-full-cache-v1,record-reuse,24,940129,confirmation,MEASUREMENT,attempt-b1eb4accdeed479badc300606ce025bc,baseline,0,1,r007,e2bbcf7fdcde8b11629d90c05f4882448617accadbe671b62961f35e85473931,0,7,False,True,SUCCEEDED,True,CGCND,CGCND,"[8798, 34, 8065, 151645]",3e7297c93a295e92b282495f036363d612874361f905ffddc7a5ce65b90e45f5,278,266,12,1039.02,1888.3,4,43957463490,41006152556,2951310934,42060410756,643,091b9f3bad44fffe877757da1b98ba32d8c64d4882bfb1c07cbf20d2ba9d188c,643,11061,IDENTITY
h3-large-reuse24,qwen2.5-14b-instruct-fp16-v1,slice-versus-full-cache-v1,record-reuse,24,940129,confirmation,MEASUREMENT,attempt-b1eb4accdeed479badc300606ce025bc,baseline,0,1,r008,5a1ee5278b6015963dfae3285b51acf7892b79a0d9029eedd2291b9ef4f8aa2d,1,0,True,True,SUCCEEDED,False,CSKBE,S,"[50, 151645]",513e93d7e2cf863451d8e8db35613db70a40fee74f230d1f8c772b1e0620bc26,276,70,206,15536.644,632.216,2,60203381249,44012186338,16191194911,59621331077,643,2b1ffad0f3a92f5df01835e964e8cecca4359dde5d9dbd0dc4d500583c9617f3,643,10650,IDENTITY
h3-large-reuse24,qwen2.5-14b-instruct-fp16-v1,slice-versus-full-cache-v1,record-reuse,24,940129,confirmation,MEASUREMENT,attempt-b1eb4accdeed479badc300606ce025bc,baseline,0,1,r009,5a1ee5278b6015963dfae3285b51acf7892b79a0d9029eedd2291b9ef4f8aa2d,1,1,False,True,SUCCEEDED,True,CRHWH,CRHWH,"[8973, 39, 19890, 151645]",9612c5255031ca5baec43a3521f8628b5f6bde8b9290691e2e929f18c53c0d20,276,264,12,1039.664,1894.701,4,63986428188,61027414609,2959013579,62087301518,643,09b956c9107b42490ec184110d5d565a3cc45e30b76b2531efdb1d5d8a2c2b03,643,10780,IDENTITY
h3-large-reuse24,qwen2.5-14b-instruct-fp16-v1,slice-versus-full-cache-v1,record-reuse,24,940129,confirmation,MEASUREMENT,attempt-b1eb4accdeed479badc300606ce025bc,baseline,0,1,r010,5a1ee5278b6015963dfae3285b51acf7892b79a0d9029eedd2291b9ef4f8aa2d,1,2,False,True,SUCCEEDED,False,COMCC,MCCCCCC,"[44, 91443, 151645]",fd32aa2f6ff06fc1f996fe561a8d35ae5a62db61330a86a942cb5d6459d31d73,276,264,12,1083.207,1279.673,3,66459011688,64070342268,2388669420,65196387173,643,3186075e6e03bc1287aa92d1cdca4c70c44dc6444c4015fa42e726c67e8d3b5c,643,10560,IDENTITY
h3-large-reuse24,qwen2.5-14b-instruct-fp16-v1,slice-versus-full-cache-v1,record-reuse,24,940129,confirmation,MEASUREMENT,attempt-b1eb4accdeed479badc300606ce025bc,baseline,0,1,r011,5a1ee5278b6015963dfae3285b51acf7892b79a0d9029eedd2291b9ef4f8aa2d,1,3,False,True,SUCCEEDED,True,COXXI,COXXI,"[8281, 6148, 40, 151645]",53a7d6c04103096f1da26cbd7ee252190ad6030f644e4cb7c0dbf448cdf376c0,276,264,12,1046.57,1891.383,4,70019661687,67056830617,2962831070,68135307702,643,22c3f85971c08a15fa1121e8bb49491b93272d151ee9ebafbdd1efd0af9fa376,643,10911,IDENTITY
h3-large-reuse24,qwen2.5-14b-instruct-fp16-v1,slice-versus-full-cache-v1,record-reuse,24,940129,confirmation,MEASUREMENT,attempt-b1eb4accdeed479badc300606ce025bc,baseline,0,1,r012,5a1ee5278b6015963dfae3285b51acf7892b79a0d9029eedd2291b9ef4f8aa2d,1,4,False,True,SUCCEEDED,True,CKAEX,CKAEX,"[3021, 32, 3257, 151645]",c54aa9f9c21268af8ae4a8ea666b0f2cdce20ee11eacba69a5ef1a61685fc2a5,276,264,12,1040.692,1952.65,4,73105895611,70089194580,3016701031,71154154283,643,3f4f75f2eb8e4b1cef4e393ef2a751fa41762153fb714969936cad020c879860,643,10951,IDENTITY
h3-large-reuse24,qwen2.5-14b-instruct-fp16-v1,slice-versus-full-cache-v1,record-reuse,24,940129,confirmation,MEASUREMENT,attempt-b1eb4accdeed479badc300606ce025bc,baseline,0,1,r013,5a1ee5278b6015963dfae3285b51acf7892b79a0d9029eedd2291b9ef4f8aa2d,1,5,False,True,SUCCEEDED,True,CDLRR,CDLRR,"[6484, 43, 8106, 151645]",c7b427e5ae26f234745bf0ee65822dd541c19b3030c51f70759a834462954e38,276,264,12,1040.428,1886.037,4,76074532378,73124587455,2949944923,74177783289,643,42e04a6014f00e7ff5251140474e0c1f5b6884ff68071b045dd7f6ca55dd8c4c,643,10489,IDENTITY
h3-large-reuse24,qwen2.5-14b-instruct-fp16-v1,slice-versus-full-cache-v1,record-reuse,24,940129,confirmation,MEASUREMENT,attempt-b1eb4accdeed479badc300606ce025bc,baseline,0,1,r014,5a1ee5278b6015963dfae3285b51acf7892b79a0d9029eedd2291b9ef4f8aa2d,1,6,False,True,SUCCEEDED,True,CTHDY,CTHDY,"[1162, 19147, 56, 151645]",c42ff85516b472ee8e867c7b101b56c3aa1c224f1399b29b91d65638276d29d3,276,264,12,1039.815,1886.442,4,79062254372,76111188023,2951066349,77182762960,643,b602eb49cf0800c05f3bc3a217b0b27e62ba28b02ef103ed55d21dea013546b4,643,10359,IDENTITY
h3-large-reuse24,qwen2.5-14b-instruct-fp16-v1,slice-versus-full-cache-v1,record-reuse,24,940129,confirmation,MEASUREMENT,attempt-b1eb4accdeed479badc300606ce025bc,baseline,0,1,r015,5a1ee5278b6015963dfae3285b51acf7892b79a0d9029eedd2291b9ef4f8aa2d,1,7,False,True,SUCCEEDED,True,CRUIG,CRUIG,"[8973, 52, 1914, 151645]",00751ce1370bf9fef8cc846f3d74137f9d6a28de57dec77b6f97cca204e6784c,276,264,12,1040.95,1887.082,4,82066553267,79115576835,2950976432,80185903470,643,ea1e0ecd3e15ff747b6020b0ab143ed8a370ef3af7b66dd74788c6530a908d23,643,10650,IDENTITY
h3-large-reuse24,qwen2.5-14b-instruct-fp16-v1,slice-versus-full-cache-v1,record-reuse,24,940129,confirmation,MEASUREMENT,attempt-b1eb4accdeed479badc300606ce025bc,baseline,0,1,r016,4b2234251b56f044b6c9d6572412a4f70ddf4d9d40746b2f7ff5b754c458c9a3,2,0,True,True,SUCCEEDED,False,CXNOB,XNOB,"[55, 8996, 33, 151645]",1fb40aab3623f55fb03eec299c3ed8f6b5142e24f0fb715586b569bf7fd5f80c,273,71,202,15239.053,1885.767,4,99267821740,82118947794,17148873946,97389669730,643,d0961bc853dff1fa34a81a1b7dce92c2ef2fdc4fe933b0b3bc5e66b0717d078a,643,10299,IDENTITY
h3-large-reuse24,qwen2.5-14b-instruct-fp16-v1,slice-versus-full-cache-v1,record-reuse,24,940129,confirmation,MEASUREMENT,attempt-b1eb4accdeed479badc300606ce025bc,baseline,0,1,r017,4b2234251b56f044b6c9d6572412a4f70ddf4d9d40746b2f7ff5b754c458c9a3,2,1,False,True,SUCCEEDED,True,CYYZH,CYYZH,"[34, 10060, 95911, 151645]",9009ca9d6e7c1fcd1a74407e2059c85fca725386b2d6686affbf13ec270ca200,273,261,12,1036.993,1887.964,4,103050910658,100102214979,2948695679,101159989519,643,51a699edf6f3e52da6762bddd413c80e8841ea9bff21d777d89d7b578a193ee3,643,12624,IDENTITY
h3-large-reuse24,qwen2.5-14b-instruct-fp16-v1,slice-versus-full-cache-v1,record-reuse,24,940129,confirmation,MEASUREMENT,attempt-b1eb4accdeed479badc300606ce025bc,baseline,0,1,r018,4b2234251b56f044b6c9d6572412a4f70ddf4d9d40746b2f7ff5b754c458c9a3,2,2,False,True,SUCCEEDED,True,CQSRC,CQSRC,"[34, 48, 56017, 151645]",f26acba12a83a3b79b68c3db635cca13ce5ee58e5c155041d3f9599535b3c9ca,273,261,12,1037.957,1887.886,4,106110865846,103161485814,2949380032,104229953592,643,4457ae32617d66fa92e6637fe5afaedcaf327786f984bf3d3fda8013baea4e24,643,10540,IDENTITY
h3-large-reuse24,qwen2.5-14b-instruct-fp16-v1,slice-versus-full-cache-v1,record-reuse,24,940129,confirmation,MEASUREMENT,attempt-b1eb4accdeed479badc300606ce025bc,baseline,0,1,r019,4b2234251b56f044b6c9d6572412a4f70ddf4d9d40746b2f7ff5b754c458c9a3,2,3,False,True,SUCCEEDED,True,COTKX,COTKX,"[34, 1793, 42, 55, 151645]",0df9b4fb47906b3cd4256453877b9fa0d7e347c333488c7ed09a46fbd0580be3,273,261,12,1038.642,2547.605,5,109786092093,106179807128,3606284965,107245455593,643,9eea2154396bc87a7f32f0950b3258e976886610a9bfc9605bf7323efc6471ce,643,10810,IDENTITY
h3-large-reuse24,qwen2.5-14b-instruct-fp16-v1,slice-versus-full-cache-v1,record-reuse,24,940129,confirmation,MEASUREMENT,attempt-b1eb4accdeed479badc300606ce025bc,baseline,0,1,r020,4b2234251b56f044b6c9d6572412a4f70ddf4d9d40746b2f7ff5b754c458c9a3,2,4,False,True,SUCCEEDED,True,COOPA,COOPA,"[8281, 3067, 32, 151645]",0a27728c9ef4a72809ba0d28dc5cf1c55ff2462161e7f9fa75f2c5d065fdb9ad,273,261,12,1038.47,1893.435,4,113125633077,110175047092,2950585985,111250482699,643,45535628379364b71ad0ce2811ef66b1e2dd4a60108907e11f5e5c3aec0c4f8c,643,15509,IDENTITY
h3-large-reuse24,qwen2.5-14b-instruct-fp16-v1,slice-versus-full-cache-v1,record-reuse,24,940129,confirmation,MEASUREMENT,attempt-b1eb4accdeed479badc300606ce025bc,baseline,0,1,r021,4b2234251b56f044b6c9d6572412a4f70ddf4d9d40746b2f7ff5b754c458c9a3,2,5,False,True,SUCCEEDED,False,CEKQD,EKQD,"[36, 42, 48, 35, 151645]",85192b42509a28f510fb6e6230e6a62629bd391c985eb3b8e7166fae545e792f,273,261,12,1037.221,2515.667,5,116777516118,113201128539,3576387579,114257689061,643,ba3ae339bdcee0d39ce3a8b6747212f9a14e48877b46b4de70a7bcdd751a3580,643,10300,IDENTITY
h3-large-reuse24,qwen2.5-14b-instruct-fp16-v1,slice-versus-full-cache-v1,record-reuse,24,940129,confirmation,MEASUREMENT,attempt-b1eb4accdeed479badc300606ce025bc,baseline,0,1,r022,4b2234251b56f044b6c9d6572412a4f70ddf4d9d40746b2f7ff5b754c458c9a3,2,6,False,True,SUCCEEDED,True,CDXSN,CDXSN,"[6484, 55, 18966, 151645]",06286f47de5bf37bfee0cb4609ae2cc5974fcbe98aeb771dceae09adc8871a3d,273,261,12,1034.898,1899.717,4,120162166970,117194355067,2967811903,118249966905,643,c64068d11d7a34d1cf0e7a74858833dbc27809a3c39689de931231e2ed7555d8,643,10549,IDENTITY
h3-large-reuse24,qwen2.5-14b-instruct-fp16-v1,slice-versus-full-cache-v1,record-reuse,24,940129,confirmation,MEASUREMENT,attempt-b1eb4accdeed479badc300606ce025bc,baseline,0,1,r023,4b2234251b56f044b6c9d6572412a4f70ddf4d9d40746b2f7ff5b754c458c9a3,2,7,False,True,SUCCEEDED,False,CMDLC,M,"[44, 151645]",35c94caf1ef5f17726ba2f41e67c5f363b577bff8b4f0107624e79e245f32a63,273,261,12,1058.844,652.308,2,121951382129,120215334616,1736047513,121296015388,643,a489f82a51600d64d2b7ff17640354f1832f1d3d2b2ac07706e9c438561d358e,643,10199,IDENTITY
h3-large-reuse24,qwen2.5-14b-instruct-fp16-v1,slice-versus-full-cache-v1,record-reuse,24,940129,confirmation,MEASUREMENT,attempt-b1eb4accdeed479badc300606ce025bc,baseline,0,1,r024,de7452659b7303feb075caac1c0e06e99c3f8c11f8563dcadf86a93adf7e608d,3,0,True,True,SUCCEEDED,False,CIBOO,IJJL,"[40, 63391, 43, 151645]",b722ace7dcb6aeaeca54e83704360072ed693b16bb4c0f6e032bc991b6e16163,281,70,211,15915.282,1887.246,4,140069412156,122241467081,17827945075,138218948973,643,804e4c5ca88794f28a136f9f98ff59af099696e3012b620728a7d8e9ad832d74,643,10340,IDENTITY
h3-large-reuse24,qwen2.5-14b-instruct-fp16-v1,slice-versus-full-cache-v1,record-reuse,24,940129,confirmation,MEASUREMENT,attempt-b1eb4accdeed479badc300606ce025bc,baseline,0,1,r025,de7452659b7303feb075caac1c0e06e99c3f8c11f8563dcadf86a93adf7e608d,3,1,False,True,SUCCEEDED,False,CEJHB,EJHB,"[36, 41, 30725, 151645]",ab6bd2f5df41ce309f022719c861375bad4198e2cc8707abfa88411ac22049fd,282,269,13,1111.209,1887.691,4,143296870380,140275369271,3021501109,141413637660,643,24a79ce864966f9cfa3f676e9be79629db9d76ed4b509a3aa7a4ef7ecb1436f4,643,10610,IDENTITY
h3-large-reuse24,qwen2.5-14b-instruct-fp16-v1,slice-versus-full-cache-v1,record-reuse,24,940129,confirmation,MEASUREMENT,attempt-b1eb4accdeed479badc300606ce025bc,baseline,0,1,r026,de7452659b7303feb075caac1c0e06e99c3f8c11f8563dcadf86a93adf7e608d,3,2,False,True,SUCCEEDED,True,CPZQF,CPZQF,"[7123, 57, 48, 37, 151645]",5bcf0d84518b8975c948730e3ed801d2faa1d51823118303173685e3f776bdff,281,269,12,1039.246,2517.752,5,146891014514,143313936410,3577078104,144381356420,643,cc6677c3cd0935929b5a229e3ed0d8b246a6f445f4d718204f5eb55ed04faff3,643,10359,IDENTITY
h3-large-reuse24,qwen2.5-14b-instruct-fp16-v1,slice-versus-full-cache-v1,record-reuse,24,940129,confirmation,MEASUREMENT,attempt-b1eb4accdeed479badc300606ce025bc,baseline,0,1,r027,de7452659b7303feb075caac1c0e06e99c3f8c11f8563dcadf86a93adf7e608d,3,3,False,True,SUCCEEDED,True,COCQP,COCQP,"[34, 7612, 66520, 151645]",24db9ac12df8786dc8977cd54fafb7cddb6b470ffd5ecea20864a9cdd0abfabb,280,269,11,970.775,1891.859,4,150164483602,147286154976,2878328626,148286896462,643,53f7be0dba6bb218ee3cbb2282076e9756161be889d3e9f19ae169c39f8734dd,643,10469,IDENTITY
h3-large-reuse24,qwen2.5-14b-instruct-fp16-v1,slice-versus-full-cache-v1,record-reuse,24,940129,confirmation,MEASUREMENT,attempt-b1eb4accdeed479badc300606ce025bc,baseline,0,1,r028,de7452659b7303feb075caac1c0e06e99c3f8c11f8563dcadf86a93adf7e608d,3,4,False,True,SUCCEEDED,True,CITVX,CITVX,"[34, 952, 53, 55, 151645]",cb324cc3e1b94e2b3856f23fd75d4520d264ddc1e6980a5b895432a266cd3a69,281,269,12,1047.936,2551.902,5,153918269670,150302034529,3616235141,151372082186,643,6b9192f273f25831c1d907f0e76697325b72015848a75d2a12ace7e4911d8850,643,11010,IDENTITY
h3-large-reuse24,qwen2.5-14b-instruct-fp16-v1,slice-versus-full-cache-v1,record-reuse,24,940129,confirmation,MEASUREMENT,attempt-b1eb4accdeed479badc300606ce025bc,baseline,0,1,r029,de7452659b7303feb075caac1c0e06e99c3f8c11f8563dcadf86a93adf7e608d,3,5,False,True,SUCCEEDED,False,CXRXD,XRXD,"[55, 45813, 35, 151645]",f5dc4126f460f1e11c7d2646efe6ac36adb598cb1c55b5814237ae52e51076b4,282,269,13,1107.371,1887.493,4,157322916492,154296789811,3026126681,155424892953,643,74ab8604ee2c126df4ca0887606b73d37908232a000de16eef3aaa51c4931f88,643,10420,IDENTITY
h3-large-reuse24,qwen2.5-14b-instruct-fp16-v1,slice-versus-full-cache-v1,record-reuse,24,940129,confirmation,MEASUREMENT,attempt-b1eb4accdeed479badc300606ce025bc,baseline,0,1,r030,de7452659b7303feb075caac1c0e06e99c3f8c11f8563dcadf86a93adf7e608d,3,6,False,True,SUCCEEDED,False,CZLKP,Z,"[57, 151645]",a40f196cda94c8dcab14b57e7919271c3700e6b42b37dcfd6b338c9bfc2e73ad,281,269,12,1038.337,629.972,2,159029443823,157337562632,1691881191,158399289903,643,4722e7aec06b204b2d7585809368a508746b4db559c5242297ee1eede5d223d9,643,10379,IDENTITY
h3-large-reuse24,qwen2.5-14b-instruct-fp16-v1,slice-versus-full-cache-v1,record-reuse,24,940129,confirmation,MEASUREMENT,attempt-b1eb4accdeed479badc300606ce025bc,baseline,0,1,r031,de7452659b7303feb075caac1c0e06e99c3f8c11f8563dcadf86a93adf7e608d,3,7,False,True,SUCCEEDED,False,COLQZ,L,"[43, 151645]",0349c1959656581cf842a3ad336497e0cd60b4c8a9336e8d8400db3254d678d1,282,269,13,1112.365,646.978,2,161096470387,159312892442,1783577945,160447685607,643,bfe36c31897268a400384f46c9adacac65123f5a0d1e55b76c6f11bbedc3aa3d,643,10921,IDENTITY
h3-large-reuse24,qwen2.5-14b-instruct-fp16-v1,slice-versus-full-cache-v1,record-reuse,24,940129,confirmation,MEASUREMENT,attempt-b1eb4accdeed479badc300606ce025bc,baseline,0,1,r032,465aba40aeff43f68e362d37f102e2178ab71d65fb90a666b41011b524868280,4,0,True,True,SUCCEEDED,True,CEGNJ,CEGNJ,"[2104, 25167, 41, 151645]",4c309b5a4766ce5f53f9ca1eba07b4c3b4cfd6a96e577bad2242d1e100a9ec78,276,70,206,15605.774,1889.114,4,178852487174,161332482891,17520004283,176969056746,643,e6542de337d508444f85db84ef32a290dc82821041414315c4ab128dfe08a3d5,643,10329,IDENTITY
h3-large-reuse24,qwen2.5-14b-instruct-fp16-v1,slice-versus-full-cache-v1,record-reuse,24,940129,confirmation,MEASUREMENT,attempt-b1eb4accdeed479badc300606ce025bc,baseline,0,1,r033,465aba40aeff43f68e362d37f102e2178ab71d65fb90a666b41011b524868280,4,1,False,True,SUCCEEDED,False,CHIHK,H,"[39, 151645]",316b5663813bf4daf1c2db0efbf1dd1098fb51e326221799da350f3c4f469807,276,265,11,983.445,661.422,2,181009498819,179340871849,1668626970,180351403884,643,cff41e028ffd7f3b1f0e85e6c65b9fcc0c70b06064b6af45ffce1cd2e69907ba,643,10420,IDENTITY
h3-large-reuse24,qwen2.5-14b-instruct-fp16-v1,slice-versus-full-cache-v1,record-reuse,24,940129,confirmation,MEASUREMENT,attempt-b1eb4accdeed479badc300606ce025bc,baseline,0,1,r034,465aba40aeff43f68e362d37f102e2178ab71d65fb90a666b41011b524868280,4,2,False,True,SUCCEEDED,False,CWXJI,WXJI,"[54, 55, 45064, 151645]",778352bcd4d1beaed5ed4b1c40dd64a0f3a3190501c721632aeae71b8ecde910,276,264,12,1044.558,2101.018,4,184542907472,181365561772,3177345700,182431317536,643,9784194228e61c195592952e8fe07937929742e7798d3c1fe951618f744d24f4,643,14426,IDENTITY
h3-large-reuse24,qwen2.5-14b-instruct-fp16-v1,slice-versus-full-cache-v1,record-reuse,24,940129,confirmation,MEASUREMENT,attempt-b1eb4accdeed479badc300606ce025bc,baseline,0,1,r035,465aba40aeff43f68e362d37f102e2178ab71d65fb90a666b41011b524868280,4,3,False,True,SUCCEEDED,False,CRQHV,RQHV,"[49, 48, 78196, 151645]",9984b2b28e90bf13f45b1949e9bd35837c739187da36c5be25fb57da504fd572,276,264,12,1039.644,1890.945,4,189416111410,186460669022,2955442388,187520684129,643,53cc5ebae51cf49a7c677be9611b18fdc16030f9c0b864421b58d15681cf7c12,643,10460,IDENTITY
h3-large-reuse24,qwen2.5-14b-instruct-fp16-v1,slice-versus-full-cache-v1,record-reuse,24,940129,confirmation,MEASUREMENT,attempt-b1eb4accdeed479badc300606ce025bc,baseline,0,1,r036,465aba40aeff43f68e362d37f102e2178ab71d65fb90a666b41011b524868280,4,4,False,True,SUCCEEDED,False,CBRTA,B,"[33, 151645]",6583d751d2b7a528e46410628cfd31ba55e07e8c4f42548d5617156e048913af,276,264,12,1042.498,630.767,2,191180894618,189484352890,1696541728,190548411267,643,9e770932713a2e8407aeea1d5a460f34c785f3c0dd934af19c9f3f42c482f26d,643,10299,IDENTITY
h3-large-reuse24,qwen2.5-14b-instruct-fp16-v1,slice-versus-full-cache-v1,record-reuse,24,940129,confirmation,MEASUREMENT,attempt-b1eb4accdeed479badc300606ce025bc,baseline,0,1,r037,465aba40aeff43f68e362d37f102e2178ab71d65fb90a666b41011b524868280,4,5,False,True,SUCCEEDED,True,CULJS,CULJS,"[34, 1094, 12545, 151645]",62a9b77149bfbc7a7759401fa4c2c667d7aa12cd8c1af6e186948d92d133f366,275,264,11,969.395,1916.446,4,194394516678,191487981071,2906535607,192477596393,643,f311a85ffa5636e4a0ce0ac1292379cfd1b996798d0e24cdabd5abb8019acfa7,643,10760,IDENTITY
h3-large-reuse24,qwen2.5-14b-instruct-fp16-v1,slice-versus-full-cache-v1,record-reuse,24,940129,confirmation,MEASUREMENT,attempt-b1eb4accdeed479badc300606ce025bc,baseline,0,1,r038,465aba40aeff43f68e362d37f102e2178ab71d65fb90a666b41011b524868280,4,6,False,True,SUCCEEDED,True,CDEGZ,CDEGZ,"[34, 1150, 38, 57, 151645]",3445422e739750147c8be544a37567f51619ab890883f25e7ee97d877a463556,276,264,12,1039.488,2531.931,5,198112851341,194517333622,3595517719,195589136744,643,8729e96251c2c78c47790705f77db40e5ac37650558f40ef4abafafc54c45e07,643,11050,IDENTITY
h3-large-reuse24,qwen2.5-14b-instruct-fp16-v1,slice-versus-full-cache-v1,record-reuse,24,940129,confirmation,MEASUREMENT,attempt-b1eb4accdeed479badc300606ce025bc,baseline,0,1,r039,465aba40aeff43f68e362d37f102e2178ab71d65fb90a666b41011b524868280,4,7,False,True,SUCCEEDED,True,CDVDM,CDVDM,"[6484, 53, 8395, 151645]",4c852a9f55af93f8b619f37cf34c9689265084111f02245f7acd962c5d53a96c,276,264,12,1044.419,1929.087,4,201499286161,198501634770,2997651391,199560502273,643,4573e23525359a140f1fd3e86755d7e2bc5f7ae6466e0fc9bb953e1c78d19980,643,10390,IDENTITY
h3-large-reuse24,qwen2.5-14b-instruct-fp16-v1,slice-versus-full-cache-v1,record-reuse,24,940129,confirmation,MEASUREMENT,attempt-b1eb4accdeed479badc300606ce025bc,baseline,0,1,r040,ce6da994793097e8265f857fad5e4e835b9ff468e4bbf067e735e140b309694e,5,0,True,True,SUCCEEDED,False,CMHPA,MHPA,"[44, 6610, 32, 151645]",67912ba631d2e49ea90087c8ff6944b2cb124efb5b1389512810273aa57bccb9,270,70,200,15074.117,1887.765,4,218512609972,201526506338,16986103634,216635431031,643,2f61e4d2cc043827a92071488a37547279a32a5439f0c6d45f985c110eb6a0da,643,10459,IDENTITY
h3-large-reuse24,qwen2.5-14b-instruct-fp16-v1,slice-versus-full-cache-v1,record-reuse,24,940129,confirmation,MEASUREMENT,attempt-b1eb4accdeed479badc300606ce025bc,baseline,0,1,r041,ce6da994793097e8265f857fad5e4e835b9ff468e4bbf067e735e140b309694e,5,1,False,True,SUCCEEDED,False,CYWXU,YWXU,"[56, 65376, 52, 151645]",27f114535c13dd1b6c233496385c13b2411f1164528bdbd7a50396a15b1a94d3,271,259,12,1038.99,1887.224,4,221524816885,218575197577,2949619308,219628541457,643,a5029ad07815708fc1499c63bea6d636ab16e870fe1473296740630041efc10d,643,10680,IDENTITY
h3-large-reuse24,qwen2.5-14b-instruct-fp16-v1,slice-versus-full-cache-v1,record-reuse,24,940129,confirmation,MEASUREMENT,attempt-b1eb4accdeed479badc300606ce025bc,baseline,0,1,r042,ce6da994793097e8265f857fad5e4e835b9ff468e4bbf067e735e140b309694e,5,2,False,True,SUCCEEDED,True,CRAHS,CRAHS,"[34, 5609, 11961, 151645]",d5e342ca408efb19bc31fd9c745408ac269943c368293d0f7bfe5c9e89903040,270,259,11,970.633,1930.701,4,224513408165,221581447801,2931960364,222605919542,643,7e44b067a1f2cc57694e7d9b1d10690ea825c0f6f0f512bce39cce754ac44b90,643,10439,IDENTITY
h3-large-reuse24,qwen2.5-14b-instruct-fp16-v1,slice-versus-full-cache-v1,record-reuse,24,940129,confirmation,MEASUREMENT,attempt-b1eb4accdeed479badc300606ce025bc,baseline,0,1,r043,ce6da994793097e8265f857fad5e4e835b9ff468e4bbf067e735e140b309694e,5,3,False,True,SUCCEEDED,False,CHJDO,HJDO,"[39, 41, 5865, 151645]",4b5f2387fd89ee8f6e081f90c2cf61c608b9b054656eee9b39776393c25aeb42,271,259,12,1058.197,1899.633,4,227561983268,224577515407,2984467861,225650532115,643,6b432f28966f7d1e0e2277d4f120ffa0eacaaab3453edd5013ff3bd7f2a12728,643,10409,IDENTITY
h3-large-reuse24,qwen2.5-14b-instruct-fp16-v1,slice-versus-full-cache-v1,record-reuse,24,940129,confirmation,MEASUREMENT,attempt-b1eb4accdeed479badc300606ce025bc,baseline,0,1,r044,ce6da994793097e8265f857fad5e4e835b9ff468e4bbf067e735e140b309694e,5,4,False,True,SUCCEEDED,True,CSRBI,CSRBI,"[70022, 8598, 151645]",33dc55cfc22a127b8266e40fff4b32308a1a495847b70a41cf5bde4ea35335f2,271,259,12,1039.002,1258.888,3,229915129640,227601851378,2313278262,228666271357,643,5e1df64bd03c81bb66609589f95976569aaf3e87ec678d4d546fbbe5ad52bb31,643,10199,IDENTITY
h3-large-reuse24,qwen2.5-14b-instruct-fp16-v1,slice-versus-full-cache-v1,record-reuse,24,940129,confirmation,MEASUREMENT,attempt-b1eb4accdeed479badc300606ce025bc,baseline,0,1,r045,ce6da994793097e8265f857fad5e4e835b9ff468e4bbf067e735e140b309694e,5,5,False,True,SUCCEEDED,False,CWUXI,WUXI,"[54, 13401, 40, 151645]",b8b3b24885fb30d9c047e48542c058a3a8c72c5331d3fdb289f8e33dad05fd60,271,259,12,1043.876,1929.136,4,233563942210,230566013162,2997929048,231642690259,643,4547d7de1ebf1002599935e192dbf6be72b61a26ccded471b04fcdc73e1662d6,643,10850,IDENTITY
h3-large-reuse24,qwen2.5-14b-instruct-fp16-v1,slice-versus-full-cache-v1,record-reuse,24,940129,confirmation,MEASUREMENT,attempt-b1eb4accdeed479badc300606ce025bc,baseline,0,1,r046,ce6da994793097e8265f857fad5e4e835b9ff468e4bbf067e735e140b309694e,5,6,False,True,SUCCEEDED,True,CZZMK,CZZMK,"[34, 33536, 44140, 151645]",95ebd4a8b02591ef2cc89c602380745345dc620168f9bda278cf42695a9ad67e,271,259,12,1040.649,1981.472,4,236650482453,233608249586,3042232867,234668184735,643,251713514f46617cd01fd3fc41ddbcdcff311b143d4dd49505863c884165e9b8,643,10450,IDENTITY
h3-large-reuse24,qwen2.5-14b-instruct-fp16-v1,slice-versus-full-cache-v1,record-reuse,24,940129,confirmation,MEASUREMENT,attempt-b1eb4accdeed479badc300606ce025bc,baseline,0,1,r047,ce6da994793097e8265f857fad5e4e835b9ff468e4bbf067e735e140b309694e,5,7,False,True,SUCCEEDED,False,CBARL,BARL,"[33, 934, 43, 151645]",bfae9b962c7cf076b75d4ea20457b8e964fe03394d7e332f10cd1e4fc2bfe3e9,271,259,12,1039.469,1888.788,4,239609748142,236670803959,2938944183,237733957072,643,f4d9f141155f66bc5e231de48f8e89a5bf73992ccd3c616d46770733b6bf217f,643,10380,IDENTITY
h3-large-reuse24,qwen2.5-14b-instruct-fp16-v1,slice-versus-full-cache-v1,record-reuse,24,940129,confirmation,MEASUREMENT,attempt-b1eb4accdeed479badc300606ce025bc,baseline,0,1,r048,31c273a31cd186f5a8a683fcd5738d3b6ca032eb15fcf924351121440bf92fa2,6,0,True,True,SUCCEEDED,True,CFPEJ,CFPEJ,"[9650, 1740, 41, 151645]",69879c8e68e57d72875df6864972fe2c3a7fda3843aaea389a88b90cdf44becd,272,70,202,15237.2,1886.889,4,256778339690,239630200932,17148138758,254892427387,643,0ce4427f285f6c99e3f6475ead8af1fb01f52ac04b77f5d403ad4f11b605c3ee,643,10429,IDENTITY
h3-large-reuse24,qwen2.5-14b-instruct-fp16-v1,slice-versus-full-cache-v1,record-reuse,24,940129,confirmation,MEASUREMENT,attempt-b1eb4accdeed479badc300606ce025bc,baseline,0,1,r049,31c273a31cd186f5a8a683fcd5738d3b6ca032eb15fcf924351121440bf92fa2,6,1,False,True,SUCCEEDED,True,CQWEV,CQWEV,"[34, 48, 12457, 53, 151645]",ed5cf49c0f0a39c9bbfb2a07df437589b5772b94a4f99e1f9a9089dfee4165f4,272,260,12,1035.66,2517.879,5,261203586022,257626913082,3576672940,258693051658,643,ed6b22b83a949ca46961f3aba1bdd25afd2c51ee0f4b742089e05f7dba1d30b5,643,10350,IDENTITY
h3-large-reuse24,qwen2.5-14b-instruct-fp16-v1,slice-versus-full-cache-v1,record-reuse,24,940129,confirmation,MEASUREMENT,attempt-b1eb4accdeed479badc300606ce025bc,baseline,0,1,r050,31c273a31cd186f5a8a683fcd5738d3b6ca032eb15fcf924351121440bf92fa2,6,2,False,True,SUCCEEDED,False,CHRWQ,H,"[39, 151645]",01c576b02831661e9b90e78db59d8b0e64df96e607d594e7254337448edf3aae,272,260,12,1035.892,629.806,2,263367668047,261677914043,1689754004,262742230620,643,fcf8aec58a502f3935e9c900a6f95111f318c8dada559032cd3d058170d0ca56,643,10379,IDENTITY
h3-large-reuse24,qwen2.5-14b-instruct-fp16-v1,slice-versus-full-cache-v1,record-reuse,24,940129,confirmation,MEASUREMENT,attempt-b1eb4accdeed479badc300606ce025bc,baseline,0,1,r051,31c273a31cd186f5a8a683fcd5738d3b6ca032eb15fcf924351121440bf92fa2,6,3,False,True,SUCCEEDED,True,CPTND,CPTND,"[34, 2828, 8065, 151645]",c59f7c11c99634d82e302454877a36012b234707c677256a3b489d990eeef764,271,260,11,967.995,1885.958,4,266551509479,263674353003,2877156476,264669828274,643,f66abecec89295c0ef8572bc9ceab2bd2d98dc8cc6028a17ef4f0a21d8473ac5,643,10870,IDENTITY
h3-large-reuse24,qwen2.5-14b-instruct-fp16-v1,slice-versus-full-cache-v1,record-reuse,24,940129,confirmation,MEASUREMENT,attempt-b1eb4accdeed479badc300606ce025bc,baseline,0,1,r052,31c273a31cd186f5a8a683fcd5738d3b6ca032eb15fcf924351121440bf92fa2,6,4,False,True,SUCCEEDED,True,CBYGB,CBYGB,"[12979, 56, 5381, 151645]",3fa9e2492d77fee83d4ce3e03431c8ebaf630583501a3a89f40d7a8a993c1768,272,260,12,1035.982,1889.875,4,269636945278,266700340556,2936604722,267768064851,643,1872676294de46d2ffedc4713e5cd1e6013d8c56d07aae21fc59ae2d99a6165a,643,10399,IDENTITY
h3-large-reuse24,qwen2.5-14b-instruct-fp16-v1,slice-versus-full-cache-v1,record-reuse,24,940129,confirmation,MEASUREMENT,attempt-b1eb4accdeed479badc300606ce025bc,baseline,0,1,r053,31c273a31cd186f5a8a683fcd5738d3b6ca032eb15fcf924351121440bf92fa2,6,5,False,True,SUCCEEDED,True,CQCIC,CQCIC,"[34, 61042, 1317, 151645]",14decc4305f7be80ec5bc785dc95950721e1d1c7c1b536a60adaaf5ec01726c3,272,260,12,1036.633,1890.24,4,272660460533,269709551326,2950909207,270760499690,643,4d472bf2c746443a728d87df4012486f9e71772438978abd1d34cf27965ab367,643,11541,IDENTITY
h3-large-reuse24,qwen2.5-14b-instruct-fp16-v1,slice-versus-full-cache-v1,record-reuse,24,940129,confirmation,MEASUREMENT,attempt-b1eb4accdeed479badc300606ce025bc,baseline,0,1,r054,31c273a31cd186f5a8a683fcd5738d3b6ca032eb15fcf924351121440bf92fa2,6,6,False,True,SUCCEEDED,True,CLOHE,CLOHE,"[34, 1593, 1799, 151645]",3baeff80be1df5452fc07a56887dd5ce0e9f47b1123e1a9ec54d4e9772364713,271,260,11,969.066,1888.123,4,275590179347,272708972869,2881206478,273721266400,643,783b72b430578947eb0d791b7fa138dc3d02c5bd1de376cb326f2c04ab20cc1e,643,10280,IDENTITY
h3-large-reuse24,qwen2.5-14b-instruct-fp16-v1,slice-versus-full-cache-v1,record-reuse,24,940129,confirmation,MEASUREMENT,attempt-b1eb4accdeed479badc300606ce025bc,baseline,0,1,r055,31c273a31cd186f5a8a683fcd5738d3b6ca032eb15fcf924351121440bf92fa2,6,7,False,True,SUCCEEDED,False,CAMWX,M,"[44, 151645]",7ddc8309568afd01cd9c875b7f43f136c300fdc53390209c6be2622cab6a32d1,272,260,12,1037.661,629.949,2,277406765133,275715966797,1690798336,276785842704,643,2f0578a16c15102d8c3bf3b45d2898d16c85fd0ec6408b19e37698b18fe8e926,643,10409,IDENTITY
h3-large-reuse24,qwen2.5-14b-instruct-fp16-v1,slice-versus-full-cache-v1,record-reuse,24,940129,confirmation,MEASUREMENT,attempt-b1eb4accdeed479badc300606ce025bc,baseline,0,1,r056,ce463ecae5f51b8506fc3a430b267bad026cb4a2f4a1a80ab72faeb6f40b2987,7,0,True,True,SUCCEEDED,True,CHKEZ,CHKEZ,"[2149, 3390, 57, 151645]",c15fd9d95e53b62efb3d0fa35ef78a815f8fcd2c80da959f9c39bba85570a5cc,280,70,210,15824.166,1890.239,4,295449669796,277712026852,17737642944,293567567217,643,4a414c4ca4f5b1ed344a71118d8e4c4f0fad6695e3505513a2d76c68da4e3c9b,643,10670,IDENTITY
h3-large-reuse24,qwen2.5-14b-instruct-fp16-v1,slice-versus-full-cache-v1,record-reuse,24,940129,confirmation,MEASUREMENT,attempt-b1eb4accdeed479badc300606ce025bc,baseline,0,1,r057,ce463ecae5f51b8506fc3a430b267bad026cb4a2f4a1a80ab72faeb6f40b2987,7,1,False,True,SUCCEEDED,True,CAXSG,CAXSG,"[34, 2954, 7783, 151645]",f2231b96112429c0edfca1dd3c4749bb3a2f28fa50c490828423bee449ee8a36,280,268,12,1041.195,1888.443,4,298715829940,295762081312,2953748628,296825278688,643,ec9cb18ca4089cbd5f0fccb41dcefbc3404667807f8fb517b33e5645619527b6,643,10370,IDENTITY
h3-large-reuse24,qwen2.5-14b-instruct-fp16-v1,slice-versus-full-cache-v1,record-reuse,24,940129,confirmation,MEASUREMENT,attempt-b1eb4accdeed479badc300606ce025bc,baseline,0,1,r058,ce463ecae5f51b8506fc3a430b267bad026cb4a2f4a1a80ab72faeb6f40b2987,7,2,False,True,SUCCEEDED,True,CFHFV,CFHFV,"[9650, 49716, 53, 151645]",858fa7bdf0fca5be0fa4fbc582a996ae115140b91ee213fd4a8b5b06dba1df83,280,268,12,1041.4,1888.563,4,301724183987,298770962039,2953221948,299838956717,643,c4c7d93c1990902125f2651b0d58f78868e89900cc83fb686f73fd48968001d1,643,10219,IDENTITY
h3-large-reuse24,qwen2.5-14b-instruct-fp16-v1,slice-versus-full-cache-v1,record-reuse,24,940129,confirmation,MEASUREMENT,attempt-b1eb4accdeed479badc300606ce025bc,baseline,0,1,r059,ce463ecae5f51b8506fc3a430b267bad026cb4a2f4a1a80ab72faeb6f40b2987,7,3,False,True,SUCCEEDED,True,CROQS,CROQS,"[34, 1285, 70810, 151645]",1147b0696cdd1766869a31e90226792bdf2cd8b96a317c0b1a0f4dc501f0bddf,280,268,12,1040.42,1897.921,4,304739881411,301781582841,2958298570,302854025823,643,cf9afe3d8e7f96e604fbd45a7d53f743e82e22baaa2c690a25a00970015b4c13,643,10440,IDENTITY
h3-large-reuse24,qwen2.5-14b-instruct-fp16-v1,slice-versus-full-cache-v1,record-reuse,24,940129,confirmation,MEASUREMENT,attempt-b1eb4accdeed479badc300606ce025bc,baseline,0,1,r060,ce463ecae5f51b8506fc3a430b267bad026cb4a2f4a1a80ab72faeb6f40b2987,7,4,False,True,SUCCEEDED,False,CEZML,EZML,"[36, 57, 2668, 151645]",a306f95a342d6af32cfacee597fecc28397a1bfbec8f993a48bf7263f04660e5,280,268,12,1044.705,1888.665,4,307747273569,304789756532,2957517037,305870068880,643,f442d5bb1c8552ed47d76cea879e13cdc025631a06f0167c1d34145c9b4c8b2d,643,10710,IDENTITY
h3-large-reuse24,qwen2.5-14b-instruct-fp16-v1,slice-versus-full-cache-v1,record-reuse,24,940129,confirmation,MEASUREMENT,attempt-b1eb4accdeed479badc300606ce025bc,baseline,0,1,r061,ce463ecae5f51b8506fc3a430b267bad026cb4a2f4a1a80ab72faeb6f40b2987,7,5,False,True,SUCCEEDED,True,CRHIR,CRHIR,"[8973, 39708, 151645]",bcdfade3666164a47bec13c3c5d7abd2a4dfb518d00057378744ceefb6429ca7,280,268,12,1039.653,1292.064,3,310149224962,307801791956,2347433006,308866414563,643,c28dc826c8367b92c76e12a86f0e893eb4a7e49b3120100d18d6f1abfb1c9288,643,10830,IDENTITY
h3-large-reuse24,qwen2.5-14b-instruct-fp16-v1,slice-versus-full-cache-v1,record-reuse,24,940129,confirmation,MEASUREMENT,attempt-b1eb4accdeed479badc300606ce025bc,baseline,0,1,r062,ce463ecae5f51b8506fc3a430b267bad026cb4a2f4a1a80ab72faeb6f40b2987,7,6,False,True,SUCCEEDED,True,CGLQI,CGLQI,"[34, 3825, 48, 40, 151645]",ee53f15fed34ae1e6ed6607769cb524c33ebf8dbb03dae828439fab2f948f4df,280,268,12,1037.08,2537.602,5,314363607131,310770599922,3593007209,311838100020,643,76a7a247456e607735e44257db3808465471c26a07434d5d1cd66802329fefd1,643,11211,IDENTITY
h3-large-reuse24,qwen2.5-14b-instruct-fp16-v1,slice-versus-full-cache-v1,record-reuse,24,940129,confirmation,MEASUREMENT,attempt-b1eb4accdeed479badc300606ce025bc,baseline,0,1,r063,ce463ecae5f51b8506fc3a430b267bad026cb4a2f4a1a80ab72faeb6f40b2987,7,7,False,True,SUCCEEDED,False,CRBJR,RBJR,"[49, 14978, 49, 151645]",3d5e5d4a44fa22a1e40b7d85a823ed1110db3c42a2360c8a59d0fd544bc0c316,280,268,12,1041.829,1887.412,4,317762786076,314805153723,2957632353,315879027026,643,42256bc662484a2f8c12e715541c813b1acbc728a054bd8a3275ba5666f00a9d,643,11041,IDENTITY
h3-large-reuse24,qwen2.5-14b-instruct-fp16-v1,slice-versus-full-cache-v1,record-reuse,24,940129,confirmation,MEASUREMENT,attempt-b1eb4accdeed479badc300606ce025bc,baseline,0,1,r064,56d9cfb76db81890e3f27be0447bd2a04a2fcdf8ac5ea1dc287b177c12fc4fcc,8,0,True,True,SUCCEEDED,False,CKWQP,K,"[42, 151645]",409f0e95a59c88d5c77134fb306478fd84fff114d5a8f88715f9750957559abe,278,70,208,15830.821,651.658,2,334328233101,317822387698,16505845403,333687697734,643,022dab25a87e4d8182adcd811fcc2c282898a5d5b5dbe26b2f6b76b45ca28260,643,10549,IDENTITY
h3-large-reuse24,qwen2.5-14b-instruct-fp16-v1,slice-versus-full-cache-v1,record-reuse,24,940129,confirmation,MEASUREMENT,attempt-b1eb4accdeed479badc300606ce025bc,baseline,0,1,r065,56d9cfb76db81890e3f27be0447bd2a04a2fcdf8ac5ea1dc287b177c12fc4fcc,8,1,False,True,SUCCEEDED,True,CUEIE,CUEIE,"[34, 2230, 5371, 151645]",a5cf22e173487541d3d9cd89d2a0db3446d3a1aa94079fc26e5e38d55a5a590a,280,267,13,1121.448,1887.829,4,337881892017,334848388455,3033503562,335992394064,643,e0c169e480aa663f4c84029ba059f859461f9adc71ba6023c80a1b615d26ceaf,643,10700,IDENTITY
h3-large-reuse24,qwen2.5-14b-instruct-fp16-v1,slice-versus-full-cache-v1,record-reuse,24,940129,confirmation,MEASUREMENT,attempt-b1eb4accdeed479badc300606ce025bc,baseline,0,1,r066,56d9cfb76db81890e3f27be0447bd2a04a2fcdf8ac5ea1dc287b177c12fc4fcc,8,2,False,True,SUCCEEDED,True,CRYRU,CRYRU,"[8973, 56, 36003, 151645]",358f1cda728164ff236872ed4c7433b01d6f1e69e7c85a0e359eae965c613606,280,268,12,1042.369,1886.897,4,340852076553,337898804152,2953272401,338965833154,643,60b9088e6e08f62247d2f06f28246eb936c351a0b4e48c58348e953aa815a9d7,643,10449,IDENTITY
h3-large-reuse24,qwen2.5-14b-instruct-fp16-v1,slice-versus-full-cache-v1,record-reuse,24,940129,confirmation,MEASUREMENT,attempt-b1eb4accdeed479badc300606ce025bc,baseline,0,1,r067,56d9cfb76db81890e3f27be0447bd2a04a2fcdf8ac5ea1dc287b177c12fc4fcc,8,3,False,True,SUCCEEDED,False,CYVDC,YVDC,"[56, 53, 5626, 151645]",0b6d82ff4cd2bcfc76e305fa0262c854b203e04b341a4cf12b9ea161edf72790,279,267,12,1040.937,1898.53,4,343841213038,340877576390,2963636648,341939156868,643,1c723ed5b0e7d5a961b24b0c42f59c2b787a17a8db4f9fa41044cd174f7ebf66,643,10770,IDENTITY
h3-large-reuse24,qwen2.5-14b-instruct-fp16-v1,slice-versus-full-cache-v1,record-reuse,24,940129,confirmation,MEASUREMENT,attempt-b1eb4accdeed479badc300606ce025bc,baseline,0,1,r068,56d9cfb76db81890e3f27be0447bd2a04a2fcdf8ac5ea1dc287b177c12fc4fcc,8,4,False,True,SUCCEEDED,False,CLZEF,LZEF,"[43, 57, 14884, 151645]",a3948e2a02211aaade9c916a0bf658bf7044f2a300b809f57f5f9d0eb46506da,279,267,12,1051.999,1885.624,4,346843194813,343881457197,2961737616,344948398005,643,6653be220686e1ebf24c1ddbe94ab9d577626c9047466954209646505fe07e58,643,10570,IDENTITY
h3-large-reuse24,qwen2.5-14b-instruct-fp16-v1,slice-versus-full-cache-v1,record-reuse,24,940129,confirmation,MEASUREMENT,attempt-b1eb4accdeed479badc300606ce025bc,baseline,0,1,r069,56d9cfb76db81890e3f27be0447bd2a04a2fcdf8ac5ea1dc287b177c12fc4fcc,8,5,False,True,SUCCEEDED,True,CGUYW,CGUYW,"[8798, 31301, 54, 151645]",e0d2a692110b2209c231118c4ff948c3acbee63bc7ac374d251aa531982ead9d,279,267,12,1040.302,1888.982,4,349837703900,346890094811,2947609089,347960465719,643,08e2ac5453e0d64533b6918fb173705e59e12b031be698b6ff9ac5652ab99312,643,14416,IDENTITY
h3-large-reuse24,qwen2.5-14b-instruct-fp16-v1,slice-versus-full-cache-v1,record-reuse,24,940129,confirmation,MEASUREMENT,attempt-b1eb4accdeed479badc300606ce025bc,baseline,0,1,r070,56d9cfb76db81890e3f27be0447bd2a04a2fcdf8ac5ea1dc287b177c12fc4fcc,8,6,False,True,SUCCEEDED,True,CGQBF,CGQBF,"[8798, 48, 19883, 151645]",d250cda8fed65e3a9b32fc999c159dec87711b38cccba114d6994cd248900ec9,279,267,12,1039.336,1886.381,4,352832717675,349882935445,2949782230,350954233326,643,c0e924fda9771bec5fd5a725e7faa08a11eeed616f75782c8782b9fff869cb7f,643,10570,IDENTITY
h3-large-reuse24,qwen2.5-14b-instruct-fp16-v1,slice-versus-full-cache-v1,record-reuse,24,940129,confirmation,MEASUREMENT,attempt-b1eb4accdeed479badc300606ce025bc,baseline,0,1,r071,56d9cfb76db81890e3f27be0447bd2a04a2fcdf8ac5ea1dc287b177c12fc4fcc,8,7,False,True,SUCCEEDED,True,CYAND,CYAND,"[34525, 3976, 151645]",249385953ea122c49c081ac36255108536304618158f6424d537bcf17ab97b7c,279,267,12,1039.767,1283.905,3,355246125886,352899186008,2346939878,353960370901,643,070fa72212066672e37b047b431f2bbbe08893cd08282b48e9189d5045f26841,643,10540,IDENTITY
h3-large-reuse24,qwen2.5-14b-instruct-fp16-v1,slice-versus-full-cache-v1,record-reuse,24,940129,confirmation,MEASUREMENT,attempt-b1eb4accdeed479badc300606ce025bc,baseline,0,1,r072,7dfce28e2c90ec4cf02b6faa00cc10bfbe877bc0128c2dc426154a4072defced,9,0,True,True,SUCCEEDED,True,CZRYR,CZRYR,"[34, 57, 11242, 49, 151645]",d91b46b08532011c04e464e5497e417c11d7371003f382dd84eb1e6959b1f3bd,277,70,207,15597.172,2514.16,5,374009027842,355874471502,18134556340,371504697925,643,8c62b6a1214c115701729666f0edd2d62ba484c3ae1036feaaf5b71949c8c2fe,643,10840,IDENTITY
h3-large-reuse24,qwen2.5-14b-instruct-fp16-v1,slice-versus-full-cache-v1,record-reuse,24,940129,confirmation,MEASUREMENT,attempt-b1eb4accdeed479badc300606ce025bc,baseline,0,1,r073,7dfce28e2c90ec4cf02b6faa00cc10bfbe877bc0128c2dc426154a4072defced,9,1,False,True,SUCCEEDED,False,CSOMH,SOMH,"[50, 1898, 39, 151645]",0ce241b9e2467e90229e3782f508734155c213f395842a1364d76c368eba52aa,277,265,12,1041.104,1910.838,4,377003357523,374028263475,2975094048,375093235706,643,6eda43ed70ef5f5306de23efb983e3a57fad07553a43758580b2e1d820a156fb,643,10680,IDENTITY
h3-large-reuse24,qwen2.5-14b-instruct-fp16-v1,slice-versus-full-cache-v1,record-reuse,24,940129,confirmation,MEASUREMENT,attempt-b1eb4accdeed479badc300606ce025bc,baseline,0,1,r074,7dfce28e2c90ec4cf02b6faa00cc10bfbe877bc0128c2dc426154a4072defced,9,2,False,True,SUCCEEDED,True,CJFCT,CJFCT,"[34, 41, 37, 1162, 151645]",91675d7bfd6d2d2ca3ed33c12e0ebdb661b4f83230dc3a757fcbaddec7047cf1,277,265,12,1041.606,2543.304,5,380629301569,377020180569,3609121000,378087442628,643,a7a130a3d07333c5ef62caee8d55e7530bdccd5f4853fd1cfcd836739244a6de,643,10449,IDENTITY
h3-large-reuse24,qwen2.5-14b-instruct-fp16-v1,slice-versus-full-cache-v1,record-reuse,24,940129,confirmation,MEASUREMENT,attempt-b1eb4accdeed479badc300606ce025bc,baseline,0,1,r075,7dfce28e2c90ec4cf02b6faa00cc10bfbe877bc0128c2dc426154a4072defced,9,3,False,True,SUCCEEDED,False,CKROV,KROV,"[42, 1285, 53, 151645]",ef7f570ab48850f39c3ea2cb30f6f57855936394fb4284093fd0604e6de222a0,278,265,13,1109.121,1886.767,4,383987241887,380967357291,3019884596,382106424788,643,fa891a3ea2ad037ae6effe67c0da4e623811fb8dc55a8f211faf3c93a5830c3e,643,10520,IDENTITY
h3-large-reuse24,qwen2.5-14b-instruct-fp16-v1,slice-versus-full-cache-v1,record-reuse,24,940129,confirmation,MEASUREMENT,attempt-b1eb4accdeed479badc300606ce025bc,baseline,0,1,r076,7dfce28e2c90ec4cf02b6faa00cc10bfbe877bc0128c2dc426154a4072defced,9,4,False,True,SUCCEEDED,True,CTFPK,CTFPK,"[1162, 11698, 42, 151645]",5ba9b3fcff2fcfe9849e27808abe5af1901e4e5fccb558aaf76dbc33428b7842,277,265,12,1039.934,1884.404,4,386949255239,384001684827,2947570412,385067385372,643,aff1bcd8ae83f96df4aa03f53d09f586983480dc38f2e7bab8a927efe9eee2f0,643,10450,IDENTITY
h3-large-reuse24,qwen2.5-14b-instruct-fp16-v1,slice-versus-full-cache-v1,record-reuse,24,940129,confirmation,MEASUREMENT,attempt-b1eb4accdeed479badc300606ce025bc,baseline,0,1,r077,7dfce28e2c90ec4cf02b6faa00cc10bfbe877bc0128c2dc426154a4072defced,9,5,False,True,SUCCEEDED,True,CQUFR,CQUFR,"[34, 5757, 10504, 151645]",834c41b0d7885b7f4f254645822cd7b04d5ad15b40b812d4d1d9d3a6fd8ffec3,277,265,12,1040.465,1898.251,4,389957172319,386997645911,2959526408,388068835014,643,5847c4364350cd9b84407cb8e3459e70ead8d0b108d145425627b2ee1b8389a7,643,10369,IDENTITY
h3-large-reuse24,qwen2.5-14b-instruct-fp16-v1,slice-versus-full-cache-v1,record-reuse,24,940129,confirmation,MEASUREMENT,attempt-b1eb4accdeed479badc300606ce025bc,baseline,0,1,r078,7dfce28e2c90ec4cf02b6faa00cc10bfbe877bc0128c2dc426154a4072defced,9,6,False,True,SUCCEEDED,True,CVDZC,CVDZC,"[34, 12474, 57, 34, 151645]",ebb9af117685fc7377e1e2d6453e7f9bca1aff0991619ab2051bc1784f4aa48a,277,265,12,1043.135,2529.151,5,393619044259,390023479681,3595564578,391086494071,643,43a6cddf188ff7fe2d66ccaa7211b642c551863a4057ccfd49715751375179ea,643,13284,IDENTITY
h3-large-reuse24,qwen2.5-14b-instruct-fp16-v1,slice-versus-full-cache-v1,record-reuse,24,940129,confirmation,MEASUREMENT,attempt-b1eb4accdeed479badc300606ce025bc,baseline,0,1,r079,7dfce28e2c90ec4cf02b6faa00cc10bfbe877bc0128c2dc426154a4072defced,9,7,False,True,SUCCEEDED,True,CUBFP,CUBFP,"[34, 4493, 11698, 151645]",4e20f340e5453c9368b5a5b5f6949a6b61ada9e0cb19d85ec412f00d847b1f00,276,265,11,969.371,1887.956,4,396877692203,393996314279,2881377924,394980376221,643,0cfccf528bcfc1388bbb7076cac955b09eda05c74e8fd2554942c21417baa143,643,11171,IDENTITY
h3-large-reuse24,qwen2.5-14b-instruct-fp16-v1,slice-versus-full-cache-v1,record-reuse,24,940129,confirmation,MEASUREMENT,attempt-b1eb4accdeed479badc300606ce025bc,baseline,0,1,r080,b74e2f13ac0461af186d9e3d4ae5ae77a0a95f703d5ec928740df1bab8cf56d3,10,0,True,True,SUCCEEDED,True,CHQWC,CHQWC,"[2149, 48, 25459, 151645]",6837dc6ffb0b4b32f971d213007dacd541f14b547e20a7bd93317212c29bf48e,273,70,203,15278.402,1901.063,4,414236184056,397025147296,17211036760,412363103614,643,3262c68f725a417aa60f30ce113b0c9637517111cf0aa9148e6b8f9e11eff702,643,11210,IDENTITY
h3-large-reuse24,qwen2.5-14b-instruct-fp16-v1,slice-versus-full-cache-v1,record-reuse,24,940129,confirmation,MEASUREMENT,attempt-b1eb4accdeed479badc300606ce025bc,baseline,0,1,r081,b74e2f13ac0461af186d9e3d4ae5ae77a0a95f703d5ec928740df1bab8cf56d3,10,1,False,True,SUCCEEDED,True,CXGMH,CXGMH,"[65240, 20637, 39, 151645]",4a7859cb49bef99db243281c899ee69966e84218000bd13b824c1523bc0952c2,273,262,11,967.647,1886.715,4,417914689199,415036202181,2878487018,416024546547,643,b6ce6e55cc167f869b6c7ae1285e8fb21d0ac636508ac0740115fd1da74ee513,643,11021,IDENTITY
h3-large-reuse24,qwen2.5-14b-instruct-fp16-v1,slice-versus-full-cache-v1,record-reuse,24,940129,confirmation,MEASUREMENT,attempt-b1eb4accdeed479badc300606ce025bc,baseline,0,1,r082,b74e2f13ac0461af186d9e3d4ae5ae77a0a95f703d5ec928740df1bab8cf56d3,10,2,False,True,SUCCEEDED,True,CUWVD,CUWVD,"[16799, 54, 12474, 151645]",dc2b0e3264cf8aa6fbcf7b9cf1d345054b1431f3a0dd989e1c56ffcdceb49d41,273,261,12,1037.252,1915.618,4,421055456952,418084305836,2971151116,419142747713,643,d62896ccff8bd983dfe16a39657e1023dc8686c660258112e22b6d10b3c4046b,643,11040,IDENTITY
h3-large-reuse24,qwen2.5-14b-instruct-fp16-v1,slice-versus-full-cache-v1,record-reuse,24,940129,confirmation,MEASUREMENT,attempt-b1eb4accdeed479badc300606ce025bc,baseline,0,1,r083,b74e2f13ac0461af186d9e3d4ae5ae77a0a95f703d5ec928740df1bab8cf56d3,10,3,False,True,SUCCEEDED,False,CPUEI,PUEI,"[47, 2230, 40, 151645]",8c7be66853170046201fc2b4a5bc36da14cc2801b4515dda5efa22f4044aaaad,273,261,12,1046.082,1886.242,4,424074087435,421118474906,2955612529,422184830490,643,3f6a3e63f13c0e47a90d1842db005e20859d06cc0b15c49fb64bc7b4f444ff3e,643,14808,IDENTITY
h3-large-reuse24,qwen2.5-14b-instruct-fp16-v1,slice-versus-full-cache-v1,record-reuse,24,940129,confirmation,MEASUREMENT,attempt-b1eb4accdeed479badc300606ce025bc,baseline,0,1,r084,b74e2f13ac0461af186d9e3d4ae5ae77a0a95f703d5ec928740df1bab8cf56d3,10,4,False,True,SUCCEEDED,True,CCTRS,CCTRS,"[34, 1162, 11451, 151645]",713ae791746711821f04af83009fdabc75761761acf9d9c871394e38fe5ac808,272,261,11,970.682,1888.041,4,426996399044,424113622298,2882776746,425105418373,643,ccad43365038de58dc3784a8b0bcbc7a7d881964539441b9025ae549ef69ee7b,643,10249,IDENTITY
h3-large-reuse24,qwen2.5-14b-instruct-fp16-v1,slice-versus-full-cache-v1,record-reuse,24,940129,confirmation,MEASUREMENT,attempt-b1eb4accdeed479badc300606ce025bc,baseline,0,1,r085,b74e2f13ac0461af186d9e3d4ae5ae77a0a95f703d5ec928740df1bab8cf56d3,10,5,False,True,SUCCEEDED,True,CBKDF,CBKDF,"[12979, 42, 5262, 151645]",b8cd6957f9f4de626e2506ec1e427e7f092a90abf7c635dc077b6fcdffadec85,272,261,11,970.03,1889.034,4,429982525058,427109728232,2872796826,428102347919,643,6c65ef9e03dde530e4aea54df16488642fcb46f462fc333a76d92ec59f13de96,643,10981,IDENTITY
h3-large-reuse24,qwen2.5-14b-instruct-fp16-v1,slice-versus-full-cache-v1,record-reuse,24,940129,confirmation,MEASUREMENT,attempt-b1eb4accdeed479badc300606ce025bc,baseline,0,1,r086,b74e2f13ac0461af186d9e3d4ae5ae77a0a95f703d5ec928740df1bab8cf56d3,10,6,False,True,SUCCEEDED,False,CGNXX,G,"[38, 151645]",c14951523b353ba524c9be9285a80809eb7a546e6f286cf7f5cc26afa2992544,273,261,12,1037.018,636.422,2,431826289631,430128605725,1697683906,431187416738,643,c903982b4515cb8b049680c88538080382d8cdeb37145f16b056df5cb50b2b22,643,10480,IDENTITY
h3-large-reuse24,qwen2.5-14b-instruct-fp16-v1,slice-versus-full-cache-v1,record-reuse,24,940129,confirmation,MEASUREMENT,attempt-b1eb4accdeed479badc300606ce025bc,baseline,0,1,r087,b74e2f13ac0461af186d9e3d4ae5ae77a0a95f703d5ec928740df1bab8cf56d3,10,7,False,True,SUCCEEDED,True,CACBD,CACBD,"[34, 1706, 9548, 151645]",3ba2cbd656e764f528a8be5ca65f3683adfb88febcd75f1949373856eea320b9,273,261,12,1044.371,1887.654,4,435085651924,432130198631,2955453293,433207026811,643,421cc322f0bd466b4df0de195cdc7098256cd61239e34abb8666e96d43f11e35,643,10670,IDENTITY
h3-large-reuse24,qwen2.5-14b-instruct-fp16-v1,slice-versus-full-cache-v1,record-reuse,24,940129,confirmation,MEASUREMENT,attempt-b1eb4accdeed479badc300606ce025bc,baseline,0,1,r088,5a349e401fff133aa08cf08ac9effdaaf2656297fb7ec4f69fd66df1d01f4756,11,0,True,True,SUCCEEDED,False,CGYZA,GYZA,"[38, 40209, 32, 151645]",68cba7f739882086a0d66661e0cb53cdd2f0f219ecdc58566c8951f051bc3d31,283,70,213,16072.413,1931.91,4,453153770741,435137813098,18015957643,451231823662,643,da3e53c1b56b1746f9ea52ee37028aec9f3c906a27ee7a2205861c9d266b666e,643,10489,IDENTITY
h3-large-reuse24,qwen2.5-14b-instruct-fp16-v1,slice-versus-full-cache-v1,record-reuse,24,940129,confirmation,MEASUREMENT,attempt-b1eb4accdeed479badc300606ce025bc,baseline,0,1,r089,5a349e401fff133aa08cf08ac9effdaaf2656297fb7ec4f69fd66df1d01f4756,11,1,False,True,SUCCEEDED,True,CZAFG,CZAFG,"[34, 57, 8276, 38, 151645]",30a51960c9a23ab8eb433a4b39090bdfadb131c90fd8be099e9661a387db8a85,283,272,11,976.806,2537.879,5,456742402346,453207758763,3534643583,454215144901,643,86e96deb390bd54c02133c345e68f8ef3983aff0c66cbfdb67fdc818e11b0de8,643,10440,IDENTITY
h3-large-reuse24,qwen2.5-14b-instruct-fp16-v1,slice-versus-full-cache-v1,record-reuse,24,940129,confirmation,MEASUREMENT,attempt-b1eb4accdeed479badc300606ce025bc,baseline,0,1,r090,5a349e401fff133aa08cf08ac9effdaaf2656297fb7ec4f69fd66df1d01f4756,11,2,False,True,SUCCEEDED,False,CKOZB,K,"[42, 151645]",190b6945a6cf01a7cd0bddcbde89ad821165c11a3a338c1d4039c396c4566248,283,271,12,1038.476,628.698,2,458856025526,457163905867,1692119659,458228305654,643,eaeb8c0c0208e17fdd37e5f829cf69debe77f705e7bfa27105e7eb0fd55bbf2a,643,10439,IDENTITY
h3-large-reuse24,qwen2.5-14b-instruct-fp16-v1,slice-versus-full-cache-v1,record-reuse,24,940129,confirmation,MEASUREMENT,attempt-b1eb4accdeed479badc300606ce025bc,baseline,0,1,r091,5a349e401fff133aa08cf08ac9effdaaf2656297fb7ec4f69fd66df1d01f4756,11,3,False,True,SUCCEEDED,False,CCWDX,CWWDX,"[34, 18985, 16591, 151645]",741760660a63c109dcce2eccde80bed1fd4236039f5c53056f8bb7b88c10a362,283,271,12,1038.577,2095.008,4,462336217205,459181801973,3154415232,460242448730,643,9b69c294c25c70a3b1799af15430fb066882c6fac05732991509ccddbc308854,643,10440,IDENTITY
h3-large-reuse24,qwen2.5-14b-instruct-fp16-v1,slice-versus-full-cache-v1,record-reuse,24,940129,confirmation,MEASUREMENT,attempt-b1eb4accdeed479badc300606ce025bc,baseline,0,1,r092,5a349e401fff133aa08cf08ac9effdaaf2656297fb7ec4f69fd66df1d01f4756,11,4,False,True,SUCCEEDED,True,CEMGY,CEMGY,"[2104, 31939, 56, 151645]",d7500fe34c3673b05039b7902bb0ef41bacf563c2d5618581a3f166e5ced75fc,283,271,12,1078.193,1937.603,4,466238125953,463198888347,3039237606,464299485519,643,ad966d08b0a2b9d052ceaffa27cbe8c21fec3ecf4a012c573fd9f26fd6477829,643,10389,IDENTITY
h3-large-reuse24,qwen2.5-14b-instruct-fp16-v1,slice-versus-full-cache-v1,record-reuse,24,940129,confirmation,MEASUREMENT,attempt-b1eb4accdeed479badc300606ce025bc,baseline,0,1,r093,5a349e401fff133aa08cf08ac9effdaaf2656297fb7ec4f69fd66df1d01f4756,11,5,False,True,SUCCEEDED,False,COFPW,OFPW,"[46, 11698, 54, 151645]",3e68c52e7813a8e6b60049a28fe9bde7205b2e884493c91259e58cbc5d019cee,283,271,12,1052.043,1927.587,4,469260486503,466255915025,3004571478,467340718396,643,04e1eb5f59508c213feae9ea30c80a6830fe6b715644095295f239c2de8f0d3b,643,10470,IDENTITY
h3-large-reuse24,qwen2.5-14b-instruct-fp16-v1,slice-versus-full-cache-v1,record-reuse,24,940129,confirmation,MEASUREMENT,attempt-b1eb4accdeed479badc300606ce025bc,baseline,0,1,r094,5a349e401fff133aa08cf08ac9effdaaf2656297fb7ec4f69fd66df1d01f4756,11,6,False,True,SUCCEEDED,False,CIKRZ,I KRZ,"[40, 65169, 57, 151645]",4639cbba9d6a9cf5407134f2221221af60497f681e617740abaaec2e931e79b6,284,271,13,1112.547,1900.06,4,472312492534,469277531652,3034960882,470417242134,643,9319c8be6d5d4f2f609cca268ebdf943a34139b16839ad21a1fb96766d564e2d,643,10990,IDENTITY
h3-large-reuse24,qwen2.5-14b-instruct-fp16-v1,slice-versus-full-cache-v1,record-reuse,24,940129,confirmation,MEASUREMENT,attempt-b1eb4accdeed479badc300606ce025bc,baseline,0,1,r095,5a349e401fff133aa08cf08ac9effdaaf2656297fb7ec4f69fd66df1d01f4756,11,7,False,True,SUCCEEDED,False,CJPLA,JPLA,"[41, 2916, 32, 151645]",d7fd413e5dab3230795d6dcba50b20d7660ee93b91325bd7a96256827a7ba130,283,271,12,1038.947,1886.91,4,475280224411,472331102182,2949122229,473395392566,643,897bce8c658aa021279767a1f8d5b01a9452732fcededadf73c1c0138cac3a60,643,10419,IDENTITY
h3-large-reuse24,qwen2.5-14b-instruct-fp16-v1,slice-versus-full-cache-v1,record-reuse,24,940129,confirmation,MEASUREMENT,attempt-b1eb4accdeed479badc300606ce025bc,baseline,0,1,r096,edefefb0bcf5d7dd4f9b5205bc5c43ac53d77498099c84e68441a5f68437daf8,12,0,True,True,SUCCEEDED,False,CMJJQ,MJJQ,"[44, 63391, 48, 151645]",b090940acbdd3c4c0afe5bb6d26b9128ba15060e64d17c5d2bfcf7fda6df5b8d,275,70,205,15623.358,1917.562,4,492862110420,475297066823,17565043597,490955323966,643,8490d794a6f3139ba6d5c147946d566a7ba77063919a2b668f4c103bbe2cf774,643,10570,IDENTITY
h3-large-reuse24,qwen2.5-14b-instruct-fp16-v1,slice-versus-full-cache-v1,record-reuse,24,940129,confirmation,MEASUREMENT,attempt-b1eb4accdeed479badc300606ce025bc,baseline,0,1,r097,edefefb0bcf5d7dd4f9b5205bc5c43ac53d77498099c84e68441a5f68437daf8,12,1,False,True,SUCCEEDED,True,CJPES,CJPES,"[34, 27188, 1570, 151645]",a5e75150e18ac8810b9783684bd963fdc23192c588aa4a1b845515b557489813,276,263,13,1109.899,1891.024,4,496277227020,493252855891,3024371129,494384436023,643,3c0a0954c2cd75f07adeb3c7c6af445ebe68f1eed106b4de228d0472582ce8eb,643,10589,IDENTITY
h3-large-reuse24,qwen2.5-14b-instruct-fp16-v1,slice-versus-full-cache-v1,record-reuse,24,940129,confirmation,MEASUREMENT,attempt-b1eb4accdeed479badc300606ce025bc,baseline,0,1,r098,edefefb0bcf5d7dd4f9b5205bc5c43ac53d77498099c84e68441a5f68437daf8,12,2,False,True,SUCCEEDED,False,CPARE,PARE,"[47, 4477, 151645]",ba1db44cf81e2331ce4022c1adeca838803f24716f49dadcdf3a23d4307891f5,276,263,13,1110.91,1259.411,3,498690991172,496298093766,2392897406,497440055024,643,871444be0a27224b81fce5ab17fcbfafcedf9dcd78f83a958332e2978348b608,643,10499,IDENTITY
h3-large-reuse24,qwen2.5-14b-instruct-fp16-v1,slice-versus-full-cache-v1,record-reuse,24,940129,confirmation,MEASUREMENT,attempt-b1eb4accdeed479badc300606ce025bc,baseline,0,1,r099,edefefb0bcf5d7dd4f9b5205bc5c43ac53d77498099c84e68441a5f68437daf8,12,3,False,True,SUCCEEDED,True,CYFGU,CYFGU,"[34525, 12001, 52, 151645]",a233fc94f4832a365911c759991795e958c6a36498fa90f08952ea75b52a945a,275,263,12,1036.695,1914.204,4,502243840954,499269449071,2974391883,500331400655,643,7258bb07ac93fc7da8dffe7209595f08c293479ad9235ad55bb1fd9beb52b32d,643,10179,IDENTITY
h3-large-reuse24,qwen2.5-14b-instruct-fp16-v1,slice-versus-full-cache-v1,record-reuse,24,940129,confirmation,MEASUREMENT,attempt-b1eb4accdeed479badc300606ce025bc,baseline,0,1,r100,edefefb0bcf5d7dd4f9b5205bc5c43ac53d77498099c84e68441a5f68437daf8,12,4,False,True,SUCCEEDED,False,CLUSN,LUSN,"[43, 2034, 45, 151645]",9a572567435434f28f239f1156ed1def022353d9bffa93805154ddf4d55006af,275,263,12,1040.586,1913.822,4,505283903204,502305488320,2978414884,503367412663,643,7f861e45ba05d36de92e59dda6694de093bed8a94ef796019c9a766fefe2e93f,643,10389,IDENTITY
h3-large-reuse24,qwen2.5-14b-instruct-fp16-v1,slice-versus-full-cache-v1,record-reuse,24,940129,confirmation,MEASUREMENT,attempt-b1eb4accdeed479badc300606ce025bc,baseline,0,1,r101,edefefb0bcf5d7dd4f9b5205bc5c43ac53d77498099c84e68441a5f68437daf8,12,5,False,True,SUCCEEDED,True,CIAON,CIAON,"[34, 5863, 711, 151645]",ab744657b703882069a142c6a3f91138b553205c9f7e9a4838418a5b25c706e6,275,263,12,1039.197,1888.332,4,508262088070,505311203344,2950884726,506387538557,643,92ba87a527cb8e37902b15b6be8330794414c5323401025016efd89b57b85a59,643,10390,IDENTITY
h3-large-reuse24,qwen2.5-14b-instruct-fp16-v1,slice-versus-full-cache-v1,record-reuse,24,940129,confirmation,MEASUREMENT,attempt-b1eb4accdeed479badc300606ce025bc,baseline,0,1,r102,edefefb0bcf5d7dd4f9b5205bc5c43ac53d77498099c84e68441a5f68437daf8,12,6,False,True,SUCCEEDED,True,CCRSL,CCRSL,"[3706, 49, 7984, 151645]",5c58627012350939dd83098bbcde0ba3e22f390b5abfa89407e6dfdff9515368,275,263,12,1074.359,1888.567,4,511295634022,508310336097,2985297925,509415714742,643,21af11ec1b95f3a4136b8d34ce24d275fd578d7c9009331d94308fae7e9323a9,643,10219,IDENTITY
h3-large-reuse24,qwen2.5-14b-instruct-fp16-v1,slice-versus-full-cache-v1,record-reuse,24,940129,confirmation,MEASUREMENT,attempt-b1eb4accdeed479badc300606ce025bc,baseline,0,1,r103,edefefb0bcf5d7dd4f9b5205bc5c43ac53d77498099c84e68441a5f68437daf8,12,7,False,True,SUCCEEDED,True,CTRLT,CTRLT,"[34440, 51, 151645]",0f03b7339273b52dc2150054cb04c853b040884e97ea252be87ae2a8b936cf63,274,263,11,969.779,1257.874,3,513577463745,511326649992,2250813753,512328997380,643,ede482cf25e727d909bcb19e27eca8fbc4fe39b0a262602f6847d5a149fd1c31,643,10369,IDENTITY
h3-large-reuse24,qwen2.5-14b-instruct-fp16-v1,slice-versus-full-cache-v1,record-reuse,24,940129,confirmation,MEASUREMENT,attempt-b1eb4accdeed479badc300606ce025bc,baseline,0,1,r104,c7aab0ddac869462273e075103bd0ef7393b6afd4edf83ad4c92dd6a7c739030,13,0,True,True,SUCCEEDED,False,CNWXK,NWXK,"[45, 65376, 42, 151645]",e0b8ee6220149346e75544c78291a2d69a34735835e20cb485d9a21556590000,273,70,203,15268.512,1889.992,4,531470249905,514287783829,17182466076,529578277761,643,de3d38118c7b5f0d839cadb697c66545626af4313ad52d972b5568dc163feb62,643,10429,IDENTITY
h3-large-reuse24,qwen2.5-14b-instruct-fp16-v1,slice-versus-full-cache-v1,record-reuse,24,940129,confirmation,MEASUREMENT,attempt-b1eb4accdeed479badc300606ce025bc,baseline,0,1,r105,c7aab0ddac869462273e075103bd0ef7393b6afd4edf83ad4c92dd6a7c739030,13,1,False,True,SUCCEEDED,True,CYDCB,CYDCB,"[34525, 5626, 33, 151645]",19392903f8fd0a0e4bc457224e902dff53873254b4369dd8b01ec90e7dafe3fc,274,262,12,1035.688,1938.859,4,535318514451,532325737708,2992776743,533391972898,643,8ddcb109454e01072ec8993d954e29f62e386224d2ee13ed05872b7ae19cee72,643,10630,IDENTITY
h3-large-reuse24,qwen2.5-14b-instruct-fp16-v1,slice-versus-full-cache-v1,record-reuse,24,940129,confirmation,MEASUREMENT,attempt-b1eb4accdeed479badc300606ce025bc,baseline,0,1,r106,c7aab0ddac869462273e075103bd0ef7393b6afd4edf83ad4c92dd6a7c739030,13,2,False,True,SUCCEEDED,False,CSRYE,SRYE,"[50, 11242, 36, 151645]",73f233a6f43bfe2a7161b80b739e4947ad9f7df2588bd3181412e7c5f59db036,274,262,12,1044.973,1890.927,4,538374379820,535415264387,2959115433,536489439543,643,a7c1b8b2838f8d3e6920ef4a29863583a2ae4bc18e719de4032a38f1934a0b8f,643,10619,IDENTITY
h3-large-reuse24,qwen2.5-14b-instruct-fp16-v1,slice-versus-full-cache-v1,record-reuse,24,940129,confirmation,MEASUREMENT,attempt-b1eb4accdeed479badc300606ce025bc,baseline,0,1,r107,c7aab0ddac869462273e075103bd0ef7393b6afd4edf83ad4c92dd6a7c739030,13,3,False,True,SUCCEEDED,True,CCFHB,CCFHB,"[3706, 37, 30725, 151645]",ce6c58641f189b8519f42d10841f6ba78efb781f357e5449fbf094bbd0540add,274,262,12,1041.0,1920.58,4,541385780067,538400260520,2985519547,539475654493,643,d345a01e195b13e8eab20336c5064d2d16f0edbb63d8c7995b9b0a6c73280a5f,643,10670,IDENTITY
h3-large-reuse24,qwen2.5-14b-instruct-fp16-v1,slice-versus-full-cache-v1,record-reuse,24,940129,confirmation,MEASUREMENT,attempt-b1eb4accdeed479badc300606ce025bc,baseline,0,1,r108,c7aab0ddac869462273e075103bd0ef7393b6afd4edf83ad4c92dd6a7c739030,13,4,False,True,SUCCEEDED,False,CGVXQ,GVXQ,"[38, 53, 55, 48, 151645]",95e49abf7ca971a0360891fdd2bd5c82f632480fb68e54afb5b10b39487795ae,274,262,12,1041.15,2534.355,5,545947408296,542356172448,3591235848,543417385768,643,d38121b195a01a8c1b7521ee8a33597fab66e0c73887687b4ad143647d11c37c,643,10590,IDENTITY
h3-large-reuse24,qwen2.5-14b-instruct-fp16-v1,slice-versus-full-cache-v1,record-reuse,24,940129,confirmation,MEASUREMENT,attempt-b1eb4accdeed479badc300606ce025bc,baseline,0,1,r109,c7aab0ddac869462273e075103bd0ef7393b6afd4edf83ad4c92dd6a7c739030,13,5,False,True,SUCCEEDED,True,CTCIU,CTCIU,"[34, 7749, 80000, 151645]",3a06fabac4bfd6cba9cd01df860daad567169c3e59ea1a62c278402afb5eaf88,273,262,11,970.544,1897.199,4,549323799909,546432404264,2891395645,547424393368,643,242150965e3bc149afaba70f44e5b44642fbf0f1f45c47212fc7b98ae2d4aec1,643,10249,IDENTITY
h3-large-reuse24,qwen2.5-14b-instruct-fp16-v1,slice-versus-full-cache-v1,record-reuse,24,940129,confirmation,MEASUREMENT,attempt-b1eb4accdeed479badc300606ce025bc,baseline,0,1,r110,c7aab0ddac869462273e075103bd0ef7393b6afd4edf83ad4c92dd6a7c739030,13,6,False,True,SUCCEEDED,False,CBPRC,BPRC,"[33, 6480, 34, 151645]",9149a7011acf1e2de1c21a99b6400cb5601ec1b60c0bd10e2989e67214ed6611,275,262,13,1107.909,1900.331,4,552491988967,549459864589,3032124378,550598059883,643,4ca807cdb8ed78563a955cf11326ab8061f0dd7b05b4ca9e7c382ed3be1c786b,643,10700,IDENTITY
h3-large-reuse24,qwen2.5-14b-instruct-fp16-v1,slice-versus-full-cache-v1,record-reuse,24,940129,confirmation,MEASUREMENT,attempt-b1eb4accdeed479badc300606ce025bc,baseline,0,1,r111,c7aab0ddac869462273e075103bd0ef7393b6afd4edf83ad4c92dd6a7c739030,13,7,False,True,SUCCEEDED,False,CCTYS,T,"[51, 151645]",dcfcf2090063baef6b2ea28c0deb518145501d328f422086cc2db7b749c8b28a,274,262,12,1038.279,634.012,2,554206232969,552509600739,1696632230,553567671866,643,36051d32d379a6517de54645de2a27e659325db9c31f613ce849f7185c5d668d,643,10370,IDENTITY
h3-large-reuse24,qwen2.5-14b-instruct-fp16-v1,slice-versus-full-cache-v1,record-reuse,24,940129,confirmation,MEASUREMENT,attempt-b1eb4accdeed479badc300606ce025bc,baseline,0,1,r112,8072f457b97eb28dfeab619075dbb71df9d5b884ad0d9061be00f5ea028355ea,14,0,True,True,SUCCEEDED,False,CYHRT,YHRT,"[56, 39, 5350, 151645]",b6c4a6160c535b534b2c144fb353cfa7666df81c2050b54f589b8ee157c9fc20,276,70,206,15553.406,1915.907,4,571951123108,554457707026,17493416082,570025427678,643,84acbbbebcd57e9b4de667d4329dd13091f7c8b8d74af296ea4fd367c384372a,643,10910,IDENTITY
h3-large-reuse24,qwen2.5-14b-instruct-fp16-v1,slice-versus-full-cache-v1,record-reuse,24,940129,confirmation,MEASUREMENT,attempt-b1eb4accdeed479badc300606ce025bc,baseline,0,1,r113,8072f457b97eb28dfeab619075dbb71df9d5b884ad0d9061be00f5ea028355ea,14,1,False,True,SUCCEEDED,True,CEOMH,CEOMH,"[2104, 1898, 39, 151645]",724a6d57770fa21a8a2873062433658ec5ad173adae8e406306b5c5ffaf3671e,276,264,12,1036.03,1889.386,4,575428843632,572477124824,2951718808,573539279465,643,269fbfd4966045752d2f9aa68a408cd81c97bae199975398ac1ea94f2ead9ccf,643,10780,IDENTITY
h3-large-reuse24,qwen2.5-14b-instruct-fp16-v1,slice-versus-full-cache-v1,record-reuse,24,940129,confirmation,MEASUREMENT,attempt-b1eb4accdeed479badc300606ce025bc,baseline,0,1,r114,8072f457b97eb28dfeab619075dbb71df9d5b884ad0d9061be00f5ea028355ea,14,2,False,True,SUCCEEDED,False,CZGJC,ZGJC,"[57, 38, 58367, 151645]",a35a43f66270f1dafc65ef95ecaa08f0af1f88c28300a7029d341921fc794cfe,276,264,12,1036.407,1904.559,4,578456677958,575500764924,2955913034,576562887374,643,7a74b508cf4884b74a8e90d4e7c8325571671b7e271d5045d73bc589e0c9c77e,643,10670,IDENTITY
h3-large-reuse24,qwen2.5-14b-instruct-fp16-v1,slice-versus-full-cache-v1,record-reuse,24,940129,confirmation,MEASUREMENT,attempt-b1eb4accdeed479badc300606ce025bc,baseline,0,1,r115,8072f457b97eb28dfeab619075dbb71df9d5b884ad0d9061be00f5ea028355ea,14,3,False,True,SUCCEEDED,True,CPNPW,CPNPW,"[7123, 26227, 54, 151645]",f6b733fbc5a423a4ad495f73ceb6a96e11045f9eae31dc456974948e0f221b71,276,264,12,1043.542,1902.093,4,581459778441,578497111232,2962667209,579549199874,643,efb01adde249fd29253741fc2b60489f4b485872a7c24fcc7e970781b0749321,643,10119,IDENTITY
h3-large-reuse24,qwen2.5-14b-instruct-fp16-v1,slice-versus-full-cache-v1,record-reuse,24,940129,confirmation,MEASUREMENT,attempt-b1eb4accdeed479badc300606ce025bc,baseline,0,1,r116,8072f457b97eb28dfeab619075dbb71df9d5b884ad0d9061be00f5ea028355ea,14,4,False,True,SUCCEEDED,True,CGQIU,CGQIU,"[8798, 48, 80000, 151645]",f08f6b5d8a6d54d4d22f1448189433dd23450652de14ec8706fa6af220fcf5e9,276,264,12,1043.363,1886.744,4,584435079083,581481040882,2954038201,582551038369,643,40b85eff7aa016e70f565a7a3a178a0b94cbf4cd99cf9b539c6d742493aa98a3,643,13545,IDENTITY
h3-large-reuse24,qwen2.5-14b-instruct-fp16-v1,slice-versus-full-cache-v1,record-reuse,24,940129,confirmation,MEASUREMENT,attempt-b1eb4accdeed479badc300606ce025bc,baseline,0,1,r117,8072f457b97eb28dfeab619075dbb71df9d5b884ad0d9061be00f5ea028355ea,14,5,False,True,SUCCEEDED,True,CMTLQ,CMTLQ,"[34, 8505, 43, 48, 151645]",00202746156704eba947b45017ea08b91cedd93be0df91b1152fa451afad7c7c,276,265,11,970.548,2545.048,5,588052811367,584511007067,3541804300,585504950265,643,e1ba65c8a31b4b4f7cc493abf70c538fb98cef72dab08e95d8eb3905d287307c,643,10650,IDENTITY
h3-large-reuse24,qwen2.5-14b-instruct-fp16-v1,slice-versus-full-cache-v1,record-reuse,24,940129,confirmation,MEASUREMENT,attempt-b1eb4accdeed479badc300606ce025bc,baseline,0,1,r118,8072f457b97eb28dfeab619075dbb71df9d5b884ad0d9061be00f5ea028355ea,14,6,False,True,SUCCEEDED,True,CCPBI,CCPBI,"[3706, 47, 8598, 151645]",4a44bc222e5015b532612b2384d5ca274e28bc331f1790f7eef04dec123ea61e,276,264,12,1043.502,1911.731,4,591487369212,588508395147,2978974065,589578643861,643,0b523b50a80a1a436d323e992f7c3e5d1c9811719e1591d386d09d7143301940,643,10540,IDENTITY
h3-large-reuse24,qwen2.5-14b-instruct-fp16-v1,slice-versus-full-cache-v1,record-reuse,24,940129,confirmation,MEASUREMENT,attempt-b1eb4accdeed479badc300606ce025bc,baseline,0,1,r119,8072f457b97eb28dfeab619075dbb71df9d5b884ad0d9061be00f5ea028355ea,14,7,False,True,SUCCEEDED,True,CSHDI,CSHDI,"[6412, 39, 17625, 151645]",7dd4f5b896faa5cf6524c7de3d6b973b0f3faad12f9fb7b5a3835c102a3d4061,275,264,11,970.001,1889.026,4,594424243653,591542278276,2881965377,592551484990,643,5f7bd1d1c0c6a804e4fe69b768a9d2e38b47a3c7f9535537369362fa9faf9f29,643,10389,IDENTITY
h3-large-reuse24,qwen2.5-14b-instruct-fp16-v1,slice-versus-full-cache-v1,record-reuse,24,940129,confirmation,MEASUREMENT,attempt-b1eb4accdeed479badc300606ce025bc,baseline,0,1,r120,8f5d398b8c2e9af3d3281a2bd74b8562743308cf4e7ea1f1fed4a9810c4542b3,15,0,True,True,SUCCEEDED,False,CJUWD,JUWD,"[41, 52, 17563, 151645]",4d253a1bc378bd103252adf3ee779c64ea4fbb9b789028169e5a302486324e2b,278,70,208,15692.366,1912.625,4,612171958063,594540645215,17631312848,610255684465,643,f25aeceeb49c3c77b9fa64d871b9302ac1527bd87c649dbbdde1ccb8235f8abd,643,10529,IDENTITY
h3-large-reuse24,qwen2.5-14b-instruct-fp16-v1,slice-versus-full-cache-v1,record-reuse,24,940129,confirmation,MEASUREMENT,attempt-b1eb4accdeed479badc300606ce025bc,baseline,0,1,r121,8f5d398b8c2e9af3d3281a2bd74b8562743308cf4e7ea1f1fed4a9810c4542b3,15,1,False,True,SUCCEEDED,True,CVZBE,CVZBE,"[19589, 57, 11594, 151645]",59a9a05aad1012155872eeb0f774b07b5b62751fcabe1aa82e666515851ac860,278,266,12,1038.468,1901.765,4,615572736408,612609511593,2963224815,613672043034,643,b57fdf36271231edf891294caffe98ec3f48f63d1fe5482372106fb6df3afd59,643,10980,IDENTITY
h3-large-reuse24,qwen2.5-14b-instruct-fp16-v1,slice-versus-full-cache-v1,record-reuse,24,940129,confirmation,MEASUREMENT,attempt-b1eb4accdeed479badc300606ce025bc,baseline,0,1,r122,8f5d398b8c2e9af3d3281a2bd74b8562743308cf4e7ea1f1fed4a9810c4542b3,15,2,False,True,SUCCEEDED,False,CJGIR,JGIR,"[41, 38, 2801, 151645]",1f45b7070b3440f80e44eb97be13b759b334281d1f2e937cc1e4fdeafe162062,278,266,12,1039.058,1893.681,4,618565884912,615604539302,2961345610,616670809136,643,feb84228a6e96c4319b90cb31eb71d3997c9a28557ca6504d0a96a8e2c043892,643,10319,IDENTITY
h3-large-reuse24,qwen2.5-14b-instruct-fp16-v1,slice-versus-full-cache-v1,record-reuse,24,940129,confirmation,MEASUREMENT,attempt-b1eb4accdeed479badc300606ce025bc,baseline,0,1,r123,8f5d398b8c2e9af3d3281a2bd74b8562743308cf4e7ea1f1fed4a9810c4542b3,15,3,False,True,SUCCEEDED,False,CRGDH,RGDH,"[49, 40849, 39, 151645]",c343f2297970b8b4d686f2128beb45346edcd087bbc888aa0797cb8c91f005e5,278,266,12,1059.899,1892.655,4,621594369641,618616433417,2977936224,619698615764,643,299abd23598ae14c0a78ab564f0f356e1a2d6662aec0f4dae75b91257777490d,643,11000,IDENTITY
h3-large-reuse24,qwen2.5-14b-instruct-fp16-v1,slice-versus-full-cache-v1,record-reuse,24,940129,confirmation,MEASUREMENT,attempt-b1eb4accdeed479badc300606ce025bc,baseline,0,1,r124,8f5d398b8c2e9af3d3281a2bd74b8562743308cf4e7ea1f1fed4a9810c4542b3,15,4,False,True,SUCCEEDED,True,CTSVU,CTSVU,"[1162, 17803, 52, 151645]",628b236a95cd43ec35d3f67c7f3e2bfe8a9650d6d31a37c35feb68c1e066ba78,278,266,12,1039.495,1936.997,4,624602899681,621614687737,2988211944,622665010755,643,ff5ca4459dc6de154f40b04ed6247baac98962c7fc57bf250b6d16b0ca491234,643,11041,IDENTITY
h3-large-reuse24,qwen2.5-14b-instruct-fp16-v1,slice-versus-full-cache-v1,record-reuse,24,940129,confirmation,MEASUREMENT,attempt-b1eb4accdeed479badc300606ce025bc,baseline,0,1,r125,8f5d398b8c2e9af3d3281a2bd74b8562743308cf4e7ea1f1fed4a9810c4542b3,15,5,False,True,SUCCEEDED,False,CMCHW,MCHW,"[44, 2149, 54, 151645]",9127321bea4769e62d8ef14f24a31787bb29c26a67e13425c599e9a598fb8425,278,266,12,1381.769,4423.298,4,630494257368,624639171766,5855085602,626077413317,643,b950bdc762910fb2e4121ef3f3fdfb34d2a5eb35d125139eaa051f838b629ac2,643,10991,IDENTITY
h3-large-reuse24,qwen2.5-14b-instruct-fp16-v1,slice-versus-full-cache-v1,record-reuse,24,940129,confirmation,MEASUREMENT,attempt-b1eb4accdeed479badc300606ce025bc,baseline,0,1,r126,8f5d398b8c2e9af3d3281a2bd74b8562743308cf4e7ea1f1fed4a9810c4542b3,15,6,False,True,SUCCEEDED,True,CGSNJ,CGSNJ,"[8798, 18966, 41, 151645]",c1410853bbd0b4f0643248c2cc489229d5eb80d3cf1518fe45ebbd06064b8d67,278,266,12,1172.723,2042.642,4,635212678455,631971166118,3241512337,633169416005,643,5b3b8212dc64a6cbdd94b59a81217193a55d06a6ab9e0df4b7e6198ff2f901bd,643,10520,IDENTITY
h3-large-reuse24,qwen2.5-14b-instruct-fp16-v1,slice-versus-full-cache-v1,record-reuse,24,940129,confirmation,MEASUREMENT,attempt-b1eb4accdeed479badc300606ce025bc,baseline,0,1,r127,8f5d398b8c2e9af3d3281a2bd74b8562743308cf4e7ea1f1fed4a9810c4542b3,15,7,False,True,SUCCEEDED,False,CFKKM,FKKM,"[37, 50457, 44, 151645]",6703d2dbe5abdc3e56c610de220ab37f6259181289d1eeec9a70860c55e6c7d3,278,266,12,1063.896,2032.125,4,639282289318,636158150261,3124139057,637242877009,643,c88bdf1d20bd1bb76e5e1af68f2534cde619f8a0990ed83a88da3bc0a8927d68,643,10459,IDENTITY
h3-large-reuse24,qwen2.5-14b-instruct-fp16-v1,slice-versus-full-cache-v1,record-reuse,24,940129,confirmation,MEASUREMENT,attempt-7ba93bd7375447058898bc4e8c3d38a3,candidate,0,1,r000,e2bbcf7fdcde8b11629d90c05f4882448617accadbe671b62961f35e85473931,0,0,True,True,SUCCEEDED,True,CLOTH,CLOTH,"[34, 1593, 3617, 151645]",c9005f48d02d324c4693edc2b10b056d2dd7dc1dfecb33395d94110f40cf297a,92,0,92,6878.791,1869.373,4,9577844186,804406747,8773437439,7707887474,643,95ab229aad631d13ffd5b08cbb36506b1a9660794f2011ed6d9c927f18a9fa4d,229,86130,CERTIFIED_SLICE
h3-large-reuse24,qwen2.5-14b-instruct-fp16-v1,slice-versus-full-cache-v1,record-reuse,24,940129,confirmation,MEASUREMENT,attempt-7ba93bd7375447058898bc4e8c3d38a3,candidate,0,1,r001,e2bbcf7fdcde8b11629d90c05f4882448617accadbe671b62961f35e85473931,0,1,False,True,SUCCEEDED,False,CQERS,C,"[34, 151645]",b65813010a1e2485eb89e356858f0efa1ca2b003850ce7b54fa7ebc7da0b8c96,92,70,22,1745.605,624.339,2,12316171329,9922097976,2394073353,11691119018,643,15b407d07db478933af53f9fba2f42db625139de79f5b1c376a3202e0d5c641f,229,41798,CERTIFIED_SLICE
h3-large-reuse24,qwen2.5-14b-instruct-fp16-v1,slice-versus-full-cache-v1,record-reuse,24,940129,confirmation,MEASUREMENT,attempt-7ba93bd7375447058898bc4e8c3d38a3,candidate,0,1,r002,e2bbcf7fdcde8b11629d90c05f4882448617accadbe671b62961f35e85473931,0,2,False,True,SUCCEEDED,False,CZDGI,C,"[34, 151645]",cdcbdc5dccac41601318b06076be70550969281c62d65e0fff8f053f6fcabf57,92,71,21,1673.005,623.343,2,15230110367,12911238636,2318871731,14615844405,643,ed491892ecd440055f89d77b4d3bd2dcfa08bcfad66c5538aaaedf97394b42ef,229,39243,CERTIFIED_SLICE
h3-large-reuse24,qwen2.5-14b-instruct-fp16-v1,slice-versus-full-cache-v1,record-reuse,24,940129,confirmation,MEASUREMENT,attempt-7ba93bd7375447058898bc4e8c3d38a3,candidate,0,1,r003,e2bbcf7fdcde8b11629d90c05f4882448617accadbe671b62961f35e85473931,0,3,False,True,SUCCEEDED,False,COJDO,C,"[34, 151645]",9b2b4a0d361932d75a27ba9f5854d632b598710136068ed221c2496c3d414076,92,71,21,1676.39,626.958,2,18232305225,15905681588,2326623637,17614029787,643,3c26b8fb55d8e5d6e7e41576a3addc7c2a7ac0ec79abdea8de87d3da749badd4,229,39754,CERTIFIED_SLICE
h3-large-reuse24,qwen2.5-14b-instruct-fp16-v1,slice-versus-full-cache-v1,record-reuse,24,940129,confirmation,MEASUREMENT,attempt-7ba93bd7375447058898bc4e8c3d38a3,candidate,0,1,r004,e2bbcf7fdcde8b11629d90c05f4882448617accadbe671b62961f35e85473931,0,4,False,True,SUCCEEDED,False,CYEYZ,CYZEYZ,"[34, 40209, 36, 40209, 151645]",1f0b6692a61bb106850c5579716219bc0b98b72db6cefaf4fe2c68a4053c680e,94,70,24,1884.92,2505.229,5,23335955883,18917682362,4418273521,20831176681,643,197d603cadaf4bdf250c519cd2f35de45c2c1f0ac294125859e75f83511ede75,229,37160,CERTIFIED_SLICE
h3-large-reuse24,qwen2.5-14b-instruct-fp16-v1,slice-versus-full-cache-v1,record-reuse,24,940129,confirmation,MEASUREMENT,attempt-7ba93bd7375447058898bc4e8c3d38a3,candidate,0,1,r005,e2bbcf7fdcde8b11629d90c05f4882448617accadbe671b62961f35e85473931,0,5,False,True,SUCCEEDED,True,CDPLE,CDPLE,"[6484, 9515, 151645]",1c70cf94edfbdf51f0629415c7f7dde44910ab79263c5ced0e62b9513f3691dc,93,70,23,1806.847,1246.623,3,27028438991,23946520000,3081918991,25778258598,643,20133fe664ed5f322f48fa97a94a4c56d59dfc9f593da3c66329a681617614f3,229,35526,CERTIFIED_SLICE
h3-large-reuse24,qwen2.5-14b-instruct-fp16-v1,slice-versus-full-cache-v1,record-reuse,24,940129,confirmation,MEASUREMENT,attempt-7ba93bd7375447058898bc4e8c3d38a3,candidate,0,1,r006,e2bbcf7fdcde8b11629d90c05f4882448617accadbe671b62961f35e85473931,0,6,False,True,SUCCEEDED,False,CZSRO,C,"[34, 151645]",3758e17886955e5197d8c129a7cc4c06193b8022916b59a0d3e51228b706e686,92,70,22,1761.161,623.251,2,29451219191,27043692318,2407526873,28836117154,643,6e8616009c1ea00489e114b1db743596dbf3181c0d99a3599796be32ef0801cd,229,40325,CERTIFIED_SLICE
h3-large-reuse24,qwen2.5-14b-instruct-fp16-v1,slice-versus-full-cache-v1,record-reuse,24,940129,confirmation,MEASUREMENT,attempt-7ba93bd7375447058898bc4e8c3d38a3,candidate,0,1,r007,e2bbcf7fdcde8b11629d90c05f4882448617accadbe671b62961f35e85473931,0,7,False,True,SUCCEEDED,False,CGCND,C,"[34, 151645]",d7c1a3923a213c5b0ff9b576e521f95dd3ec85183c62696860fd1821cf781a99,92,70,22,1744.373,630.637,2,32359166727,29962615966,2396550761,31728481140,643,091b9f3bad44fffe877757da1b98ba32d8c64d4882bfb1c07cbf20d2ba9d188c,229,38883,CERTIFIED_SLICE
h3-large-reuse24,qwen2.5-14b-instruct-fp16-v1,slice-versus-full-cache-v1,record-reuse,24,940129,confirmation,MEASUREMENT,attempt-7ba93bd7375447058898bc4e8c3d38a3,candidate,0,1,r008,5a1ee5278b6015963dfae3285b51acf7892b79a0d9029eedd2291b9ef4f8aa2d,1,0,True,True,SUCCEEDED,False,CSKBE,C,"[34, 151645]",cca5716efdfb51f000be5f1602a22c849b03982fffac982a10137117d04b9673,92,70,22,1746.598,624.669,2,35359087866,32962218213,2396869653,34719366405,643,2b1ffad0f3a92f5df01835e964e8cecca4359dde5d9dbd0dc4d500583c9617f3,229,39143,CERTIFIED_SLICE
h3-large-reuse24,qwen2.5-14b-instruct-fp16-v1,slice-versus-full-cache-v1,record-reuse,24,940129,confirmation,MEASUREMENT,attempt-7ba93bd7375447058898bc4e8c3d38a3,candidate,0,1,r009,5a1ee5278b6015963dfae3285b51acf7892b79a0d9029eedd2291b9ef4f8aa2d,1,1,False,True,SUCCEEDED,False,CRHWH,CXCOW,"[34, 37946, 3307, 151645]",9a52c8e37dfa7a9f3aefe01a502e0851f2d2426d7d597871a0ae5e5334e94550,92,70,22,1742.184,1871.756,4,39595162312,35958923111,3636239201,37734532756,643,09b956c9107b42490ec184110d5d565a3cc45e30b76b2531efdb1d5d8a2c2b03,229,35887,CERTIFIED_SLICE
h3-large-reuse24,qwen2.5-14b-instruct-fp16-v1,slice-versus-full-cache-v1,record-reuse,24,940129,confirmation,MEASUREMENT,attempt-7ba93bd7375447058898bc4e8c3d38a3,candidate,0,1,r010,5a1ee5278b6015963dfae3285b51acf7892b79a0d9029eedd2291b9ef4f8aa2d,1,2,False,True,SUCCEEDED,True,COMCC,COMCC,"[8696, 3706, 151645]",c1e6c2fb0be323ff4c1f8fb80e58060298307b3bbb893d27edf8e028150aba3c,91,70,21,1679.626,1247.031,3,42938303439,39984230904,2954072535,41692101264,643,3186075e6e03bc1287aa92d1cdca4c70c44dc6444c4015fa42e726c67e8d3b5c,229,34855,CERTIFIED_SLICE
h3-large-reuse24,qwen2.5-14b-instruct-fp16-v1,slice-versus-full-cache-v1,record-reuse,24,940129,confirmation,MEASUREMENT,attempt-7ba93bd7375447058898bc4e8c3d38a3,candidate,0,1,r011,5a1ee5278b6015963dfae3285b51acf7892b79a0d9029eedd2291b9ef4f8aa2d,1,3,False,True,SUCCEEDED,False,COXXI,C,"[34, 151645]",e43a87397e96d9628867b3b97e851276372ab580670ed488efa92c58fe72fceb,92,70,22,1749.017,624.536,2,45411119730,43014484683,2396635047,44795486696,643,22c3f85971c08a15fa1121e8bb49491b93272d151ee9ebafbdd1efd0af9fa376,229,36218,CERTIFIED_SLICE
h3-large-reuse24,qwen2.5-14b-instruct-fp16-v1,slice-versus-full-cache-v1,record-reuse,24,940129,confirmation,MEASUREMENT,attempt-7ba93bd7375447058898bc4e8c3d38a3,candidate,0,1,r012,5a1ee5278b6015963dfae3285b51acf7892b79a0d9029eedd2291b9ef4f8aa2d,1,4,False,True,SUCCEEDED,False,CKAEX,C,"[34, 151645]",0b1fd9371aa84f6becb57c6e13fe695b204c30fe82c3742b68ad536a6b24aadf,92,70,22,1834.531,812.607,2,48664643505,45992556459,2672087046,47881668545,643,3f4f75f2eb8e4b1cef4e393ef2a751fa41762153fb714969936cad020c879860,229,36447,CERTIFIED_SLICE
h3-large-reuse24,qwen2.5-14b-instruct-fp16-v1,slice-versus-full-cache-v1,record-reuse,24,940129,confirmation,MEASUREMENT,attempt-7ba93bd7375447058898bc4e8c3d38a3,candidate,0,1,r013,5a1ee5278b6015963dfae3285b51acf7892b79a0d9029eedd2291b9ef4f8aa2d,1,5,False,True,SUCCEEDED,False,CDLRR,C,"[34, 151645]",a681be5e44dc9548e563c6732f32ec733acd3cf76ebf5467c214033a67ca7ae7,92,70,22,1856.666,659.528,2,51616132846,49079649473,2536483373,50978353817,643,42e04a6014f00e7ff5251140474e0c1f5b6884ff68071b045dd7f6ca55dd8c4c,229,36037,CERTIFIED_SLICE
h3-large-reuse24,qwen2.5-14b-instruct-fp16-v1,slice-versus-full-cache-v1,record-reuse,24,940129,confirmation,MEASUREMENT,attempt-7ba93bd7375447058898bc4e8c3d38a3,candidate,0,1,r014,5a1ee5278b6015963dfae3285b51acf7892b79a0d9029eedd2291b9ef4f8aa2d,1,6,False,True,SUCCEEDED,False,CTHDY,C,"[34, 151645]",1d9bb3c217343c99227e5bc3a8306ff30f11ff6e126f2beff142a0794be23567,92,70,22,1894.139,689.048,2,54636125242,52045319615,2590805627,53973378491,643,b602eb49cf0800c05f3bc3a217b0b27e62ba28b02ef103ed55d21dea013546b4,229,36498,CERTIFIED_SLICE
h3-large-reuse24,qwen2.5-14b-instruct-fp16-v1,slice-versus-full-cache-v1,record-reuse,24,940129,confirmation,MEASUREMENT,attempt-7ba93bd7375447058898bc4e8c3d38a3,candidate,0,1,r015,5a1ee5278b6015963dfae3285b51acf7892b79a0d9029eedd2291b9ef4f8aa2d,1,7,False,True,SUCCEEDED,False,CRUIG,C,"[34, 151645]",0458f32ac2a6cc47ffaf1194bdc599f1e2775a6abd29c461c2f20eebcdd4dec5,92,70,22,1779.97,682.176,2,57562091317,55075145238,2486946079,56882800128,643,ea1e0ecd3e15ff747b6020b0ab143ed8a370ef3af7b66dd74788c6530a908d23,229,36348,CERTIFIED_SLICE
h3-large-reuse24,qwen2.5-14b-instruct-fp16-v1,slice-versus-full-cache-v1,record-reuse,24,940129,confirmation,MEASUREMENT,attempt-7ba93bd7375447058898bc4e8c3d38a3,candidate,0,1,r016,4b2234251b56f044b6c9d6572412a4f70ddf4d9d40746b2f7ff5b754c458c9a3,2,0,True,True,SUCCEEDED,True,CXNOB,CXNOB,"[65240, 8996, 33, 151645]",ff06a3ccb605ceb08470fb8cb475cedd7971c37932ba4d4b3bbfe75c3bfea09f,92,70,22,1782.454,2312.928,4,62192575378,58077125337,4115450041,59880775178,643,d0961bc853dff1fa34a81a1b7dce92c2ef2fdc4fe933b0b3bc5e66b0717d078a,229,35065,CERTIFIED_SLICE
h3-large-reuse24,qwen2.5-14b-instruct-fp16-v1,slice-versus-full-cache-v1,record-reuse,24,940129,confirmation,MEASUREMENT,attempt-7ba93bd7375447058898bc4e8c3d38a3,candidate,0,1,r017,4b2234251b56f044b6c9d6572412a4f70ddf4d9d40746b2f7ff5b754c458c9a3,2,1,False,True,SUCCEEDED,True,CYYZH,CYYZH,"[34, 10060, 95911, 151645]",37d270e2c4c660fcb686cecaf65121d488417ddbd5e68025dfac9c93fe453126,92,70,22,2363.851,1937.359,4,67487021510,63162400433,4324621077,65559459238,643,51a699edf6f3e52da6762bddd413c80e8841ea9bff21d777d89d7b578a193ee3,229,38873,CERTIFIED_SLICE
h3-large-reuse24,qwen2.5-14b-instruct-fp16-v1,slice-versus-full-cache-v1,record-reuse,24,940129,confirmation,MEASUREMENT,attempt-7ba93bd7375447058898bc4e8c3d38a3,candidate,0,1,r018,4b2234251b56f044b6c9d6572412a4f70ddf4d9d40746b2f7ff5b754c458c9a3,2,2,False,True,SUCCEEDED,False,CQSRC,C,"[34, 151645]",3f09e191dfc9b67bfad0cf38dc58c2f6ff909259f1f459572c88a16a1e776b15,92,70,22,2290.635,659.954,2,71239595529,68268094283,2971501246,70583413737,643,4457ae32617d66fa92e6637fe5afaedcaf327786f984bf3d3fda8013baea4e24,229,33974,CERTIFIED_SLICE
h3-large-reuse24,qwen2.5-14b-instruct-fp16-v1,slice-versus-full-cache-v1,record-reuse,24,940129,confirmation,MEASUREMENT,attempt-7ba93bd7375447058898bc4e8c3d38a3,candidate,0,1,r019,4b2234251b56f044b6c9d6572412a4f70ddf4d9d40746b2f7ff5b754c458c9a3,2,3,False,True,SUCCEEDED,True,COTKX,COTKX,"[34, 1793, 42, 55, 151645]",08f67140e32833084886c6fb9760432595b37f3b4e41908e59468693d856d90d,93,70,23,1888.03,2653.922,5,75903612810,71334521022,4569091788,73245311954,643,9eea2154396bc87a7f32f0950b3258e976886610a9bfc9605bf7323efc6471ce,229,33152,CERTIFIED_SLICE
h3-large-reuse24,qwen2.5-14b-instruct-fp16-v1,slice-versus-full-cache-v1,record-reuse,24,940129,confirmation,MEASUREMENT,attempt-7ba93bd7375447058898bc4e8c3d38a3,candidate,0,1,r020,4b2234251b56f044b6c9d6572412a4f70ddf4d9d40746b2f7ff5b754c458c9a3,2,4,False,True,SUCCEEDED,True,COOPA,COOPA,"[8281, 3067, 32, 151645]",5c3e8ecb1bcdac16fec58bbc745d31e4e84e0251b6c6b219e1175e47dc5a5ea1,92,70,22,1782.689,1914.593,4,80029072025,76307051185,3722020840,78111066446,643,45535628379364b71ad0ce2811ef66b1e2dd4a60108907e11f5e5c3aec0c4f8c,229,33703,CERTIFIED_SLICE
h3-large-reuse24,qwen2.5-14b-instruct-fp16-v1,slice-versus-full-cache-v1,record-reuse,24,940129,confirmation,MEASUREMENT,attempt-7ba93bd7375447058898bc4e8c3d38a3,candidate,0,1,r021,4b2234251b56f044b6c9d6572412a4f70ddf4d9d40746b2f7ff5b754c458c9a3,2,5,False,True,SUCCEEDED,False,CEKQD,C,"[34, 151645]",dba0d74d422dcd8e84bffb62af99728a19105926d6f66136f62e889bc7afd97b,93,70,23,1821.889,622.607,2,82792397567,80323248095,2469149472,82166800623,643,ba3ae339bdcee0d39ce3a8b6747212f9a14e48877b46b4de70a7bcdd751a3580,229,32681,CERTIFIED_SLICE
h3-large-reuse24,qwen2.5-14b-instruct-fp16-v1,slice-versus-full-cache-v1,record-reuse,24,940129,confirmation,MEASUREMENT,attempt-7ba93bd7375447058898bc4e8c3d38a3,candidate,0,1,r022,4b2234251b56f044b6c9d6572412a4f70ddf4d9d40746b2f7ff5b754c458c9a3,2,6,False,True,SUCCEEDED,False,CDXSN,C,"[34, 151645]",16010ad25649b7c93b6032d0d29409be874bd54ee67a4303835bcc9c02e7998e,92,70,22,1751.212,632.884,2,85728883776,83319309306,2409574470,85103079617,643,c64068d11d7a34d1cf0e7a74858833dbc27809a3c39689de931231e2ed7555d8,229,33362,CERTIFIED_SLICE
h3-large-reuse24,qwen2.5-14b-instruct-fp16-v1,slice-versus-full-cache-v1,record-reuse,24,940129,confirmation,MEASUREMENT,attempt-7ba93bd7375447058898bc4e8c3d38a3,candidate,0,1,r023,4b2234251b56f044b6c9d6572412a4f70ddf4d9d40746b2f7ff5b754c458c9a3,2,7,False,True,SUCCEEDED,True,CMDLC,CMDLC,"[38680, 8556, 151645]",94eef2bb48cff4dadcc40b33c6b6119ca33b1333db533625b4a78da165d8005e,91,70,21,1674.325,1256.248,3,89271984227,86314433434,2957550793,88030646219,643,a489f82a51600d64d2b7ff17640354f1832f1d3d2b2ac07706e9c438561d358e,229,34173,CERTIFIED_SLICE
h3-large-reuse24,qwen2.5-14b-instruct-fp16-v1,slice-versus-full-cache-v1,record-reuse,24,940129,confirmation,MEASUREMENT,attempt-7ba93bd7375447058898bc4e8c3d38a3,candidate,0,1,r024,de7452659b7303feb075caac1c0e06e99c3f8c11f8563dcadf86a93adf7e608d,3,0,True,True,SUCCEEDED,True,CIBOO,CIBOO,"[34, 3256, 19499, 151645]",64fb5f871e6fd7d77dbbed1faef19bdc3ef30a0e4dfee19fb8b3c811a8a81b7c,92,70,22,1745.854,1874.424,4,93999646250,90353286417,3646359833,92131201860,643,804e4c5ca88794f28a136f9f98ff59af099696e3012b620728a7d8e9ad832d74,229,33463,CERTIFIED_SLICE
h3-large-reuse24,qwen2.5-14b-instruct-fp16-v1,slice-versus-full-cache-v1,record-reuse,24,940129,confirmation,MEASUREMENT,attempt-7ba93bd7375447058898bc4e8c3d38a3,candidate,0,1,r025,de7452659b7303feb075caac1c0e06e99c3f8c11f8563dcadf86a93adf7e608d,3,1,False,True,SUCCEEDED,False,CEJHB,C,"[34, 151645]",2c7a163c1fe65d5bb3660ce8d914df4f6d27ba29f8dbd8775846551c963d561b,94,70,24,1883.434,652.922,2,96973476137,94411070507,2562405630,96306929199,643,24a79ce864966f9cfa3f676e9be79629db9d76ed4b509a3aa7a4ef7ecb1436f4,229,33712,CERTIFIED_SLICE
h3-large-reuse24,qwen2.5-14b-instruct-fp16-v1,slice-versus-full-cache-v1,record-reuse,24,940129,confirmation,MEASUREMENT,attempt-7ba93bd7375447058898bc4e8c3d38a3,candidate,0,1,r026,de7452659b7303feb075caac1c0e06e99c3f8c11f8563dcadf86a93adf7e608d,3,2,False,True,SUCCEEDED,False,CPZQF,CXBRC,"[34, 59272, 7380, 151645]",3990bca70d7b76ada27993ac4ebe6c000eea14b2eba751c994cc73b82205656a,93,70,23,1816.967,1907.629,4,101176968391,97428451887,3748516504,99277628775,643,cc6677c3cd0935929b5a229e3ed0d8b246a6f445f4d718204f5eb55ed04faff3,229,33803,CERTIFIED_SLICE
h3-large-reuse24,qwen2.5-14b-instruct-fp16-v1,slice-versus-full-cache-v1,record-reuse,24,940129,confirmation,MEASUREMENT,attempt-7ba93bd7375447058898bc4e8c3d38a3,candidate,0,1,r027,de7452659b7303feb075caac1c0e06e99c3f8c11f8563dcadf86a93adf7e608d,3,3,False,True,SUCCEEDED,True,COCQP,COCQP,"[34, 7612, 66520, 151645]",39cc251ed7337986d3a0ca3b05c30b711edb42e392a3d2dd543b11435fb6ddce,90,70,20,1616.673,1898.841,4,105000335093,101459177495,3541157598,103097974349,643,53f7be0dba6bb218ee3cbb2282076e9756161be889d3e9f19ae169c39f8734dd,229,35155,CERTIFIED_SLICE
h3-large-reuse24,qwen2.5-14b-instruct-fp16-v1,slice-versus-full-cache-v1,record-reuse,24,940129,confirmation,MEASUREMENT,attempt-7ba93bd7375447058898bc4e8c3d38a3,candidate,0,1,r028,de7452659b7303feb075caac1c0e06e99c3f8c11f8563dcadf86a93adf7e608d,3,4,False,True,SUCCEEDED,True,CITVX,CITVX,"[34, 952, 53, 55, 151645]",b9a53f017c95851cb716f64530647c0560b1313bb636946546d14fb51ef2b438,92,70,22,1746.021,2521.485,5,109768398761,105474842446,4293556315,107244580071,643,6b9192f273f25831c1d907f0e76697325b72015848a75d2a12ace7e4911d8850,229,34544,CERTIFIED_SLICE
h3-large-reuse24,qwen2.5-14b-instruct-fp16-v1,slice-versus-full-cache-v1,record-reuse,24,940129,confirmation,MEASUREMENT,attempt-7ba93bd7375447058898bc4e8c3d38a3,candidate,0,1,r029,de7452659b7303feb075caac1c0e06e99c3f8c11f8563dcadf86a93adf7e608d,3,5,False,True,SUCCEEDED,False,CXRXD,C,"[34, 151645]",ca99e03035d09916e4ce9ac3e312b999604b9497916cc8ce43b303c402851482,94,70,24,1884.654,624.93,2,112986552168,110450267794,2536284374,112365734031,643,74ab8604ee2c126df4ca0887606b73d37908232a000de16eef3aaa51c4931f88,229,34855,CERTIFIED_SLICE
h3-large-reuse24,qwen2.5-14b-instruct-fp16-v1,slice-versus-full-cache-v1,record-reuse,24,940129,confirmation,MEASUREMENT,attempt-7ba93bd7375447058898bc4e8c3d38a3,candidate,0,1,r030,de7452659b7303feb075caac1c0e06e99c3f8c11f8563dcadf86a93adf7e608d,3,6,False,True,SUCCEEDED,False,CZLKP,C,"[34, 151645]",90a76d4ec33000a220734fc8bfe0f492a985fec4098d8885f41d9b94ab43bb46,92,70,22,1745.04,623.157,2,115876170557,113483138450,2393032107,115261214522,643,4722e7aec06b204b2d7585809368a508746b4db559c5242297ee1eede5d223d9,229,34624,CERTIFIED_SLICE
h3-large-reuse24,qwen2.5-14b-instruct-fp16-v1,slice-versus-full-cache-v1,record-reuse,24,940129,confirmation,MEASUREMENT,attempt-7ba93bd7375447058898bc4e8c3d38a3,candidate,0,1,r031,de7452659b7303feb075caac1c0e06e99c3f8c11f8563dcadf86a93adf7e608d,3,7,False,True,SUCCEEDED,False,COLQZ,CSDHJ,"[34, 5491, 39, 41, 151645]",c598354e7be0f80c079b4a22b71244db7b699bf0e4b3065d171883c9353d1080,94,70,24,1886.765,2521.758,5,120907329804,116474578097,4432751707,118392223366,643,bfe36c31897268a400384f46c9adacac65123f5a0d1e55b76c6f11bbedc3aa3d,229,36097,CERTIFIED_SLICE
h3-large-reuse24,qwen2.5-14b-instruct-fp16-v1,slice-versus-full-cache-v1,record-reuse,24,940129,confirmation,MEASUREMENT,attempt-7ba93bd7375447058898bc4e8c3d38a3,candidate,0,1,r032,465aba40aeff43f68e362d37f102e2178ab71d65fb90a666b41011b524868280,4,0,True,True,SUCCEEDED,True,CEGNJ,CEGNJ,"[2104, 25167, 41, 151645]",56bbe1015764fb9d4734d4a9a578743083354a8eac4d993d604a583014b967f1,92,71,21,1672.798,1872.44,4,125057698523,121488438253,3569260270,123193211222,643,e6542de337d508444f85db84ef32a290dc82821041414315c4ab128dfe08a3d5,229,34604,CERTIFIED_SLICE
h3-large-reuse24,qwen2.5-14b-instruct-fp16-v1,slice-versus-full-cache-v1,record-reuse,24,940129,confirmation,MEASUREMENT,attempt-7ba93bd7375447058898bc4e8c3d38a3,candidate,0,1,r033,465aba40aeff43f68e362d37f102e2178ab71d65fb90a666b41011b524868280,4,1,False,True,SUCCEEDED,True,CHIHK,CHIHK,"[2149, 40, 57447, 151645]",3d0f44458702aa62f2d7f7b9934a350c79e2ef81cffd8e79036ff586206bac38,92,71,21,1683.445,1878.2,4,129112953327,125526495666,3586457661,127242459937,643,cff41e028ffd7f3b1f0e85e6c65b9fcc0c70b06064b6af45ffce1cd2e69907ba,229,35846,CERTIFIED_SLICE
h3-large-reuse24,qwen2.5-14b-instruct-fp16-v1,slice-versus-full-cache-v1,record-reuse,24,940129,confirmation,MEASUREMENT,attempt-7ba93bd7375447058898bc4e8c3d38a3,candidate,0,1,r034,465aba40aeff43f68e362d37f102e2178ab71d65fb90a666b41011b524868280,4,2,False,True,SUCCEEDED,False,CWXJI,C,"[34, 151645]",9ef0c910a174e3c7ceadce0fd34e0d07b81ebac1a4061f4eefb52fa30665d855,92,70,22,1745.312,622.888,2,131901454688,129510129396,2391325292,131273739245,643,9784194228e61c195592952e8fe07937929742e7798d3c1fe951618f744d24f4,229,32370,CERTIFIED_SLICE
h3-large-reuse24,qwen2.5-14b-instruct-fp16-v1,slice-versus-full-cache-v1,record-reuse,24,940129,confirmation,MEASUREMENT,attempt-7ba93bd7375447058898bc4e8c3d38a3,candidate,0,1,r035,465aba40aeff43f68e362d37f102e2178ab71d65fb90a666b41011b524868280,4,3,False,True,SUCCEEDED,False,CRQHV,C,"[34, 151645]",6ec214b68287d799fd00475fb3d7b86a1cc84342769aee84d3f3fc7e3e0dbc10,92,70,22,1744.649,623.746,2,134928689193,132536277399,2392411794,134331444295,643,53cc5ebae51cf49a7c677be9611b18fdc16030f9c0b864421b58d15681cf7c12,229,33082,CERTIFIED_SLICE
h3-large-reuse24,qwen2.5-14b-instruct-fp16-v1,slice-versus-full-cache-v1,record-reuse,24,940129,confirmation,MEASUREMENT,attempt-7ba93bd7375447058898bc4e8c3d38a3,candidate,0,1,r036,465aba40aeff43f68e362d37f102e2178ab71d65fb90a666b41011b524868280,4,4,False,True,SUCCEEDED,False,CBRTA,C,"[34, 151645]",79b3013d0bdd7667a6c6aa76cd259feedd0714a3840f2cf4d68e11d7ba6aa215,92,70,22,1744.359,623.386,2,137922614291,135530833431,2391780860,137300230833,643,9e770932713a2e8407aeea1d5a460f34c785f3c0dd934af19c9f3f42c482f26d,229,34865,CERTIFIED_SLICE
h3-large-reuse24,qwen2.5-14b-instruct-fp16-v1,slice-versus-full-cache-v1,record-reuse,24,940129,confirmation,MEASUREMENT,attempt-7ba93bd7375447058898bc4e8c3d38a3,candidate,0,1,r037,465aba40aeff43f68e362d37f102e2178ab71d65fb90a666b41011b524868280,4,5,False,True,SUCCEEDED,True,CULJS,CULJS,"[34, 1094, 12545, 151645]",1c3524ad4b73dd27b875532c9394bb9abd737ba5ce60ceadfca17e232b32756e,90,70,20,1611.797,1871.306,4,142060138113,138552954446,3507183667,140199345653,643,f311a85ffa5636e4a0ce0ac1292379cfd1b996798d0e24cdabd5abb8019acfa7,229,34825,CERTIFIED_SLICE
h3-large-reuse24,qwen2.5-14b-instruct-fp16-v1,slice-versus-full-cache-v1,record-reuse,24,940129,confirmation,MEASUREMENT,attempt-7ba93bd7375447058898bc4e8c3d38a3,candidate,0,1,r038,465aba40aeff43f68e362d37f102e2178ab71d65fb90a666b41011b524868280,4,6,False,True,SUCCEEDED,False,CDEGZ,C,"[34, 151645]",8442d01f485b7c26423c12a6ba00a28715e56080164e8b9554745797d6cc9d7e,93,70,23,1813.193,623.405,2,145025028185,142564189167,2460839018,144409559086,643,8729e96251c2c78c47790705f77db40e5ac37650558f40ef4abafafc54c45e07,229,33282,CERTIFIED_SLICE
h3-large-reuse24,qwen2.5-14b-instruct-fp16-v1,slice-versus-full-cache-v1,record-reuse,24,940129,confirmation,MEASUREMENT,attempt-7ba93bd7375447058898bc4e8c3d38a3,candidate,0,1,r039,465aba40aeff43f68e362d37f102e2178ab71d65fb90a666b41011b524868280,4,7,False,True,SUCCEEDED,False,CDVDM,D,"[35, 151645]",37592fe3651543d94183a436ef06ec6508efb645759b94c67db50e7cd9175dfd,92,70,22,1748.931,623.23,2,147974456793,145578197475,2396259318,147355557485,643,4573e23525359a140f1fd3e86755d7e2bc5f7ae6466e0fc9bb953e1c78d19980,229,33151,CERTIFIED_SLICE
h3-large-reuse24,qwen2.5-14b-instruct-fp16-v1,slice-versus-full-cache-v1,record-reuse,24,940129,confirmation,MEASUREMENT,attempt-7ba93bd7375447058898bc4e8c3d38a3,candidate,0,1,r040,ce6da994793097e8265f857fad5e4e835b9ff468e4bbf067e735e140b309694e,5,0,True,True,SUCCEEDED,False,CMHPA,C,"[34, 151645]",7db6acc5390b5f44f5422873dc76097f099b5296f491e22cd390d5273f5ab332,90,70,20,1852.678,655.012,2,151091402263,148573576026,2517826237,150461672343,643,2f61e4d2cc043827a92071488a37547279a32a5439f0c6d45f985c110eb6a0da,229,34885,CERTIFIED_SLICE
h3-large-reuse24,qwen2.5-14b-instruct-fp16-v1,slice-versus-full-cache-v1,record-reuse,24,940129,confirmation,MEASUREMENT,attempt-7ba93bd7375447058898bc4e8c3d38a3,candidate,0,1,r041,ce6da994793097e8265f857fad5e4e835b9ff468e4bbf067e735e140b309694e,5,1,False,True,SUCCEEDED,False,CYWXU,C,"[34, 151645]",3079cd9b63eadf5e8672659896f89d83474b86ae0a2c455e7935c48b624b44eb,92,70,22,1794.7,637.076,2,154081315721,151627122082,2454193639,153467529752,643,a5029ad07815708fc1499c63bea6d636ab16e870fe1473296740630041efc10d,229,33352,CERTIFIED_SLICE
h3-large-reuse24,qwen2.5-14b-instruct-fp16-v1,slice-versus-full-cache-v1,record-reuse,24,940129,confirmation,MEASUREMENT,attempt-7ba93bd7375447058898bc4e8c3d38a3,candidate,0,1,r042,ce6da994793097e8265f857fad5e4e835b9ff468e4bbf067e735e140b309694e,5,2,False,True,SUCCEEDED,True,CRAHS,CRAHS,"[34, 5609, 11961, 151645]",d3dafc31911dae06933f597b974ff80951829dc5ea11f17b223485bb03d3c760,89,70,19,1544.379,1955.539,4,158176491768,154661773930,3514717838,156226247225,643,7e44b067a1f2cc57694e7d9b1d10690ea825c0f6f0f512bce39cce754ac44b90,229,32892,CERTIFIED_SLICE
h3-large-reuse24,qwen2.5-14b-instruct-fp16-v1,slice-versus-full-cache-v1,record-reuse,24,940129,confirmation,MEASUREMENT,attempt-7ba93bd7375447058898bc4e8c3d38a3,candidate,0,1,r043,ce6da994793097e8265f857fad5e4e835b9ff468e4bbf067e735e140b309694e,5,3,False,True,SUCCEEDED,False,CHJDO,C,"[34, 151645]",9ac9b550b37d965326ba1eb1a95aadba64f2eab90baaf16d284c2b23bdab41b7,92,70,22,8560.807,803.027,2,169840358595,160444002663,9396355932,169049222588,643,6b432f28966f7d1e0e2277d4f120ffa0eacaaab3453edd5013ff3bd7f2a12728,229,32921,CERTIFIED_SLICE
h3-large-reuse24,qwen2.5-14b-instruct-fp16-v1,slice-versus-full-cache-v1,record-reuse,24,940129,confirmation,MEASUREMENT,attempt-7ba93bd7375447058898bc4e8c3d38a3,candidate,0,1,r044,ce6da994793097e8265f857fad5e4e835b9ff468e4bbf067e735e140b309694e,5,4,False,True,SUCCEEDED,True,CSRBI,CSRBI,"[70022, 8598, 151645]",090c4c1bbd6c9ab62f47dc8458847333666db774b03074a1e6bc40da7773f3e3,91,70,21,1899.129,1340.981,3,173910993653,170646527479,3264466174,172579053572,643,5e1df64bd03c81bb66609589f95976569aaf3e87ec678d4d546fbbe5ad52bb31,229,33903,CERTIFIED_SLICE
h3-large-reuse24,qwen2.5-14b-instruct-fp16-v1,slice-versus-full-cache-v1,record-reuse,24,940129,confirmation,MEASUREMENT,attempt-7ba93bd7375447058898bc4e8c3d38a3,candidate,0,1,r045,ce6da994793097e8265f857fad5e4e835b9ff468e4bbf067e735e140b309694e,5,5,False,True,SUCCEEDED,False,CWUXI,C,"[34, 151645]",eb678e4e1d3f6c043c21346f1f68e3a0b5a627fddcee920681205cee8dbd44c6,92,70,22,1859.584,672.596,2,177174467302,174616482042,2557985260,176499747103,643,4547d7de1ebf1002599935e192dbf6be72b61a26ccded471b04fcdc73e1662d6,229,34163,CERTIFIED_SLICE
h3-large-reuse24,qwen2.5-14b-instruct-fp16-v1,slice-versus-full-cache-v1,record-reuse,24,940129,confirmation,MEASUREMENT,attempt-7ba93bd7375447058898bc4e8c3d38a3,candidate,0,1,r046,ce6da994793097e8265f857fad5e4e835b9ff468e4bbf067e735e140b309694e,5,6,False,True,SUCCEEDED,True,CZZMK,CZZMK,"[34, 33536, 44140, 151645]",611d7afc5fe854aed313c7c5614803253a42da26246d0f68c8c91acada774a31,92,70,22,1765.381,1914.469,4,181347141532,177654346595,3692794937,179448441946,643,251713514f46617cd01fd3fc41ddbcdcff311b143d4dd49505863c884165e9b8,229,34885,CERTIFIED_SLICE
h3-large-reuse24,qwen2.5-14b-instruct-fp16-v1,slice-versus-full-cache-v1,record-reuse,24,940129,confirmation,MEASUREMENT,attempt-7ba93bd7375447058898bc4e8c3d38a3,candidate,0,1,r047,ce6da994793097e8265f857fad5e4e835b9ff468e4bbf067e735e140b309694e,5,7,False,True,SUCCEEDED,False,CBARL,C,"[34, 151645]",b958c265f8c267768471667ed8f93ab037fc7f746faa00b560ea173c17c1e37f,92,70,22,1760.021,635.971,2,184026416725,181607178343,2419238382,183425036848,643,f4d9f141155f66bc5e231de48f8e89a5bf73992ccd3c616d46770733b6bf217f,229,35536,CERTIFIED_SLICE
h3-large-reuse24,qwen2.5-14b-instruct-fp16-v1,slice-versus-full-cache-v1,record-reuse,24,940129,confirmation,MEASUREMENT,attempt-7ba93bd7375447058898bc4e8c3d38a3,candidate,0,1,r048,31c273a31cd186f5a8a683fcd5738d3b6ca032eb15fcf924351121440bf92fa2,6,0,True,True,SUCCEEDED,False,CFPEJ,F,"[37, 151645]",d8797311f6ab58822119e150c35851bc0cce569cc9bed3015d21ee16fc47b796,92,70,22,1757.276,634.68,2,187022768206,184606669332,2416098874,186384567333,643,0ce4427f285f6c99e3f6475ead8af1fb01f52ac04b77f5d403ad4f11b605c3ee,229,34153,CERTIFIED_SLICE
h3-large-reuse24,qwen2.5-14b-instruct-fp16-v1,slice-versus-full-cache-v1,record-reuse,24,940129,confirmation,MEASUREMENT,attempt-7ba93bd7375447058898bc4e8c3d38a3,candidate,0,1,r049,31c273a31cd186f5a8a683fcd5738d3b6ca032eb15fcf924351121440bf92fa2,6,1,False,True,SUCCEEDED,True,CQWEV,CQWEV,"[34, 48, 12457, 53, 151645]",8659f23452ab2a7c8ab3978e74ba24da2c7db5664a26f1c12e02ffdc3282d221,93,70,23,1836.441,2531.472,5,191993189238,187601144904,4392044334,189451581485,643,ed6b22b83a949ca46961f3aba1bdd25afd2c51ee0f4b742089e05f7dba1d30b5,229,33793,CERTIFIED_SLICE
h3-large-reuse24,qwen2.5-14b-instruct-fp16-v1,slice-versus-full-cache-v1,record-reuse,24,940129,confirmation,MEASUREMENT,attempt-7ba93bd7375447058898bc4e8c3d38a3,candidate,0,1,r050,31c273a31cd186f5a8a683fcd5738d3b6ca032eb15fcf924351121440bf92fa2,6,2,False,True,SUCCEEDED,False,CHRWQ,C,"[34, 151645]",454ac86f9600cedceed43fc51558d97ba78f4e98c7737acacfa89fd6480c6c21,92,70,22,1747.614,626.849,2,195019141438,192620615244,2398526194,194399613170,643,fcf8aec58a502f3935e9c900a6f95111f318c8dada559032cd3d058170d0ca56,229,33503,CERTIFIED_SLICE
h3-large-reuse24,qwen2.5-14b-instruct-fp16-v1,slice-versus-full-cache-v1,record-reuse,24,940129,confirmation,MEASUREMENT,attempt-7ba93bd7375447058898bc4e8c3d38a3,candidate,0,1,r051,31c273a31cd186f5a8a683fcd5738d3b6ca032eb15fcf924351121440bf92fa2,6,3,False,True,SUCCEEDED,True,CPTND,CPTND,"[34, 2828, 8065, 151645]",518b033c442e6c03db3074bac751ed8ee71486fb06839c6b89bef81c9f60296a,90,70,20,1620.892,1890.415,4,199183938559,195648578082,3535360477,197298144474,643,f66abecec89295c0ef8572bc9ceab2bd2d98dc8cc6028a17ef4f0a21d8473ac5,229,33833,CERTIFIED_SLICE
h3-large-reuse24,qwen2.5-14b-instruct-fp16-v1,slice-versus-full-cache-v1,record-reuse,24,940129,confirmation,MEASUREMENT,attempt-7ba93bd7375447058898bc4e8c3d38a3,candidate,0,1,r052,31c273a31cd186f5a8a683fcd5738d3b6ca032eb15fcf924351121440bf92fa2,6,4,False,True,SUCCEEDED,True,CBYGB,CBYGB,"[34, 19912, 5381, 151645]",509188fde736fda3c4be2dd6d55304f0dc816b38901de4fd75df66acd50d9cb3,92,70,22,1746.78,2064.893,4,203482238146,199657582376,3824655770,201431391532,643,1872676294de46d2ffedc4713e5cd1e6013d8c56d07aae21fc59ae2d99a6165a,229,33072,CERTIFIED_SLICE
h3-large-reuse24,qwen2.5-14b-instruct-fp16-v1,slice-versus-full-cache-v1,record-reuse,24,940129,confirmation,MEASUREMENT,attempt-7ba93bd7375447058898bc4e8c3d38a3,candidate,0,1,r053,31c273a31cd186f5a8a683fcd5738d3b6ca032eb15fcf924351121440bf92fa2,6,5,False,True,SUCCEEDED,True,CQCIC,CQCIC,"[34, 61042, 1317, 151645]",9c6d749e539a9ab6545023c35cc2951fc79cb8722f0e44ba771738945733abbe,92,70,22,1752.581,1872.856,4,207424638857,203786730130,3637908727,205569728696,643,4d472bf2c746443a728d87df4012486f9e71772438978abd1d34cf27965ab367,229,33181,CERTIFIED_SLICE
h3-large-reuse24,qwen2.5-14b-instruct-fp16-v1,slice-versus-full-cache-v1,record-reuse,24,940129,confirmation,MEASUREMENT,attempt-7ba93bd7375447058898bc4e8c3d38a3,candidate,0,1,r054,31c273a31cd186f5a8a683fcd5738d3b6ca032eb15fcf924351121440bf92fa2,6,6,False,True,SUCCEEDED,True,CLOHE,CLOHE,"[34, 1593, 1799, 151645]",798d232276fcc4fa71857f5213599a2309c1bd6bf2809cea28c922c4473bdaf9,90,70,20,1615.471,1895.304,4,211204812503,207670850226,3533962277,209318653049,643,783b72b430578947eb0d791b7fa138dc3d02c5bd1de376cb326f2c04ab20cc1e,229,33272,CERTIFIED_SLICE
h3-large-reuse24,qwen2.5-14b-instruct-fp16-v1,slice-versus-full-cache-v1,record-reuse,24,940129,confirmation,MEASUREMENT,attempt-7ba93bd7375447058898bc4e8c3d38a3,candidate,0,1,r055,31c273a31cd186f5a8a683fcd5738d3b6ca032eb15fcf924351121440bf92fa2,6,7,False,True,SUCCEEDED,False,CAMWX,C,"[34, 151645]",76c1019f39209c58c7ac8c7fe59837c755368d265987188d24cea1145c9cccb5,91,70,21,1677.482,622.141,2,214006348676,211682679533,2323669143,213389743704,643,2f0578a16c15102d8c3bf3b45d2898d16c85fd0ec6408b19e37698b18fe8e926,229,32710,CERTIFIED_SLICE
h3-large-reuse24,qwen2.5-14b-instruct-fp16-v1,slice-versus-full-cache-v1,record-reuse,24,940129,confirmation,MEASUREMENT,attempt-7ba93bd7375447058898bc4e8c3d38a3,candidate,0,1,r056,ce463ecae5f51b8506fc3a430b267bad026cb4a2f4a1a80ab72faeb6f40b2987,7,0,True,True,SUCCEEDED,True,CHKEZ,CHKEZ,"[2149, 3390, 57, 151645]",d76b9a42b4b5af3bd88ae948298556cff9bf25bebeec890ab8bbe09259c87efd,92,70,22,1864.88,1877.812,4,218436339652,214671213647,3765126005,216562397116,643,4a414c4ca4f5b1ed344a71118d8e4c4f0fad6695e3505513a2d76c68da4e3c9b,229,33071,CERTIFIED_SLICE
h3-large-reuse24,qwen2.5-14b-instruct-fp16-v1,slice-versus-full-cache-v1,record-reuse,24,940129,confirmation,MEASUREMENT,attempt-7ba93bd7375447058898bc4e8c3d38a3,candidate,0,1,r057,ce463ecae5f51b8506fc3a430b267bad026cb4a2f4a1a80ab72faeb6f40b2987,7,1,False,True,SUCCEEDED,True,CAXSG,CAXSG,"[34, 2954, 7783, 151645]",25ea91f0c76e098099b7ee04b8538debebfca0c19627b23d5b5b0daab55f8280,92,70,22,1753.59,1892.205,4,222356634924,218684749429,3671885495,220467766644,643,ec9cb18ca4089cbd5f0fccb41dcefbc3404667807f8fb517b33e5645619527b6,229,33352,CERTIFIED_SLICE
h3-large-reuse24,qwen2.5-14b-instruct-fp16-v1,slice-versus-full-cache-v1,record-reuse,24,940129,confirmation,MEASUREMENT,attempt-7ba93bd7375447058898bc4e8c3d38a3,candidate,0,1,r058,ce463ecae5f51b8506fc3a430b267bad026cb4a2f4a1a80ab72faeb6f40b2987,7,2,False,True,SUCCEEDED,False,CFHFV,C,"[34, 151645]",1359c1333f4c7ea8eb5b57877fa99cb8a7b27c13fd7da328158ede3ff299eeb6,92,70,22,1753.547,624.113,2,225093719696,222691385358,2402334338,224471215807,643,c4c7d93c1990902125f2651b0d58f78868e89900cc83fb686f73fd48968001d1,229,32991,CERTIFIED_SLICE
h3-large-reuse24,qwen2.5-14b-instruct-fp16-v1,slice-versus-full-cache-v1,record-reuse,24,940129,confirmation,MEASUREMENT,attempt-7ba93bd7375447058898bc4e8c3d38a3,candidate,0,1,r059,ce463ecae5f51b8506fc3a430b267bad026cb4a2f4a1a80ab72faeb6f40b2987,7,3,False,True,SUCCEEDED,True,CROQS,CROQS,"[34, 1285, 70810, 151645]",b4246a453f4351b0e16d84f68fa96e00529f64011b869971dfc340598cd18d65,92,70,22,1752.484,1872.649,4,229356945513,225708373910,3648571603,227487267226,643,cf9afe3d8e7f96e604fbd45a7d53f743e82e22baaa2c690a25a00970015b4c13,229,33282,CERTIFIED_SLICE
h3-large-reuse24,qwen2.5-14b-instruct-fp16-v1,slice-versus-full-cache-v1,record-reuse,24,940129,confirmation,MEASUREMENT,attempt-7ba93bd7375447058898bc4e8c3d38a3,candidate,0,1,r060,ce463ecae5f51b8506fc3a430b267bad026cb4a2f4a1a80ab72faeb6f40b2987,7,4,False,True,SUCCEEDED,False,CEZML,C,"[34, 151645]",4265917d6c5200d31c08f953270ff095e0ae05952360443c9eeae5a9f83b9d1a,92,70,22,1749.272,623.513,2,232135322645,229737484439,2397838206,231512732365,643,f442d5bb1c8552ed47d76cea879e13cdc025631a06f0167c1d34145c9b4c8b2d,229,32991,CERTIFIED_SLICE
h3-large-reuse24,qwen2.5-14b-instruct-fp16-v1,slice-versus-full-cache-v1,record-reuse,24,940129,confirmation,MEASUREMENT,attempt-7ba93bd7375447058898bc4e8c3d38a3,candidate,0,1,r061,ce463ecae5f51b8506fc3a430b267bad026cb4a2f4a1a80ab72faeb6f40b2987,7,5,False,True,SUCCEEDED,False,CRHIR,C,"[34, 151645]",8bc54d59823334f4b1f80cc25a8d04106c9fd46209e660ccbcf2701bd88d22b4,91,70,21,1675.724,622.233,2,235067044356,232745048073,2321996283,234447638127,643,c28dc826c8367b92c76e12a86f0e893eb4a7e49b3120100d18d6f1abfb1c9288,229,33823,CERTIFIED_SLICE
h3-large-reuse24,qwen2.5-14b-instruct-fp16-v1,slice-versus-full-cache-v1,record-reuse,24,940129,confirmation,MEASUREMENT,attempt-7ba93bd7375447058898bc4e8c3d38a3,candidate,0,1,r062,ce463ecae5f51b8506fc3a430b267bad026cb4a2f4a1a80ab72faeb6f40b2987,7,6,False,True,SUCCEEDED,True,CGLQI,CGLQI,"[34, 3825, 48, 40, 151645]",d19b99001059ba2f47bdb5839ed777ed0384c8a196059ffe8c698856a97fb106,93,70,23,1935.324,2659.302,5,240357382004,235737154027,4620227977,237706193953,643,76a7a247456e607735e44257db3808465471c26a07434d5d1cd66802329fefd1,229,33973,CERTIFIED_SLICE
h3-large-reuse24,qwen2.5-14b-instruct-fp16-v1,slice-versus-full-cache-v1,record-reuse,24,940129,confirmation,MEASUREMENT,attempt-7ba93bd7375447058898bc4e8c3d38a3,candidate,0,1,r063,ce463ecae5f51b8506fc3a430b267bad026cb4a2f4a1a80ab72faeb6f40b2987,7,7,False,True,SUCCEEDED,False,CRBJR,C,"[34, 151645]",54ed153e61d75815a8e33c2859852579d5fa0b8cbeb0db87c62d9eca1bf9938c,92,70,22,1761.75,637.676,2,243620889847,241204831961,2416057886,242997575872,643,42256bc662484a2f8c12e715541c813b1acbc728a054bd8a3275ba5666f00a9d,229,33772,CERTIFIED_SLICE
h3-large-reuse24,qwen2.5-14b-instruct-fp16-v1,slice-versus-full-cache-v1,record-reuse,24,940129,confirmation,MEASUREMENT,attempt-7ba93bd7375447058898bc4e8c3d38a3,candidate,0,1,r064,56d9cfb76db81890e3f27be0447bd2a04a2fcdf8ac5ea1dc287b177c12fc4fcc,8,0,True,True,SUCCEEDED,False,CKWQP,C,"[34, 151645]",843a99f0f05c5ba26e9e402a4a1bff1e472174956b05052af921ea861e001235,90,70,20,1622.539,624.822,2,246514094719,244248368738,2265725981,245903608515,643,022dab25a87e4d8182adcd811fcc2c282898a5d5b5dbe26b2f6b76b45ca28260,229,34745,CERTIFIED_SLICE
h3-large-reuse24,qwen2.5-14b-instruct-fp16-v1,slice-versus-full-cache-v1,record-reuse,24,940129,confirmation,MEASUREMENT,attempt-7ba93bd7375447058898bc4e8c3d38a3,candidate,0,1,r065,56d9cfb76db81890e3f27be0447bd2a04a2fcdf8ac5ea1dc287b177c12fc4fcc,8,1,False,True,SUCCEEDED,False,CUEIE,C,"[34, 151645]",0346c93e97861ed9dbcda4bb6a1a5687f7a6c47afc3579fd741809b1c35e9d79,94,70,24,1884.225,624.463,2,249770873099,247238203468,2532669631,249151838420,643,e0c169e480aa663f4c84029ba059f859461f9adc71ba6023c80a1b615d26ceaf,229,34645,CERTIFIED_SLICE
h3-large-reuse24,qwen2.5-14b-instruct-fp16-v1,slice-versus-full-cache-v1,record-reuse,24,940129,confirmation,MEASUREMENT,attempt-7ba93bd7375447058898bc4e8c3d38a3,candidate,0,1,r066,56d9cfb76db81890e3f27be0447bd2a04a2fcdf8ac5ea1dc287b177c12fc4fcc,8,2,False,True,SUCCEEDED,False,CRYRU,C,"[34, 151645]",fcfef07aa8b16cd0017b618962a2b9943046cd5a2e06d9f6e329c02d661ba4b3,94,71,23,1825.196,627.914,2,252726623120,250251073832,2475549288,252108887738,643,60b9088e6e08f62247d2f06f28246eb936c351a0b4e48c58348e953aa815a9d7,229,34684,CERTIFIED_SLICE
h3-large-reuse24,qwen2.5-14b-instruct-fp16-v1,slice-versus-full-cache-v1,record-reuse,24,940129,confirmation,MEASUREMENT,attempt-7ba93bd7375447058898bc4e8c3d38a3,candidate,0,1,r067,56d9cfb76db81890e3f27be0447bd2a04a2fcdf8ac5ea1dc287b177c12fc4fcc,8,3,False,True,SUCCEEDED,False,CYVDC,C,"[34, 151645]",6cc0ebb5f7e652c201d0e1b299ff3c403059220df20cfd9200b6cb48cfe2198b,92,70,22,1747.075,623.942,2,255663088592,253272116271,2390972321,255041148872,643,1c723ed5b0e7d5a961b24b0c42f59c2b787a17a8db4f9fa41044cd174f7ebf66,229,32470,CERTIFIED_SLICE
h3-large-reuse24,qwen2.5-14b-instruct-fp16-v1,slice-versus-full-cache-v1,record-reuse,24,940129,confirmation,MEASUREMENT,attempt-7ba93bd7375447058898bc4e8c3d38a3,candidate,0,1,r068,56d9cfb76db81890e3f27be0447bd2a04a2fcdf8ac5ea1dc287b177c12fc4fcc,8,4,False,True,SUCCEEDED,False,CLZEF,C,"[34, 151645]",c35f60c63f9b56fe94e8ddcdce581f61b8df2403014ceaad0c9dcf3496cb38e3,92,70,22,1745.079,623.705,2,258655344114,256264189685,2391154429,258041560961,643,6653be220686e1ebf24c1ddbe94ab9d577626c9047466954209646505fe07e58,229,33383,CERTIFIED_SLICE
h3-large-reuse24,qwen2.5-14b-instruct-fp16-v1,slice-versus-full-cache-v1,record-reuse,24,940129,confirmation,MEASUREMENT,attempt-7ba93bd7375447058898bc4e8c3d38a3,candidate,0,1,r069,56d9cfb76db81890e3f27be0447bd2a04a2fcdf8ac5ea1dc287b177c12fc4fcc,8,5,False,True,SUCCEEDED,False,CGUYW,C,"[34, 151645]",fdfd541f5d5e3e44ce52c6d5478273f437252c230b1fb6c280c412f8974a9351,92,70,22,1744.534,624.622,2,261669436009,259282254888,2387181121,261059750615,643,08e2ac5453e0d64533b6918fb173705e59e12b031be698b6ff9ac5652ab99312,229,33192,CERTIFIED_SLICE
h3-large-reuse24,qwen2.5-14b-instruct-fp16-v1,slice-versus-full-cache-v1,record-reuse,24,940129,confirmation,MEASUREMENT,attempt-7ba93bd7375447058898bc4e8c3d38a3,candidate,0,1,r070,56d9cfb76db81890e3f27be0447bd2a04a2fcdf8ac5ea1dc287b177c12fc4fcc,8,6,False,True,SUCCEEDED,False,CGQBF,C,"[34, 151645]",fff98544d38f5de72e11894b376acd4744722c33f34c4fb89217f29ac72d0302,92,70,22,1759.477,669.514,2,264729831124,262276838458,2452992666,264071064826,643,c0e924fda9771bec5fd5a725e7faa08a11eeed616f75782c8782b9fff869cb7f,229,32721,CERTIFIED_SLICE
h3-large-reuse24,qwen2.5-14b-instruct-fp16-v1,slice-versus-full-cache-v1,record-reuse,24,940129,confirmation,MEASUREMENT,attempt-7ba93bd7375447058898bc4e8c3d38a3,candidate,0,1,r071,56d9cfb76db81890e3f27be0447bd2a04a2fcdf8ac5ea1dc287b177c12fc4fcc,8,7,False,True,SUCCEEDED,True,CYAND,CYAND,"[34525, 3976, 151645]",507e195fb07c7d10e728a1b09e879476da012b91086f07c9ba02dbba04f3ee87,91,70,21,1684.376,1277.929,3,268302250345,265316678561,2985571784,267019191031,643,070fa72212066672e37b047b431f2bbbe08893cd08282b48e9189d5045f26841,229,35416,CERTIFIED_SLICE
h3-large-reuse24,qwen2.5-14b-instruct-fp16-v1,slice-versus-full-cache-v1,record-reuse,24,940129,confirmation,MEASUREMENT,attempt-7ba93bd7375447058898bc4e8c3d38a3,candidate,0,1,r072,7dfce28e2c90ec4cf02b6faa00cc10bfbe877bc0128c2dc426154a4072defced,9,0,True,True,SUCCEEDED,False,CZRYR,C,"[34, 151645]",a5e17693430a61e3d1198ff4e2963c7768727545a9dd61bbad526efb45a4e059,92,71,21,1687.8,640.061,2,270709775044,268357893781,2351881263,270079157177,643,8c62b6a1214c115701729666f0edd2d62ba484c3ae1036feaaf5b71949c8c2fe,229,33563,CERTIFIED_SLICE
h3-large-reuse24,qwen2.5-14b-instruct-fp16-v1,slice-versus-full-cache-v1,record-reuse,24,940129,confirmation,MEASUREMENT,attempt-7ba93bd7375447058898bc4e8c3d38a3,candidate,0,1,r073,7dfce28e2c90ec4cf02b6faa00cc10bfbe877bc0128c2dc426154a4072defced,9,1,False,True,SUCCEEDED,False,CSOMH,C,"[34, 151645]",a5b24c8482dc2e6476099a7ecfe20a4c28b425810de6bc8fab2a6c03bc377d66,92,70,22,1770.883,645.133,2,273745245622,271311557393,2433688229,273112148515,643,6eda43ed70ef5f5306de23efb983e3a57fad07553a43758580b2e1d820a156fb,229,33462,CERTIFIED_SLICE
h3-large-reuse24,qwen2.5-14b-instruct-fp16-v1,slice-versus-full-cache-v1,record-reuse,24,940129,confirmation,MEASUREMENT,attempt-7ba93bd7375447058898bc4e8c3d38a3,candidate,0,1,r074,7dfce28e2c90ec4cf02b6faa00cc10bfbe877bc0128c2dc426154a4072defced,9,2,False,True,SUCCEEDED,True,CJFCT,CJFCT,"[34, 41, 37, 1162, 151645]",c543aa059954e81323d3c28e7e05e49a42591f7558105548e6343d21a3865beb,92,70,22,1764.032,2603.145,5,278740013360,274344346635,4395666725,276137352844,643,a7a130a3d07333c5ef62caee8d55e7530bdccd5f4853fd1cfcd836739244a6de,229,34283,CERTIFIED_SLICE
h3-large-reuse24,qwen2.5-14b-instruct-fp16-v1,slice-versus-full-cache-v1,record-reuse,24,940129,confirmation,MEASUREMENT,attempt-7ba93bd7375447058898bc4e8c3d38a3,candidate,0,1,r075,7dfce28e2c90ec4cf02b6faa00cc10bfbe877bc0128c2dc426154a4072defced,9,3,False,True,SUCCEEDED,True,CKROV,CKROV,"[3021, 1285, 53, 151645]",3e20f50d4e88e7e582c14175e359a07d4af017c5bb2192eef6e04d17ce516541,94,70,24,1899.312,1966.437,4,283233685320,279348854594,3884830726,281281425537,643,fa891a3ea2ad037ae6effe67c0da4e623811fb8dc55a8f211faf3c93a5830c3e,229,32861,CERTIFIED_SLICE
h3-large-reuse24,qwen2.5-14b-instruct-fp16-v1,slice-versus-full-cache-v1,record-reuse,24,940129,confirmation,MEASUREMENT,attempt-7ba93bd7375447058898bc4e8c3d38a3,candidate,0,1,r076,7dfce28e2c90ec4cf02b6faa00cc10bfbe877bc0128c2dc426154a4072defced,9,4,False,True,SUCCEEDED,False,CTFPK,C,"[34, 151645]",9286a62740393da0c01c2a1f5c84e09cb1679fcce4240a404db743a53e89566e,92,70,22,1760.574,639.926,2,285847838396,283434722520,2413115876,285209845967,643,aff1bcd8ae83f96df4aa03f53d09f586983480dc38f2e7bab8a927efe9eee2f0,229,32331,CERTIFIED_SLICE
h3-large-reuse24,qwen2.5-14b-instruct-fp16-v1,slice-versus-full-cache-v1,record-reuse,24,940129,confirmation,MEASUREMENT,attempt-7ba93bd7375447058898bc4e8c3d38a3,candidate,0,1,r077,7dfce28e2c90ec4cf02b6faa00cc10bfbe877bc0128c2dc426154a4072defced,9,5,False,True,SUCCEEDED,False,CQUFR,C,"[34, 151645]",1ca5054127e2334943c76f4b948390da5680834070bfd5d9ac46b4fffabb0990,92,70,22,1759.282,647.773,2,288791560452,286359544662,2432015790,288151453570,643,5847c4364350cd9b84407cb8e3459e70ead8d0b108d145425627b2ee1b8389a7,229,34995,CERTIFIED_SLICE
h3-large-reuse24,qwen2.5-14b-instruct-fp16-v1,slice-versus-full-cache-v1,record-reuse,24,940129,confirmation,MEASUREMENT,attempt-7ba93bd7375447058898bc4e8c3d38a3,candidate,0,1,r078,7dfce28e2c90ec4cf02b6faa00cc10bfbe877bc0128c2dc426154a4072defced,9,6,False,True,SUCCEEDED,True,CVDZC,CVDZC,"[34, 12474, 57, 34, 151645]",497345f493266ea2d3d672dd7128939eec898ad965d1dedea83cd30860f42221,93,70,23,1830.239,2564.543,5,293799850063,289381020127,4418829936,291243504397,643,43a6cddf188ff7fe2d66ccaa7211b642c551863a4057ccfd49715751375179ea,229,33201,CERTIFIED_SLICE
h3-large-reuse24,qwen2.5-14b-instruct-fp16-v1,slice-versus-full-cache-v1,record-reuse,24,940129,confirmation,MEASUREMENT,attempt-7ba93bd7375447058898bc4e8c3d38a3,candidate,0,1,r079,7dfce28e2c90ec4cf02b6faa00cc10bfbe877bc0128c2dc426154a4072defced,9,7,False,True,SUCCEEDED,True,CUBFP,CUBFP,"[34, 4493, 11698, 151645]",032759855dd30fe2b6c2a7e08abde72839ce1b185ad0dba695dae88d5b37fac7,90,70,20,1624.084,1909.199,4,297933062896,294380648122,3552414774,296028700355,643,0cfccf528bcfc1388bbb7076cac955b09eda05c74e8fd2554942c21417baa143,229,33362,CERTIFIED_SLICE
h3-large-reuse24,qwen2.5-14b-instruct-fp16-v1,slice-versus-full-cache-v1,record-reuse,24,940129,confirmation,MEASUREMENT,attempt-7ba93bd7375447058898bc4e8c3d38a3,candidate,0,1,r080,b74e2f13ac0461af186d9e3d4ae5ae77a0a95f703d5ec928740df1bab8cf56d3,10,0,True,True,SUCCEEDED,True,CHQWC,CHQWC,"[2149, 48, 25459, 151645]",34a8b11c7ab92b0b94e61730f37a9ed4c6b327ad57ed653b038bdcc885ace1c3,92,70,22,1766.071,1920.59,4,302087090052,298388857066,3698232986,300185401664,643,3262c68f725a417aa60f30ce113b0c9637517111cf0aa9148e6b8f9e11eff702,229,33692,CERTIFIED_SLICE
h3-large-reuse24,qwen2.5-14b-instruct-fp16-v1,slice-versus-full-cache-v1,record-reuse,24,940129,confirmation,MEASUREMENT,attempt-7ba93bd7375447058898bc4e8c3d38a3,candidate,0,1,r081,b74e2f13ac0461af186d9e3d4ae5ae77a0a95f703d5ec928740df1bab8cf56d3,10,1,False,True,SUCCEEDED,False,CXGMH,C,"[34, 151645]",86ca31e63d38e773ae760d9b42e1a6e4842380f1f21227b3207d4b4ce439be93,92,71,21,1687.595,634.939,2,304779451243,302442188272,2337262971,304163544291,643,b6ce6e55cc167f869b6c7ae1285e8fb21d0ac636508ac0740115fd1da74ee513,229,33583,CERTIFIED_SLICE
h3-large-reuse24,qwen2.5-14b-instruct-fp16-v1,slice-versus-full-cache-v1,record-reuse,24,940129,confirmation,MEASUREMENT,attempt-7ba93bd7375447058898bc4e8c3d38a3,candidate,0,1,r082,b74e2f13ac0461af186d9e3d4ae5ae77a0a95f703d5ec928740df1bab8cf56d3,10,2,False,True,SUCCEEDED,True,CUWVD,CUWVD,"[16799, 54, 12474, 151645]",5999bb2649c1f91b6b1ff513e0e3a7d990bc8294145c0d0dfff3b9b4d305ca9b,92,70,22,1749.783,1871.218,4,309059837980,305414555232,3645282748,307198455458,643,d62896ccff8bd983dfe16a39657e1023dc8686c660258112e22b6d10b3c4046b,229,33512,CERTIFIED_SLICE
h3-large-reuse24,qwen2.5-14b-instruct-fp16-v1,slice-versus-full-cache-v1,record-reuse,24,940129,confirmation,MEASUREMENT,attempt-7ba93bd7375447058898bc4e8c3d38a3,candidate,0,1,r083,b74e2f13ac0461af186d9e3d4ae5ae77a0a95f703d5ec928740df1bab8cf56d3,10,3,False,True,SUCCEEDED,True,CPUEI,CPUEI,"[7123, 2230, 40, 151645]",941ba8c49d4e6f15ad6d86c4c386081c89a9fa798dee363b21a0be0a867f088d,92,70,22,1753.588,1873.577,4,313082064408,309429161291,3652903117,311210602054,643,3f6a3e63f13c0e47a90d1842db005e20859d06cc0b15c49fb64bc7b4f444ff3e,229,32961,CERTIFIED_SLICE
h3-large-reuse24,qwen2.5-14b-instruct-fp16-v1,slice-versus-full-cache-v1,record-reuse,24,940129,confirmation,MEASUREMENT,attempt-7ba93bd7375447058898bc4e8c3d38a3,candidate,0,1,r084,b74e2f13ac0461af186d9e3d4ae5ae77a0a95f703d5ec928740df1bab8cf56d3,10,4,False,True,SUCCEEDED,False,CCTRS,C,"[34, 151645]",56c55cc864c4fba5fec248ffefc9328e5c83d3ae344872944bfb60e1b7f5e4e7,89,70,19,1532.985,638.639,2,315603681808,313413923877,2189757931,314972249146,643,ccad43365038de58dc3784a8b0bcbc7a7d881964539441b9025ae549ef69ee7b,229,33372,CERTIFIED_SLICE
h3-large-reuse24,qwen2.5-14b-instruct-fp16-v1,slice-versus-full-cache-v1,record-reuse,24,940129,confirmation,MEASUREMENT,attempt-7ba93bd7375447058898bc4e8c3d38a3,candidate,0,1,r085,b74e2f13ac0461af186d9e3d4ae5ae77a0a95f703d5ec928740df1bab8cf56d3,10,5,False,True,SUCCEEDED,True,CBKDF,CBKDF,"[34, 88307, 5262, 151645]",479e9148c26eba319fa7be0deed67e79b502bc6577608ae12bc1c6d77fb00012,90,70,20,1614.129,1874.345,4,319941213694,316429472611,3511741083,318072703288,643,6c65ef9e03dde530e4aea54df16488642fcb46f462fc333a76d92ec59f13de96,229,33171,CERTIFIED_SLICE
h3-large-reuse24,qwen2.5-14b-instruct-fp16-v1,slice-versus-full-cache-v1,record-reuse,24,940129,confirmation,MEASUREMENT,attempt-7ba93bd7375447058898bc4e8c3d38a3,candidate,0,1,r086,b74e2f13ac0461af186d9e3d4ae5ae77a0a95f703d5ec928740df1bab8cf56d3,10,6,False,True,SUCCEEDED,True,CGNXX,CGNXX,"[34, 25167, 6148, 151645]",cce4765238c295c154e7cf82e2292c92b4fdc59e8e0ec0ccc22e4531ee7c00c8,92,70,22,1749.333,1888.11,4,324102654656,320439552223,3663102433,322221782564,643,c903982b4515cb8b049680c88538080382d8cdeb37145f16b056df5cb50b2b22,229,33021,CERTIFIED_SLICE
h3-large-reuse24,qwen2.5-14b-instruct-fp16-v1,slice-versus-full-cache-v1,record-reuse,24,940129,confirmation,MEASUREMENT,attempt-7ba93bd7375447058898bc4e8c3d38a3,candidate,0,1,r087,b74e2f13ac0461af186d9e3d4ae5ae77a0a95f703d5ec928740df1bab8cf56d3,10,7,False,True,SUCCEEDED,False,CACBD,B,"[33, 151645]",5e661291a6ae18ba515dbb29525c0a13ae4bfd8dd7838874a1fffe74471d2c1b,92,70,22,1749.872,641.262,2,326895945711,324480690497,2415255214,326255726982,643,421cc322f0bd466b4df0de195cdc7098256cd61239e34abb8666e96d43f11e35,229,32650,CERTIFIED_SLICE
h3-large-reuse24,qwen2.5-14b-instruct-fp16-v1,slice-versus-full-cache-v1,record-reuse,24,940129,confirmation,MEASUREMENT,attempt-7ba93bd7375447058898bc4e8c3d38a3,candidate,0,1,r088,5a349e401fff133aa08cf08ac9effdaaf2656297fb7ec4f69fd66df1d01f4756,11,0,True,True,SUCCEEDED,False,CGYZA,CGBKZ,"[34, 82194, 57, 151645]",fc399e9b23d45c2b5b10a7a5fa0edd8cf9ab8362154e5e57130f30b87166febe,92,70,22,1747.374,1874.444,4,331118806922,327472751437,3646055485,329239504529,643,da3e53c1b56b1746f9ea52ee37028aec9f3c906a27ee7a2205861c9d266b666e,229,33232,CERTIFIED_SLICE
h3-large-reuse24,qwen2.5-14b-instruct-fp16-v1,slice-versus-full-cache-v1,record-reuse,24,940129,confirmation,MEASUREMENT,attempt-7ba93bd7375447058898bc4e8c3d38a3,candidate,0,1,r089,5a349e401fff133aa08cf08ac9effdaaf2656297fb7ec4f69fd66df1d01f4756,11,1,False,True,SUCCEEDED,False,CZAFG,CWBVS,"[34, 52868, 26050, 151645]",029548700b58015a7121ba8eae73b515e4940d7a06b7c2e8deb0295fd62ce111,92,71,21,1678.249,1871.844,4,335063501744,331489335574,3574166170,333195860044,643,86e96deb390bd54c02133c345e68f8ef3983aff0c66cbfdb67fdc818e11b0de8,229,32971,CERTIFIED_SLICE
h3-large-reuse24,qwen2.5-14b-instruct-fp16-v1,slice-versus-full-cache-v1,record-reuse,24,940129,confirmation,MEASUREMENT,attempt-7ba93bd7375447058898bc4e8c3d38a3,candidate,0,1,r090,5a349e401fff133aa08cf08ac9effdaaf2656297fb7ec4f69fd66df1d01f4756,11,2,False,True,SUCCEEDED,False,CKOZB,C,"[34, 151645]",3af36dc776ad861116f385e02309f3ea6ccdae5455d4d6be00855399da032ce6,93,70,23,1814.18,630.866,2,337955819004,335485165960,2470653044,337326554073,643,eaeb8c0c0208e17fdd37e5f829cf69debe77f705e7bfa27105e7eb0fd55bbf2a,229,33752,CERTIFIED_SLICE
h3-large-reuse24,qwen2.5-14b-instruct-fp16-v1,slice-versus-full-cache-v1,record-reuse,24,940129,confirmation,MEASUREMENT,attempt-7ba93bd7375447058898bc4e8c3d38a3,candidate,0,1,r091,5a349e401fff133aa08cf08ac9effdaaf2656297fb7ec4f69fd66df1d01f4756,11,3,False,True,SUCCEEDED,False,CCWDX,C,"[34, 151645]",fe304cce19ba483f5c216a37eb24ee3f1c93afc5c794f052dcbd7cf55400c976,92,70,22,1753.784,625.102,2,340908628477,338506480796,2402147681,340286022759,643,9b69c294c25c70a3b1799af15430fb066882c6fac05732991509ccddbc308854,229,32731,CERTIFIED_SLICE
h3-large-reuse24,qwen2.5-14b-instruct-fp16-v1,slice-versus-full-cache-v1,record-reuse,24,940129,confirmation,MEASUREMENT,attempt-7ba93bd7375447058898bc4e8c3d38a3,candidate,0,1,r092,5a349e401fff133aa08cf08ac9effdaaf2656297fb7ec4f69fd66df1d01f4756,11,4,False,True,SUCCEEDED,False,CEMGY,C,"[34, 151645]",ed771b0e42b000e0847eb8d0bba15bafa0501464677825363df393f3bae54f96,92,70,22,1745.182,623.818,2,343896554448,341505157327,2391397121,343275421778,643,ad966d08b0a2b9d052ceaffa27cbe8c21fec3ecf4a012c573fd9f26fd6477829,229,33422,CERTIFIED_SLICE
h3-large-reuse24,qwen2.5-14b-instruct-fp16-v1,slice-versus-full-cache-v1,record-reuse,24,940129,confirmation,MEASUREMENT,attempt-7ba93bd7375447058898bc4e8c3d38a3,candidate,0,1,r093,5a349e401fff133aa08cf08ac9effdaaf2656297fb7ec4f69fd66df1d01f4756,11,5,False,True,SUCCEEDED,False,COFPW,C,"[34, 151645]",7387cdc4149c52a697979185918631d18e7f25c8a8ed78a1968571e05180f842,92,70,22,1747.06,649.565,2,346942962223,344522291550,2420670673,346288910803,643,04e1eb5f59508c213feae9ea30c80a6830fe6b715644095295f239c2de8f0d3b,229,34654,CERTIFIED_SLICE
h3-large-reuse24,qwen2.5-14b-instruct-fp16-v1,slice-versus-full-cache-v1,record-reuse,24,940129,confirmation,MEASUREMENT,attempt-7ba93bd7375447058898bc4e8c3d38a3,candidate,0,1,r094,5a349e401fff133aa08cf08ac9effdaaf2656297fb7ec4f69fd66df1d01f4756,11,6,False,True,SUCCEEDED,True,CIKRZ,CIKRZ,"[11237, 61884, 57, 151645]",d02ffd88f97eb3797a98e9a6462f4bcc5928cdda2a217484d150b323eb0a6778,94,70,24,1884.638,1868.587,4,351326200718,347560535064,3765665654,349472801832,643,9319c8be6d5d4f2f609cca268ebdf943a34139b16839ad21a1fb96766d564e2d,229,35767,CERTIFIED_SLICE
h3-large-reuse24,qwen2.5-14b-instruct-fp16-v1,slice-versus-full-cache-v1,record-reuse,24,940129,confirmation,MEASUREMENT,attempt-7ba93bd7375447058898bc4e8c3d38a3,candidate,0,1,r095,5a349e401fff133aa08cf08ac9effdaaf2656297fb7ec4f69fd66df1d01f4756,11,7,False,True,SUCCEEDED,True,CJPLA,CJPLA,"[34, 41, 2916, 32, 151645]",5940f6e262a9388bb97544a7e2cf12109059e0cfc56d5b9f9fc2de5ff7510f5c,92,70,22,1752.281,2495.026,5,355840287721,351571117531,4269170190,353349927913,643,897bce8c658aa021279767a1f8d5b01a9452732fcededadf73c1c0138cac3a60,229,34174,CERTIFIED_SLICE
h3-large-reuse24,qwen2.5-14b-instruct-fp16-v1,slice-versus-full-cache-v1,record-reuse,24,940129,confirmation,MEASUREMENT,attempt-7ba93bd7375447058898bc4e8c3d38a3,candidate,0,1,r096,edefefb0bcf5d7dd4f9b5205bc5c43ac53d77498099c84e68441a5f68437daf8,12,0,True,True,SUCCEEDED,True,CMJJQ,CMJJQ,"[9985, 63391, 48, 151645]",aba843beecade236b3e8cc0203dd708cc19bd46612adaaa029ab9e9dd2e121cf,92,70,22,1749.418,1873.076,4,360182661359,356536216651,3646444708,358314784231,643,8490d794a6f3139ba6d5c147946d566a7ba77063919a2b668f4c103bbe2cf774,229,33452,CERTIFIED_SLICE
h3-large-reuse24,qwen2.5-14b-instruct-fp16-v1,slice-versus-full-cache-v1,record-reuse,24,940129,confirmation,MEASUREMENT,attempt-7ba93bd7375447058898bc4e8c3d38a3,candidate,0,1,r097,edefefb0bcf5d7dd4f9b5205bc5c43ac53d77498099c84e68441a5f68437daf8,12,1,False,True,SUCCEEDED,True,CJPES,CJPES,"[34, 27188, 1570, 151645]",a4c92fc90f45d6e4fbebcd40045f56609446578a17aaba1a18fb465a9618840c,94,70,24,1883.477,1870.204,4,364351742077,360574051683,3777690394,362482590720,643,3c0a0954c2cd75f07adeb3c7c6af445ebe68f1eed106b4de228d0472582ce8eb,229,33733,CERTIFIED_SLICE
h3-large-reuse24,qwen2.5-14b-instruct-fp16-v1,slice-versus-full-cache-v1,record-reuse,24,940129,confirmation,MEASUREMENT,attempt-7ba93bd7375447058898bc4e8c3d38a3,candidate,0,1,r098,edefefb0bcf5d7dd4f9b5205bc5c43ac53d77498099c84e68441a5f68437daf8,12,2,False,True,SUCCEEDED,True,CPARE,CPARE,"[7123, 4477, 151645]",536f59282000e2a1ec7bb5c4368dfc310ee11ac371de41f149bf7fc59e98e3e9,93,70,23,1824.629,1248.866,3,367672322535,364569515798,3102806737,366422073240,643,871444be0a27224b81fce5ab17fcbfafcedf9dcd78f83a958332e2978348b608,229,34524,CERTIFIED_SLICE
h3-large-reuse24,qwen2.5-14b-instruct-fp16-v1,slice-versus-full-cache-v1,record-reuse,24,940129,confirmation,MEASUREMENT,attempt-7ba93bd7375447058898bc4e8c3d38a3,candidate,0,1,r099,edefefb0bcf5d7dd4f9b5205bc5c43ac53d77498099c84e68441a5f68437daf8,12,3,False,True,SUCCEEDED,True,CYFGU,CYFGU,"[34525, 12001, 52, 151645]",65c58fc096c10b1cca501cdecd7e1285931c00ab63f781b97576715862f0cb6e,92,70,22,1753.661,1898.762,4,371359869671,367690179890,3669689781,369471440899,643,7258bb07ac93fc7da8dffe7209595f08c293479ad9235ad55bb1fd9beb52b32d,229,33863,CERTIFIED_SLICE
h3-large-reuse24,qwen2.5-14b-instruct-fp16-v1,slice-versus-full-cache-v1,record-reuse,24,940129,confirmation,MEASUREMENT,attempt-7ba93bd7375447058898bc4e8c3d38a3,candidate,0,1,r100,edefefb0bcf5d7dd4f9b5205bc5c43ac53d77498099c84e68441a5f68437daf8,12,4,False,True,SUCCEEDED,True,CLUSN,CLUSN,"[37853, 45, 151645]",52eaa975c07369c75152a35b6573ebe07c395d3eb7df8d430353502a549d47c6,92,70,22,1752.106,1248.167,3,374662062498,371632308510,3029753988,373416396225,643,7f861e45ba05d36de92e59dda6694de093bed8a94ef796019c9a766fefe2e93f,229,39032,CERTIFIED_SLICE
h3-large-reuse24,qwen2.5-14b-instruct-fp16-v1,slice-versus-full-cache-v1,record-reuse,24,940129,confirmation,MEASUREMENT,attempt-7ba93bd7375447058898bc4e8c3d38a3,candidate,0,1,r101,edefefb0bcf5d7dd4f9b5205bc5c43ac53d77498099c84e68441a5f68437daf8,12,5,False,True,SUCCEEDED,True,CIAON,CIAON,"[34, 5863, 711, 151645]",08cbff8b99511bf009657e0c5c0861628ee1c4b974e70bead10a121c89860182,91,70,21,1681.377,1938.066,4,378321551031,374681538303,3640012728,376383244473,643,92ba87a527cb8e37902b15b6be8330794414c5323401025016efd89b57b85a59,229,32941,CERTIFIED_SLICE
h3-large-reuse24,qwen2.5-14b-instruct-fp16-v1,slice-versus-full-cache-v1,record-reuse,24,940129,confirmation,MEASUREMENT,attempt-7ba93bd7375447058898bc4e8c3d38a3,candidate,0,1,r102,edefefb0bcf5d7dd4f9b5205bc5c43ac53d77498099c84e68441a5f68437daf8,12,6,False,True,SUCCEEDED,True,CCRSL,CCRSL,"[34, 8973, 7984, 151645]",485918cee4cde80812525244dd2000f64657eaac83c5a75b7521ba8df525099e,92,70,22,1776.352,1987.804,4,382421175498,378638526103,3782649395,380434954465,643,21af11ec1b95f3a4136b8d34ce24d275fd578d7c9009331d94308fae7e9323a9,229,33302,CERTIFIED_SLICE
h3-large-reuse24,qwen2.5-14b-instruct-fp16-v1,slice-versus-full-cache-v1,record-reuse,24,940129,confirmation,MEASUREMENT,attempt-7ba93bd7375447058898bc4e8c3d38a3,candidate,0,1,r103,edefefb0bcf5d7dd4f9b5205bc5c43ac53d77498099c84e68441a5f68437daf8,12,7,False,True,SUCCEEDED,True,CTRLT,CTRLT,"[34440, 51, 151645]",0fda1113a2990eabf2c8e0436cc346ce992a476fd0b68ca3bf9339f2898c5902,89,70,19,1543.44,1247.371,3,385498822321,382684120082,2814702239,384255852320,643,ede482cf25e727d909bcb19e27eca8fbc4fe39b0a262602f6847d5a149fd1c31,229,34274,CERTIFIED_SLICE
h3-large-reuse24,qwen2.5-14b-instruct-fp16-v1,slice-versus-full-cache-v1,record-reuse,24,940129,confirmation,MEASUREMENT,attempt-7ba93bd7375447058898bc4e8c3d38a3,candidate,0,1,r104,c7aab0ddac869462273e075103bd0ef7393b6afd4edf83ad4c92dd6a7c739030,13,0,True,True,SUCCEEDED,False,CNWXK,C,"[34, 151645]",a98f6faaf5a84a50a1505e7cdab93d862d8d80134657a5455856ea922011b1d9,90,70,20,1614.683,623.731,2,387928347058,385675181332,2253165726,387323056235,643,de3d38118c7b5f0d839cadb697c66545626af4313ad52d972b5568dc163feb62,229,34153,CERTIFIED_SLICE
h3-large-reuse24,qwen2.5-14b-instruct-fp16-v1,slice-versus-full-cache-v1,record-reuse,24,940129,confirmation,MEASUREMENT,attempt-7ba93bd7375447058898bc4e8c3d38a3,candidate,0,1,r105,c7aab0ddac869462273e075103bd0ef7393b6afd4edf83ad4c92dd6a7c739030,13,1,False,True,SUCCEEDED,False,CYDCB,C,"[34, 151645]",5747eb3880181fd91ec02d42be28a71446446b85d3957258a42e3a583a200ab8,92,70,22,1745.791,623.644,2,391028180406,388634794357,2393386049,390411912422,643,8ddcb109454e01072ec8993d954e29f62e386224d2ee13ed05872b7ae19cee72,229,33212,CERTIFIED_SLICE
h3-large-reuse24,qwen2.5-14b-instruct-fp16-v1,slice-versus-full-cache-v1,record-reuse,24,940129,confirmation,MEASUREMENT,attempt-7ba93bd7375447058898bc4e8c3d38a3,candidate,0,1,r106,c7aab0ddac869462273e075103bd0ef7393b6afd4edf83ad4c92dd6a7c739030,13,2,False,True,SUCCEEDED,False,CSRYE,C,"[34, 151645]",f56f59a16a99bd6ba8f4290879812f1b76a01981b209b7e3719c2b0a076358c0,92,70,22,1748.375,622.586,2,394045034047,391647745631,2397288416,393424161050,643,a7c1b8b2838f8d3e6920ef4a29863583a2ae4bc18e719de4032a38f1934a0b8f,229,33262,CERTIFIED_SLICE
h3-large-reuse24,qwen2.5-14b-instruct-fp16-v1,slice-versus-full-cache-v1,record-reuse,24,940129,confirmation,MEASUREMENT,attempt-7ba93bd7375447058898bc4e8c3d38a3,candidate,0,1,r107,c7aab0ddac869462273e075103bd0ef7393b6afd4edf83ad4c92dd6a7c739030,13,3,False,True,SUCCEEDED,True,CCFHB,CCFHB,"[34, 9650, 30725, 151645]",ac7a917192a1b7a94883f2b19e01d01f7be9a98a694ac2c85b0bbeca716adb58,92,70,22,1748.061,1868.572,4,398297744570,394657990964,3639753606,396431652933,643,d345a01e195b13e8eab20336c5064d2d16f0edbb63d8c7995b9b0a6c73280a5f,229,33062,CERTIFIED_SLICE
h3-large-reuse24,qwen2.5-14b-instruct-fp16-v1,slice-versus-full-cache-v1,record-reuse,24,940129,confirmation,MEASUREMENT,attempt-7ba93bd7375447058898bc4e8c3d38a3,candidate,0,1,r108,c7aab0ddac869462273e075103bd0ef7393b6afd4edf83ad4c92dd6a7c739030,13,4,False,True,SUCCEEDED,True,CGVXQ,CGVXQ,"[8798, 53, 55, 48, 151645]",ac19f1a5ee868d90ced0f7c3b14878d614e989a0aa249d14527643cdacbadb90,93,70,23,1818.278,2524.415,5,403044481585,398677230268,4367251317,400524315394,643,d38121b195a01a8c1b7521ee8a33597fab66e0c73887687b4ad143647d11c37c,229,33171,CERTIFIED_SLICE
h3-large-reuse24,qwen2.5-14b-instruct-fp16-v1,slice-versus-full-cache-v1,record-reuse,24,940129,confirmation,MEASUREMENT,attempt-7ba93bd7375447058898bc4e8c3d38a3,candidate,0,1,r109,c7aab0ddac869462273e075103bd0ef7393b6afd4edf83ad4c92dd6a7c739030,13,5,False,True,SUCCEEDED,False,CTCIU,C,"[34, 151645]",7feb43e693a88201652e1639082c3acd40f4264f16ae44e1a49be3d9f70e22bd,90,70,20,1612.37,624.404,2,405931129835,403671246648,2259883187,405316334719,643,242150965e3bc149afaba70f44e5b44642fbf0f1f45c47212fc7b98ae2d4aec1,229,34745,CERTIFIED_SLICE
h3-large-reuse24,qwen2.5-14b-instruct-fp16-v1,slice-versus-full-cache-v1,record-reuse,24,940129,confirmation,MEASUREMENT,attempt-7ba93bd7375447058898bc4e8c3d38a3,candidate,0,1,r110,c7aab0ddac869462273e075103bd0ef7393b6afd4edf83ad4c92dd6a7c739030,13,6,False,True,SUCCEEDED,False,CBPRC,C,"[34, 151645]",31941678c0167ed9d631b37ad9aee6c3a3461e99ae027c6b46ca2c735c1c4494,94,70,24,1883.439,624.729,2,409190562571,406658500099,2532062472,408574741297,643,4ca807cdb8ed78563a955cf11326ab8061f0dd7b05b4ca9e7c382ed3be1c786b,229,36708,CERTIFIED_SLICE
h3-large-reuse24,qwen2.5-14b-instruct-fp16-v1,slice-versus-full-cache-v1,record-reuse,24,940129,confirmation,MEASUREMENT,attempt-7ba93bd7375447058898bc4e8c3d38a3,candidate,0,1,r111,c7aab0ddac869462273e075103bd0ef7393b6afd4edf83ad4c92dd6a7c739030,13,7,False,True,SUCCEEDED,True,CCTYS,CCTYS,"[34, 1162, 9394, 151645]",806360e60fb9b751ce0524aa7a6fac62530d87ba601c47a1bf7d97ab75c7b4c3,91,70,21,1674.191,1925.182,4,413308235989,409686735614,3621500375,411377004336,643,36051d32d379a6517de54645de2a27e659325db9c31f613ce849f7185c5d668d,229,35646,CERTIFIED_SLICE
h3-large-reuse24,qwen2.5-14b-instruct-fp16-v1,slice-versus-full-cache-v1,record-reuse,24,940129,confirmation,MEASUREMENT,attempt-7ba93bd7375447058898bc4e8c3d38a3,candidate,0,1,r112,8072f457b97eb28dfeab619075dbb71df9d5b884ad0d9061be00f5ea028355ea,14,0,True,True,SUCCEEDED,False,CYHRT,C,"[34, 151645]",c92926b85da58773263b7cc8fece6432bfb5a548f70bc6aeb6a009fe51e90ee0,92,70,22,1749.468,623.813,2,416116578963,413719549008,2397029955,415502181026,643,84acbbbebcd57e9b4de667d4329dd13091f7c8b8d74af296ea4fd367c384372a,229,34064,CERTIFIED_SLICE
h3-large-reuse24,qwen2.5-14b-instruct-fp16-v1,slice-versus-full-cache-v1,record-reuse,24,940129,confirmation,MEASUREMENT,attempt-7ba93bd7375447058898bc4e8c3d38a3,candidate,0,1,r113,8072f457b97eb28dfeab619075dbb71df9d5b884ad0d9061be00f5ea028355ea,14,1,False,True,SUCCEEDED,False,CEOMH,C,"[34, 151645]",b402c813c75f30b58292e273c59b36af6199bfa36079f5164d02baeeaf2d7960,92,70,22,1752.018,623.035,2,419092455268,416692859983,2399595285,418470989158,643,269fbfd4966045752d2f9aa68a408cd81c97bae199975398ac1ea94f2ead9ccf,229,34234,CERTIFIED_SLICE
h3-large-reuse24,qwen2.5-14b-instruct-fp16-v1,slice-versus-full-cache-v1,record-reuse,24,940129,confirmation,MEASUREMENT,attempt-7ba93bd7375447058898bc4e8c3d38a3,candidate,0,1,r114,8072f457b97eb28dfeab619075dbb71df9d5b884ad0d9061be00f5ea028355ea,14,2,False,True,SUCCEEDED,True,CZGJC,CZGJC,"[34, 57, 38, 58367, 151645]",10663823056dde3be00b8978e66eb185abbd4ae352e84ccd88550f0b38df4760,92,70,22,1747.983,2495.508,5,423976957732,419709482484,4267475248,421477558416,643,7a74b508cf4884b74a8e90d4e7c8325571671b7e271d5045d73bc589e0c9c77e,229,33623,CERTIFIED_SLICE
h3-large-reuse24,qwen2.5-14b-instruct-fp16-v1,slice-versus-full-cache-v1,record-reuse,24,940129,confirmation,MEASUREMENT,attempt-7ba93bd7375447058898bc4e8c3d38a3,candidate,0,1,r115,8072f457b97eb28dfeab619075dbb71df9d5b884ad0d9061be00f5ea028355ea,14,3,False,True,SUCCEEDED,True,CPNPW,CPNPW,"[7123, 26227, 54, 151645]",0bc2a490645ee9155f9b689aad8c9ec10e5042c9f73dee27534f14134a3676ee,92,70,22,1765.23,1933.463,4,428420806880,424698882100,3721924780,426491510866,643,efb01adde249fd29253741fc2b60489f4b485872a7c24fcc7e970781b0749321,229,34023,CERTIFIED_SLICE
h3-large-reuse24,qwen2.5-14b-instruct-fp16-v1,slice-versus-full-cache-v1,record-reuse,24,940129,confirmation,MEASUREMENT,attempt-7ba93bd7375447058898bc4e8c3d38a3,candidate,0,1,r116,8072f457b97eb28dfeab619075dbb71df9d5b884ad0d9061be00f5ea028355ea,14,4,False,True,SUCCEEDED,False,CGQIU,CWFCC,"[34, 32131, 3706, 151645]",be4e8dca119ee7f959f6c43b525384c9b370a29411649456ecdc7ec1c2726aed,92,70,22,1749.398,1894.635,4,432388092128,428717772755,3670319373,430489359786,643,40b85eff7aa016e70f565a7a3a178a0b94cbf4cd99cf9b539c6d742493aa98a3,229,33232,CERTIFIED_SLICE
h3-large-reuse24,qwen2.5-14b-instruct-fp16-v1,slice-versus-full-cache-v1,record-reuse,24,940129,confirmation,MEASUREMENT,attempt-7ba93bd7375447058898bc4e8c3d38a3,candidate,0,1,r117,8072f457b97eb28dfeab619075dbb71df9d5b884ad0d9061be00f5ea028355ea,14,5,False,True,SUCCEEDED,True,CMTLQ,CMTLQ,"[34, 8505, 43, 48, 151645]",86a0ebb5da90876b10a6b66d86a1690b219a6a5aba00099e37fc2948c13b268f,93,71,22,1751.154,2506.23,5,437027854134,432746678494,4281175640,434523822487,643,e1ba65c8a31b4b4f7cc493abf70c538fb98cef72dab08e95d8eb3905d287307c,229,33482,CERTIFIED_SLICE
h3-large-reuse24,qwen2.5-14b-instruct-fp16-v1,slice-versus-full-cache-v1,record-reuse,24,940129,confirmation,MEASUREMENT,attempt-7ba93bd7375447058898bc4e8c3d38a3,candidate,0,1,r118,8072f457b97eb28dfeab619075dbb71df9d5b884ad0d9061be00f5ea028355ea,14,6,False,True,SUCCEEDED,False,CCPBI,C,"[34, 151645]",5246de92c148c2f339d774dea2e1c544aebd57a5646531ccb4cb069744ab0c88,91,70,21,1674.356,629.068,2,440059925642,437736482449,2323443193,439437322358,643,0b523b50a80a1a436d323e992f7c3e5d1c9811719e1591d386d09d7143301940,229,34414,CERTIFIED_SLICE
h3-large-reuse24,qwen2.5-14b-instruct-fp16-v1,slice-versus-full-cache-v1,record-reuse,24,940129,confirmation,MEASUREMENT,attempt-7ba93bd7375447058898bc4e8c3d38a3,candidate,0,1,r119,8072f457b97eb28dfeab619075dbb71df9d5b884ad0d9061be00f5ea028355ea,14,7,False,True,SUCCEEDED,True,CSHDI,CSHDI,"[34, 8590, 17625, 151645]",bb63ffc068493ea33762131842aed0bb1ff5d07fe0943749460b925d8b651345,90,70,20,1613.406,1870.897,4,444256809659,440747680753,3509128906,442388179261,643,5f7bd1d1c0c6a804e4fe69b768a9d2e38b47a3c7f9535537369362fa9faf9f29,229,34053,CERTIFIED_SLICE
h3-large-reuse24,qwen2.5-14b-instruct-fp16-v1,slice-versus-full-cache-v1,record-reuse,24,940129,confirmation,MEASUREMENT,attempt-7ba93bd7375447058898bc4e8c3d38a3,candidate,0,1,r120,8f5d398b8c2e9af3d3281a2bd74b8562743308cf4e7ea1f1fed4a9810c4542b3,15,0,True,True,SUCCEEDED,False,CJUWD,C,"[34, 151645]",28e5a548b0f68bf9fbf56d7fa0a5a1b6c0d8aebf31e44f7b1552fc0619b157b6,92,70,22,1751.605,623.179,2,447170500162,444771848201,2398651961,446556735703,643,f25aeceeb49c3c77b9fa64d871b9302ac1527bd87c649dbbdde1ccb8235f8abd,229,37901,CERTIFIED_SLICE
h3-large-reuse24,qwen2.5-14b-instruct-fp16-v1,slice-versus-full-cache-v1,record-reuse,24,940129,confirmation,MEASUREMENT,attempt-7ba93bd7375447058898bc4e8c3d38a3,candidate,0,1,r121,8f5d398b8c2e9af3d3281a2bd74b8562743308cf4e7ea1f1fed4a9810c4542b3,15,1,False,True,SUCCEEDED,False,CVZBE,C,"[34, 151645]",93c92285c73ee164d0f4d34e27f1ce3218ba2aca72d4b54a521014ff95bad9e1,92,70,22,1765.624,650.928,2,450229025349,447790069345,2438956004,449583468103,643,b57fdf36271231edf891294caffe98ec3f48f63d1fe5482372106fb6df3afd59,229,35716,CERTIFIED_SLICE
h3-large-reuse24,qwen2.5-14b-instruct-fp16-v1,slice-versus-full-cache-v1,record-reuse,24,940129,confirmation,MEASUREMENT,attempt-7ba93bd7375447058898bc4e8c3d38a3,candidate,0,1,r122,8f5d398b8c2e9af3d3281a2bd74b8562743308cf4e7ea1f1fed4a9810c4542b3,15,2,False,True,SUCCEEDED,False,CJGIR,C,"[34, 151645]",0a1b6945fb878b047247b6a1bdb65ca0004de05c9edb0e680f5a49c03e501307,92,70,22,1754.598,623.831,2,453207744851,450804593394,2403151457,452591712566,643,feb84228a6e96c4319b90cb31eb71d3997c9a28557ca6504d0a96a8e2c043892,229,35146,CERTIFIED_SLICE
h3-large-reuse24,qwen2.5-14b-instruct-fp16-v1,slice-versus-full-cache-v1,record-reuse,24,940129,confirmation,MEASUREMENT,attempt-7ba93bd7375447058898bc4e8c3d38a3,candidate,0,1,r123,8f5d398b8c2e9af3d3281a2bd74b8562743308cf4e7ea1f1fed4a9810c4542b3,15,3,False,True,SUCCEEDED,False,CRGDH,CWBEG,"[34, 52868, 9376, 151645]",6687878a925df054043ad028d04f671f835543ece7b522579f4fd56bbabcaba8,92,70,22,1748.364,1869.708,4,457418807984,453776130089,3642677895,455557598774,643,299abd23598ae14c0a78ab564f0f356e1a2d6662aec0f4dae75b91257777490d,229,35726,CERTIFIED_SLICE
h3-large-reuse24,qwen2.5-14b-instruct-fp16-v1,slice-versus-full-cache-v1,record-reuse,24,940129,confirmation,MEASUREMENT,attempt-7ba93bd7375447058898bc4e8c3d38a3,candidate,0,1,r124,8f5d398b8c2e9af3d3281a2bd74b8562743308cf4e7ea1f1fed4a9810c4542b3,15,4,False,True,SUCCEEDED,False,CTSVU,C,"[34, 151645]",a3759f71055b3e817564b1757230f1640149c179346069a585027d2f2884e901,93,70,23,1825.052,622.84,2,460284050199,457792990680,2491059519,459651565401,643,ff5ca4459dc6de154f40b04ed6247baac98962c7fc57bf250b6d16b0ca491234,229,34404,CERTIFIED_SLICE
h3-large-reuse24,qwen2.5-14b-instruct-fp16-v1,slice-versus-full-cache-v1,record-reuse,24,940129,confirmation,MEASUREMENT,attempt-7ba93bd7375447058898bc4e8c3d38a3,candidate,0,1,r125,8f5d398b8c2e9af3d3281a2bd74b8562743308cf4e7ea1f1fed4a9810c4542b3,15,5,False,True,SUCCEEDED,True,CMCHW,CMCHW,"[9985, 2149, 54, 151645]",a10453ac1233682222ecd5ab5afba3762b4fca9e7e968ba274a2509df403784e,92,70,22,1751.621,1899.723,4,464496306620,460821112383,3675194237,462602913126,643,b950bdc762910fb2e4121ef3f3fdfb34d2a5eb35d125139eaa051f838b629ac2,229,33572,CERTIFIED_SLICE
h3-large-reuse24,qwen2.5-14b-instruct-fp16-v1,slice-versus-full-cache-v1,record-reuse,24,940129,confirmation,MEASUREMENT,attempt-7ba93bd7375447058898bc4e8c3d38a3,candidate,0,1,r126,8f5d398b8c2e9af3d3281a2bd74b8562743308cf4e7ea1f1fed4a9810c4542b3,15,6,False,True,SUCCEEDED,True,CGSNJ,CGSNJ,"[34, 16522, 86986, 151645]",20eb69392352640346c6ab7c56277145532bdfd716e98553dedd76fe22f39e6a,92,70,22,1753.417,1879.701,4,468500809342,464844683552,3656125790,466623486831,643,5b3b8212dc64a6cbdd94b59a81217193a55d06a6ab9e0df4b7e6198ff2f901bd,229,34414,CERTIFIED_SLICE
h3-large-reuse24,qwen2.5-14b-instruct-fp16-v1,slice-versus-full-cache-v1,record-reuse,24,940129,confirmation,MEASUREMENT,attempt-7ba93bd7375447058898bc4e8c3d38a3,candidate,0,1,r127,8f5d398b8c2e9af3d3281a2bd74b8562743308cf4e7ea1f1fed4a9810c4542b3,15,7,False,True,SUCCEEDED,False,CFKKM,C,"[34, 151645]",09d454aae901748bced64b4f07bcfd14261450e89aba36e420f70ab0fcbecd97,92,70,22,1748.323,623.188,2,471225344189,468828315737,2397028452,470591339865,643,c88bdf1d20bd1bb76e5e1af68f2534cde619f8a0990ed83a88da3bc0a8927d68,229,33853,CERTIFIED_SLICE
h3-large-reuse24,qwen2.5-14b-instruct-fp16-v1,slice-versus-full-cache-v1,record-reuse,24,940129,confirmation,MEASUREMENT,attempt-1e69ada1a1324165b90744787b11bf9c,candidate,1,1,r000,e2bbcf7fdcde8b11629d90c05f4882448617accadbe671b62961f35e85473931,0,0,True,True,SUCCEEDED,True,CLOTH,CLOTH,"[34, 1593, 3617, 151645]",c9005f48d02d324c4693edc2b10b056d2dd7dc1dfecb33395d94110f40cf297a,92,0,92,6880.913,1883.986,4,9574791085,785860764,8788930321,7698588086,643,95ab229aad631d13ffd5b08cbb36506b1a9660794f2011ed6d9c927f18a9fa4d,229,77824,CERTIFIED_SLICE
h3-large-reuse24,qwen2.5-14b-instruct-fp16-v1,slice-versus-full-cache-v1,record-reuse,24,940129,confirmation,MEASUREMENT,attempt-1e69ada1a1324165b90744787b11bf9c,candidate,1,1,r001,e2bbcf7fdcde8b11629d90c05f4882448617accadbe671b62961f35e85473931,0,1,False,True,SUCCEEDED,False,CQERS,C,"[34, 151645]",b65813010a1e2485eb89e356858f0efa1ca2b003850ce7b54fa7ebc7da0b8c96,92,70,22,1749.745,623.692,2,12307565833,9908328123,2399237710,11686924688,643,15b407d07db478933af53f9fba2f42db625139de79f5b1c376a3202e0d5c641f,229,47308,CERTIFIED_SLICE
h3-large-reuse24,qwen2.5-14b-instruct-fp16-v1,slice-versus-full-cache-v1,record-reuse,24,940129,confirmation,MEASUREMENT,attempt-1e69ada1a1324165b90744787b11bf9c,candidate,1,1,r002,e2bbcf7fdcde8b11629d90c05f4882448617accadbe671b62961f35e85473931,0,2,False,True,SUCCEEDED,False,CZDGI,C,"[34, 151645]",cdcbdc5dccac41601318b06076be70550969281c62d65e0fff8f053f6fcabf57,92,71,21,1675.156,625.533,2,15249831732,12925122313,2324709419,14630781033,643,ed491892ecd440055f89d77b4d3bd2dcfa08bcfad66c5538aaaedf97394b42ef,229,44042,CERTIFIED_SLICE
h3-large-reuse24,qwen2.5-14b-instruct-fp16-v1,slice-versus-full-cache-v1,record-reuse,24,940129,confirmation,MEASUREMENT,attempt-1e69ada1a1324165b90744787b11bf9c,candidate,1,1,r003,e2bbcf7fdcde8b11629d90c05f4882448617accadbe671b62961f35e85473931,0,3,False,True,SUCCEEDED,False,COJDO,C,"[34, 151645]",9b2b4a0d361932d75a27ba9f5854d632b598710136068ed221c2496c3d414076,92,71,21,1684.716,623.72,2,18251033027,15919112400,2331920627,17630976409,643,3c26b8fb55d8e5d6e7e41576a3addc7c2a7ac0ec79abdea8de87d3da749badd4,229,36718,CERTIFIED_SLICE
h3-large-reuse24,qwen2.5-14b-instruct-fp16-v1,slice-versus-full-cache-v1,record-reuse,24,940129,confirmation,MEASUREMENT,attempt-1e69ada1a1324165b90744787b11bf9c,candidate,1,1,r004,e2bbcf7fdcde8b11629d90c05f4882448617accadbe671b62961f35e85473931,0,4,False,True,SUCCEEDED,False,CYEYZ,CYZEYZ,"[34, 40209, 36, 40209, 151645]",1f0b6692a61bb106850c5579716219bc0b98b72db6cefaf4fe2c68a4053c680e,94,70,24,1880.971,2494.75,5,23328141985,18935518799,4392623186,20834763895,643,197d603cadaf4bdf250c519cd2f35de45c2c1f0ac294125859e75f83511ede75,229,36457,CERTIFIED_SLICE
h3-large-reuse24,qwen2.5-14b-instruct-fp16-v1,slice-versus-full-cache-v1,record-reuse,24,940129,confirmation,MEASUREMENT,attempt-1e69ada1a1324165b90744787b11bf9c,candidate,1,1,r005,e2bbcf7fdcde8b11629d90c05f4882448617accadbe671b62961f35e85473931,0,5,False,True,SUCCEEDED,True,CDPLE,CDPLE,"[6484, 9515, 151645]",1c70cf94edfbdf51f0629415c7f7dde44910ab79263c5ced0e62b9513f3691dc,93,70,23,1822.862,1247.25,3,27048886030,23954483651,3094402379,25787190090,643,20133fe664ed5f322f48fa97a94a4c56d59dfc9f593da3c66329a681617614f3,229,35456,CERTIFIED_SLICE
h3-large-reuse24,qwen2.5-14b-instruct-fp16-v1,slice-versus-full-cache-v1,record-reuse,24,940129,confirmation,MEASUREMENT,attempt-1e69ada1a1324165b90744787b11bf9c,candidate,1,1,r006,e2bbcf7fdcde8b11629d90c05f4882448617accadbe671b62961f35e85473931,0,6,False,True,SUCCEEDED,False,CZSRO,C,"[34, 151645]",3758e17886955e5197d8c129a7cc4c06193b8022916b59a0d3e51228b706e686,92,70,22,1749.02,624.266,2,29468902097,27066758282,2402143815,28838634070,643,6e8616009c1ea00489e114b1db743596dbf3181c0d99a3599796be32ef0801cd,229,35135,CERTIFIED_SLICE
h3-large-reuse24,qwen2.5-14b-instruct-fp16-v1,slice-versus-full-cache-v1,record-reuse,24,940129,confirmation,MEASUREMENT,attempt-1e69ada1a1324165b90744787b11bf9c,candidate,1,1,r007,e2bbcf7fdcde8b11629d90c05f4882448617accadbe671b62961f35e85473931,0,7,False,True,SUCCEEDED,False,CGCND,C,"[34, 151645]",d7c1a3923a213c5b0ff9b576e521f95dd3ec85183c62696860fd1821cf781a99,92,70,22,1749.774,625.356,2,32383298332,29984329682,2398968650,31766180287,643,091b9f3bad44fffe877757da1b98ba32d8c64d4882bfb1c07cbf20d2ba9d188c,229,33733,CERTIFIED_SLICE
h3-large-reuse24,qwen2.5-14b-instruct-fp16-v1,slice-versus-full-cache-v1,record-reuse,24,940129,confirmation,MEASUREMENT,attempt-1e69ada1a1324165b90744787b11bf9c,candidate,1,1,r008,5a1ee5278b6015963dfae3285b51acf7892b79a0d9029eedd2291b9ef4f8aa2d,1,0,True,True,SUCCEEDED,False,CSKBE,C,"[34, 151645]",cca5716efdfb51f000be5f1602a22c849b03982fffac982a10137117d04b9673,92,70,22,1746.869,624.409,2,35385989958,32991029742,2394960216,34758830372,643,2b1ffad0f3a92f5df01835e964e8cecca4359dde5d9dbd0dc4d500583c9617f3,229,33703,CERTIFIED_SLICE
h3-large-reuse24,qwen2.5-14b-instruct-fp16-v1,slice-versus-full-cache-v1,record-reuse,24,940129,confirmation,MEASUREMENT,attempt-1e69ada1a1324165b90744787b11bf9c,candidate,1,1,r009,5a1ee5278b6015963dfae3285b51acf7892b79a0d9029eedd2291b9ef4f8aa2d,1,1,False,True,SUCCEEDED,False,CRHWH,CXCOW,"[34, 37946, 3307, 151645]",9a52c8e37dfa7a9f3aefe01a502e0851f2d2426d7d597871a0ae5e5334e94550,92,70,22,1746.498,1885.705,4,39638376610,35982925505,3655451105,37765767844,643,09b956c9107b42490ec184110d5d565a3cc45e30b76b2531efdb1d5d8a2c2b03,229,32771,CERTIFIED_SLICE
h3-large-reuse24,qwen2.5-14b-instruct-fp16-v1,slice-versus-full-cache-v1,record-reuse,24,940129,confirmation,MEASUREMENT,attempt-1e69ada1a1324165b90744787b11bf9c,candidate,1,1,r010,5a1ee5278b6015963dfae3285b51acf7892b79a0d9029eedd2291b9ef4f8aa2d,1,2,False,True,SUCCEEDED,True,COMCC,COMCC,"[8696, 3706, 151645]",c1e6c2fb0be323ff4c1f8fb80e58060298307b3bbb893d27edf8e028150aba3c,91,70,21,1675.12,1250.43,3,42941928815,39993010367,2948918448,41694930053,643,3186075e6e03bc1287aa92d1cdca4c70c44dc6444c4015fa42e726c67e8d3b5c,229,32230,CERTIFIED_SLICE
h3-large-reuse24,qwen2.5-14b-instruct-fp16-v1,slice-versus-full-cache-v1,record-reuse,24,940129,confirmation,MEASUREMENT,attempt-1e69ada1a1324165b90744787b11bf9c,candidate,1,1,r011,5a1ee5278b6015963dfae3285b51acf7892b79a0d9029eedd2291b9ef4f8aa2d,1,3,False,True,SUCCEEDED,False,COXXI,C,"[34, 151645]",e43a87397e96d9628867b3b97e851276372ab580670ed488efa92c58fe72fceb,92,70,22,1760.247,636.056,2,45447740474,43040417330,2407323144,44815349511,643,22c3f85971c08a15fa1121e8bb49491b93272d151ee9ebafbdd1efd0af9fa376,229,35326,CERTIFIED_SLICE
h3-large-reuse24,qwen2.5-14b-instruct-fp16-v1,slice-versus-full-cache-v1,record-reuse,24,940129,confirmation,MEASUREMENT,attempt-1e69ada1a1324165b90744787b11bf9c,candidate,1,1,r012,5a1ee5278b6015963dfae3285b51acf7892b79a0d9029eedd2291b9ef4f8aa2d,1,4,False,True,SUCCEEDED,False,CKAEX,C,"[34, 151645]",0b1fd9371aa84f6becb57c6e13fe695b204c30fe82c3742b68ad536a6b24aadf,92,70,22,1808.439,636.612,2,48490056129,46034140370,2455915759,47869745278,643,3f4f75f2eb8e4b1cef4e393ef2a751fa41762153fb714969936cad020c879860,229,35516,CERTIFIED_SLICE
h3-large-reuse24,qwen2.5-14b-instruct-fp16-v1,slice-versus-full-cache-v1,record-reuse,24,940129,confirmation,MEASUREMENT,attempt-1e69ada1a1324165b90744787b11bf9c,candidate,1,1,r013,5a1ee5278b6015963dfae3285b51acf7892b79a0d9029eedd2291b9ef4f8aa2d,1,5,False,True,SUCCEEDED,False,CDLRR,C,"[34, 151645]",a681be5e44dc9548e563c6732f32ec733acd3cf76ebf5467c214033a67ca7ae7,92,70,22,1784.213,635.559,2,51464016341,49020800706,2443215635,50824224545,643,42e04a6014f00e7ff5251140474e0c1f5b6884ff68071b045dd7f6ca55dd8c4c,229,36097,CERTIFIED_SLICE
h3-large-reuse24,qwen2.5-14b-instruct-fp16-v1,slice-versus-full-cache-v1,record-reuse,24,940129,confirmation,MEASUREMENT,attempt-1e69ada1a1324165b90744787b11bf9c,candidate,1,1,r014,5a1ee5278b6015963dfae3285b51acf7892b79a0d9029eedd2291b9ef4f8aa2d,1,6,False,True,SUCCEEDED,False,CTHDY,C,"[34, 151645]",1d9bb3c217343c99227e5bc3a8306ff30f11ff6e126f2beff142a0794be23567,92,70,22,1765.289,625.5,2,54430508507,52033221413,2397287094,53812888458,643,b602eb49cf0800c05f3bc3a217b0b27e62ba28b02ef103ed55d21dea013546b4,229,35496,CERTIFIED_SLICE
h3-large-reuse24,qwen2.5-14b-instruct-fp16-v1,slice-versus-full-cache-v1,record-reuse,24,940129,confirmation,MEASUREMENT,attempt-1e69ada1a1324165b90744787b11bf9c,candidate,1,1,r015,5a1ee5278b6015963dfae3285b51acf7892b79a0d9029eedd2291b9ef4f8aa2d,1,7,False,True,SUCCEEDED,False,CRUIG,C,"[34, 151645]",0458f32ac2a6cc47ffaf1194bdc599f1e2775a6abd29c461c2f20eebcdd4dec5,92,70,22,1755.15,653.003,2,57477988496,55054713068,2423275428,56839421337,643,ea1e0ecd3e15ff747b6020b0ab143ed8a370ef3af7b66dd74788c6530a908d23,229,33092,CERTIFIED_SLICE
h3-large-reuse24,qwen2.5-14b-instruct-fp16-v1,slice-versus-full-cache-v1,record-reuse,24,940129,confirmation,MEASUREMENT,attempt-1e69ada1a1324165b90744787b11bf9c,candidate,1,1,r016,4b2234251b56f044b6c9d6572412a4f70ddf4d9d40746b2f7ff5b754c458c9a3,2,0,True,True,SUCCEEDED,True,CXNOB,CXNOB,"[65240, 8996, 33, 151645]",ff06a3ccb605ceb08470fb8cb475cedd7971c37932ba4d4b3bbfe75c3bfea09f,92,70,22,1753.562,1876.706,4,61727058380,58076807604,3650250776,59861749337,643,d0961bc853dff1fa34a81a1b7dce92c2ef2fdc4fe933b0b3bc5e66b0717d078a,229,32881,CERTIFIED_SLICE
h3-large-reuse24,qwen2.5-14b-instruct-fp16-v1,slice-versus-full-cache-v1,record-reuse,24,940129,confirmation,MEASUREMENT,attempt-1e69ada1a1324165b90744787b11bf9c,candidate,1,1,r017,4b2234251b56f044b6c9d6572412a4f70ddf4d9d40746b2f7ff5b754c458c9a3,2,1,False,True,SUCCEEDED,True,CYYZH,CYYZH,"[34, 10060, 95911, 151645]",37d270e2c4c660fcb686cecaf65121d488417ddbd5e68025dfac9c93fe453126,92,70,22,1750.453,1939.433,4,65763304207,62059345644,3703958563,63839107305,643,51a699edf6f3e52da6762bddd413c80e8841ea9bff21d777d89d7b578a193ee3,229,32801,CERTIFIED_SLICE
h3-large-reuse24,qwen2.5-14b-instruct-fp16-v1,slice-versus-full-cache-v1,record-reuse,24,940129,confirmation,MEASUREMENT,attempt-1e69ada1a1324165b90744787b11bf9c,candidate,1,1,r018,4b2234251b56f044b6c9d6572412a4f70ddf4d9d40746b2f7ff5b754c458c9a3,2,2,False,True,SUCCEEDED,False,CQSRC,C,"[34, 151645]",3f09e191dfc9b67bfad0cf38dc58c2f6ff909259f1f459572c88a16a1e776b15,92,70,22,1757.908,633.553,2,68514655186,66103186934,2411468252,67873759208,643,4457ae32617d66fa92e6637fe5afaedcaf327786f984bf3d3fda8013baea4e24,229,40084,CERTIFIED_SLICE
h3-large-reuse24,qwen2.5-14b-instruct-fp16-v1,slice-versus-full-cache-v1,record-reuse,24,940129,confirmation,MEASUREMENT,attempt-1e69ada1a1324165b90744787b11bf9c,candidate,1,1,r019,4b2234251b56f044b6c9d6572412a4f70ddf4d9d40746b2f7ff5b754c458c9a3,2,3,False,True,SUCCEEDED,True,COTKX,COTKX,"[34, 1793, 42, 55, 151645]",08f67140e32833084886c6fb9760432595b37f3b4e41908e59468693d856d90d,93,70,23,1828.382,2498.173,5,73421615049,69064989319,4356625730,70913373030,643,9eea2154396bc87a7f32f0950b3258e976886610a9bfc9605bf7323efc6471ce,229,33453,CERTIFIED_SLICE
h3-large-reuse24,qwen2.5-14b-instruct-fp16-v1,slice-versus-full-cache-v1,record-reuse,24,940129,confirmation,MEASUREMENT,attempt-1e69ada1a1324165b90744787b11bf9c,candidate,1,1,r020,4b2234251b56f044b6c9d6572412a4f70ddf4d9d40746b2f7ff5b754c458c9a3,2,4,False,True,SUCCEEDED,True,COOPA,COOPA,"[8281, 3067, 32, 151645]",5c3e8ecb1bcdac16fec58bbc745d31e4e84e0251b6c6b219e1175e47dc5a5ea1,92,70,22,1747.477,1904.974,4,77757316300,74081263056,3676053244,75845978119,643,45535628379364b71ad0ce2811ef66b1e2dd4a60108907e11f5e5c3aec0c4f8c,229,34294,CERTIFIED_SLICE
h3-large-reuse24,qwen2.5-14b-instruct-fp16-v1,slice-versus-full-cache-v1,record-reuse,24,940129,confirmation,MEASUREMENT,attempt-1e69ada1a1324165b90744787b11bf9c,candidate,1,1,r021,4b2234251b56f044b6c9d6572412a4f70ddf4d9d40746b2f7ff5b754c458c9a3,2,5,False,True,SUCCEEDED,False,CEKQD,C,"[34, 151645]",dba0d74d422dcd8e84bffb62af99728a19105926d6f66136f62e889bc7afd97b,93,70,23,2069.289,626.983,2,80861935347,78140469558,2721465789,80229343009,643,ba3ae339bdcee0d39ce3a8b6747212f9a14e48877b46b4de70a7bcdd751a3580,229,32961,CERTIFIED_SLICE
h3-large-reuse24,qwen2.5-14b-instruct-fp16-v1,slice-versus-full-cache-v1,record-reuse,24,940129,confirmation,MEASUREMENT,attempt-1e69ada1a1324165b90744787b11bf9c,candidate,1,1,r022,4b2234251b56f044b6c9d6572412a4f70ddf4d9d40746b2f7ff5b754c458c9a3,2,6,False,True,SUCCEEDED,False,CDXSN,C,"[34, 151645]",16010ad25649b7c93b6032d0d29409be874bd54ee67a4303835bcc9c02e7998e,92,70,22,1755.036,624.905,2,83568265002,81162610019,2405654983,82943445366,643,c64068d11d7a34d1cf0e7a74858833dbc27809a3c39689de931231e2ed7555d8,229,33252,CERTIFIED_SLICE
h3-large-reuse24,qwen2.5-14b-instruct-fp16-v1,slice-versus-full-cache-v1,record-reuse,24,940129,confirmation,MEASUREMENT,attempt-1e69ada1a1324165b90744787b11bf9c,candidate,1,1,r023,4b2234251b56f044b6c9d6572412a4f70ddf4d9d40746b2f7ff5b754c458c9a3,2,7,False,True,SUCCEEDED,True,CMDLC,CMDLC,"[38680, 8556, 151645]",94eef2bb48cff4dadcc40b33c6b6119ca33b1333db533625b4a78da165d8005e,91,70,21,1679.72,1276.066,3,87100141065,84120312761,2979828304,85824262273,643,a489f82a51600d64d2b7ff17640354f1832f1d3d2b2ac07706e9c438561d358e,229,32611,CERTIFIED_SLICE
h3-large-reuse24,qwen2.5-14b-instruct-fp16-v1,slice-versus-full-cache-v1,record-reuse,24,940129,confirmation,MEASUREMENT,attempt-1e69ada1a1324165b90744787b11bf9c,candidate,1,1,r024,de7452659b7303feb075caac1c0e06e99c3f8c11f8563dcadf86a93adf7e608d,3,0,True,True,SUCCEEDED,True,CIBOO,CIBOO,"[34, 3256, 19499, 151645]",64fb5f871e6fd7d77dbbed1faef19bdc3ef30a0e4dfee19fb8b3c811a8a81b7c,92,70,22,1755.041,1873.28,4,90828038731,87173898353,3654140378,88950290088,643,804e4c5ca88794f28a136f9f98ff59af099696e3012b620728a7d8e9ad832d74,229,33903,CERTIFIED_SLICE
h3-large-reuse24,qwen2.5-14b-instruct-fp16-v1,slice-versus-full-cache-v1,record-reuse,24,940129,confirmation,MEASUREMENT,attempt-1e69ada1a1324165b90744787b11bf9c,candidate,1,1,r025,de7452659b7303feb075caac1c0e06e99c3f8c11f8563dcadf86a93adf7e608d,3,1,False,True,SUCCEEDED,False,CEJHB,C,"[34, 151645]",2c7a163c1fe65d5bb3660ce8d914df4f6d27ba29f8dbd8775846551c963d561b,94,70,24,1889.762,622.315,2,93691754048,91153990795,2537763253,93065683166,643,24a79ce864966f9cfa3f676e9be79629db9d76ed4b509a3aa7a4ef7ecb1436f4,229,34444,CERTIFIED_SLICE
h3-large-reuse24,qwen2.5-14b-instruct-fp16-v1,slice-versus-full-cache-v1,record-reuse,24,940129,confirmation,MEASUREMENT,attempt-1e69ada1a1324165b90744787b11bf9c,candidate,1,1,r026,de7452659b7303feb075caac1c0e06e99c3f8c11f8563dcadf86a93adf7e608d,3,2,False,True,SUCCEEDED,False,CPZQF,CXBRC,"[34, 59272, 7380, 151645]",3990bca70d7b76ada27993ac4ebe6c000eea14b2eba751c994cc73b82205656a,93,70,23,1818.397,1878.543,4,97873939443,94152977844,3720961599,95988371751,643,cc6677c3cd0935929b5a229e3ed0d8b246a6f445f4d718204f5eb55ed04faff3,229,35757,CERTIFIED_SLICE
h3-large-reuse24,qwen2.5-14b-instruct-fp16-v1,slice-versus-full-cache-v1,record-reuse,24,940129,confirmation,MEASUREMENT,attempt-1e69ada1a1324165b90744787b11bf9c,candidate,1,1,r027,de7452659b7303feb075caac1c0e06e99c3f8c11f8563dcadf86a93adf7e608d,3,3,False,True,SUCCEEDED,True,COCQP,COCQP,"[34, 7612, 66520, 151645]",39cc251ed7337986d3a0ca3b05c30b711edb42e392a3d2dd543b11435fb6ddce,90,70,20,1617.101,1881.414,4,101671323775,98149174321,3522149454,99788140546,643,53f7be0dba6bb218ee3cbb2282076e9756161be889d3e9f19ae169c39f8734dd,229,35496,CERTIFIED_SLICE
h3-large-reuse24,qwen2.5-14b-instruct-fp16-v1,slice-versus-full-cache-v1,record-reuse,24,940129,confirmation,MEASUREMENT,attempt-1e69ada1a1324165b90744787b11bf9c,candidate,1,1,r028,de7452659b7303feb075caac1c0e06e99c3f8c11f8563dcadf86a93adf7e608d,3,4,False,True,SUCCEEDED,True,CITVX,CITVX,"[34, 952, 53, 55, 151645]",b9a53f017c95851cb716f64530647c0560b1313bb636946546d14fb51ef2b438,92,70,22,1753.93,2527.052,5,106458345838,102154170698,4304175140,103935303749,643,6b9192f273f25831c1d907f0e76697325b72015848a75d2a12ace7e4911d8850,229,34234,CERTIFIED_SLICE
h3-large-reuse24,qwen2.5-14b-instruct-fp16-v1,slice-versus-full-cache-v1,record-reuse,24,940129,confirmation,MEASUREMENT,attempt-1e69ada1a1324165b90744787b11bf9c,candidate,1,1,r029,de7452659b7303feb075caac1c0e06e99c3f8c11f8563dcadf86a93adf7e608d,3,5,False,True,SUCCEEDED,False,CXRXD,C,"[34, 151645]",ca99e03035d09916e4ce9ac3e312b999604b9497916cc8ce43b303c402851482,94,70,24,2072.756,751.511,2,109999997869,107164812934,2835184935,109283444679,643,74ab8604ee2c126df4ca0887606b73d37908232a000de16eef3aaa51c4931f88,229,35366,CERTIFIED_SLICE
h3-large-reuse24,qwen2.5-14b-instruct-fp16-v1,slice-versus-full-cache-v1,record-reuse,24,940129,confirmation,MEASUREMENT,attempt-1e69ada1a1324165b90744787b11bf9c,candidate,1,1,r030,de7452659b7303feb075caac1c0e06e99c3f8c11f8563dcadf86a93adf7e608d,3,6,False,True,SUCCEEDED,False,CZLKP,C,"[34, 151645]",90a76d4ec33000a220734fc8bfe0f492a985fec4098d8885f41d9b94ab43bb46,92,70,22,1918.528,722.873,2,112968890037,110302192928,2666697109,112253243483,643,4722e7aec06b204b2d7585809368a508746b4db559c5242297ee1eede5d223d9,229,36327,CERTIFIED_SLICE
h3-large-reuse24,qwen2.5-14b-instruct-fp16-v1,slice-versus-full-cache-v1,record-reuse,24,940129,confirmation,MEASUREMENT,attempt-1e69ada1a1324165b90744787b11bf9c,candidate,1,1,r031,de7452659b7303feb075caac1c0e06e99c3f8c11f8563dcadf86a93adf7e608d,3,7,False,True,SUCCEEDED,False,COLQZ,CSDHJ,"[34, 5491, 39, 41, 151645]",c598354e7be0f80c079b4a22b71244db7b699bf0e4b3065d171883c9353d1080,94,70,24,1951.092,2597.564,5,117831328013,113259231425,4572096588,115238463923,643,bfe36c31897268a400384f46c9adacac65123f5a0d1e55b76c6f11bbedc3aa3d,229,35286,CERTIFIED_SLICE
h3-large-reuse24,qwen2.5-14b-instruct-fp16-v1,slice-versus-full-cache-v1,record-reuse,24,940129,confirmation,MEASUREMENT,attempt-1e69ada1a1324165b90744787b11bf9c,candidate,1,1,r032,465aba40aeff43f68e362d37f102e2178ab71d65fb90a666b41011b524868280,4,0,True,True,SUCCEEDED,True,CEGNJ,CEGNJ,"[2104, 25167, 41, 151645]",56bbe1015764fb9d4734d4a9a578743083354a8eac4d993d604a583014b967f1,92,71,21,1685.243,1895.661,4,122040292764,118434625249,3605667515,120155070002,643,e6542de337d508444f85db84ef32a290dc82821041414315c4ab128dfe08a3d5,229,33783,CERTIFIED_SLICE
h3-large-reuse24,qwen2.5-14b-instruct-fp16-v1,slice-versus-full-cache-v1,record-reuse,24,940129,confirmation,MEASUREMENT,attempt-1e69ada1a1324165b90744787b11bf9c,candidate,1,1,r033,465aba40aeff43f68e362d37f102e2178ab71d65fb90a666b41011b524868280,4,1,False,True,SUCCEEDED,True,CHIHK,CHIHK,"[2149, 40, 57447, 151645]",3d0f44458702aa62f2d7f7b9934a350c79e2ef81cffd8e79036ff586206bac38,92,71,21,1676.271,1875.893,4,126319587911,122676619416,3642968495,124383326665,643,cff41e028ffd7f3b1f0e85e6c65b9fcc0c70b06064b6af45ffce1cd2e69907ba,229,33743,CERTIFIED_SLICE
h3-large-reuse24,qwen2.5-14b-instruct-fp16-v1,slice-versus-full-cache-v1,record-reuse,24,940129,confirmation,MEASUREMENT,attempt-1e69ada1a1324165b90744787b11bf9c,candidate,1,1,r034,465aba40aeff43f68e362d37f102e2178ab71d65fb90a666b41011b524868280,4,2,False,True,SUCCEEDED,False,CWXJI,C,"[34, 151645]",9ef0c910a174e3c7ceadce0fd34e0d07b81ebac1a4061f4eefb52fa30665d855,92,70,22,1749.15,623.872,2,129058686177,126660833132,2397853045,128442646678,643,9784194228e61c195592952e8fe07937929742e7798d3c1fe951618f744d24f4,229,33663,CERTIFIED_SLICE
h3-large-reuse24,qwen2.5-14b-instruct-fp16-v1,slice-versus-full-cache-v1,record-reuse,24,940129,confirmation,MEASUREMENT,attempt-1e69ada1a1324165b90744787b11bf9c,candidate,1,1,r035,465aba40aeff43f68e362d37f102e2178ab71d65fb90a666b41011b524868280,4,3,False,True,SUCCEEDED,False,CRQHV,C,"[34, 151645]",6ec214b68287d799fd00475fb3d7b86a1cc84342769aee84d3f3fc7e3e0dbc10,92,70,22,1762.018,625.332,2,132066975302,129656216068,2410759234,131468798738,643,53cc5ebae51cf49a7c677be9611b18fdc16030f9c0b864421b58d15681cf7c12,229,32961,CERTIFIED_SLICE
h3-large-reuse24,qwen2.5-14b-instruct-fp16-v1,slice-versus-full-cache-v1,record-reuse,24,940129,confirmation,MEASUREMENT,attempt-1e69ada1a1324165b90744787b11bf9c,candidate,1,1,r036,465aba40aeff43f68e362d37f102e2178ab71d65fb90a666b41011b524868280,4,4,False,True,SUCCEEDED,False,CBRTA,C,"[34, 151645]",79b3013d0bdd7667a6c6aa76cd259feedd0714a3840f2cf4d68e11d7ba6aa215,92,70,22,1755.478,661.102,2,135118765035,132676659314,2442105721,134463219106,643,9e770932713a2e8407aeea1d5a460f34c785f3c0dd934af19c9f3f42c482f26d,229,33051,CERTIFIED_SLICE
h3-large-reuse24,qwen2.5-14b-instruct-fp16-v1,slice-versus-full-cache-v1,record-reuse,24,940129,confirmation,MEASUREMENT,attempt-1e69ada1a1324165b90744787b11bf9c,candidate,1,1,r037,465aba40aeff43f68e362d37f102e2178ab71d65fb90a666b41011b524868280,4,5,False,True,SUCCEEDED,True,CULJS,CULJS,"[34, 1094, 12545, 151645]",1c3524ad4b73dd27b875532c9394bb9abd737ba5ce60ceadfca17e232b32756e,90,70,20,1709.881,1870.185,4,139282973083,135679723293,3603249790,137422425444,643,f311a85ffa5636e4a0ce0ac1292379cfd1b996798d0e24cdabd5abb8019acfa7,229,34164,CERTIFIED_SLICE
h3-large-reuse24,qwen2.5-14b-instruct-fp16-v1,slice-versus-full-cache-v1,record-reuse,24,940129,confirmation,MEASUREMENT,attempt-1e69ada1a1324165b90744787b11bf9c,candidate,1,1,r038,465aba40aeff43f68e362d37f102e2178ab71d65fb90a666b41011b524868280,4,6,False,True,SUCCEEDED,False,CDEGZ,C,"[34, 151645]",8442d01f485b7c26423c12a6ba00a28715e56080164e8b9554745797d6cc9d7e,93,70,23,1817.129,627.116,2,142169947949,139699951586,2469996363,141531056528,643,8729e96251c2c78c47790705f77db40e5ac37650558f40ef4abafafc54c45e07,229,33733,CERTIFIED_SLICE
h3-large-reuse24,qwen2.5-14b-instruct-fp16-v1,slice-versus-full-cache-v1,record-reuse,24,940129,confirmation,MEASUREMENT,attempt-1e69ada1a1324165b90744787b11bf9c,candidate,1,1,r039,465aba40aeff43f68e362d37f102e2178ab71d65fb90a666b41011b524868280,4,7,False,True,SUCCEEDED,False,CDVDM,D,"[35, 151645]",37592fe3651543d94183a436ef06ec6508efb645759b94c67db50e7cd9175dfd,92,70,22,1754.94,650.288,2,145117258858,142691994112,2425264746,144472612826,643,4573e23525359a140f1fd3e86755d7e2bc5f7ae6466e0fc9bb953e1c78d19980,229,34224,CERTIFIED_SLICE
h3-large-reuse24,qwen2.5-14b-instruct-fp16-v1,slice-versus-full-cache-v1,record-reuse,24,940129,confirmation,MEASUREMENT,attempt-1e69ada1a1324165b90744787b11bf9c,candidate,1,1,r040,ce6da994793097e8265f857fad5e4e835b9ff468e4bbf067e735e140b309694e,5,0,True,True,SUCCEEDED,False,CMHPA,C,"[34, 151645]",7db6acc5390b5f44f5422873dc76097f099b5296f491e22cd390d5273f5ab332,90,70,20,1620.909,624.114,2,147976177766,145707134206,2269043560,147342497324,643,2f61e4d2cc043827a92071488a37547279a32a5439f0c6d45f985c110eb6a0da,229,35135,CERTIFIED_SLICE
h3-large-reuse24,qwen2.5-14b-instruct-fp16-v1,slice-versus-full-cache-v1,record-reuse,24,940129,confirmation,MEASUREMENT,attempt-1e69ada1a1324165b90744787b11bf9c,candidate,1,1,r041,ce6da994793097e8265f857fad5e4e835b9ff468e4bbf067e735e140b309694e,5,1,False,True,SUCCEEDED,False,CYWXU,C,"[34, 151645]",3079cd9b63eadf5e8672659896f89d83474b86ae0a2c455e7935c48b624b44eb,92,70,22,1747.518,632.869,2,151118251305,148712067201,2406184104,150505805710,643,a5029ad07815708fc1499c63bea6d636ab16e870fe1473296740630041efc10d,229,32851,CERTIFIED_SLICE
h3-large-reuse24,qwen2.5-14b-instruct-fp16-v1,slice-versus-full-cache-v1,record-reuse,24,940129,confirmation,MEASUREMENT,attempt-1e69ada1a1324165b90744787b11bf9c,candidate,1,1,r042,ce6da994793097e8265f857fad5e4e835b9ff468e4bbf067e735e140b309694e,5,2,False,True,SUCCEEDED,True,CRAHS,CRAHS,"[34, 5609, 11961, 151645]",d3dafc31911dae06933f597b974ff80951829dc5ea11f17b223485bb03d3c760,89,70,19,1530.913,1903.247,4,155229135339,151770887214,3458248125,153323794168,643,7e44b067a1f2cc57694e7d9b1d10690ea825c0f6f0f512bce39cce754ac44b90,229,33161,CERTIFIED_SLICE
h3-large-reuse24,qwen2.5-14b-instruct-fp16-v1,slice-versus-full-cache-v1,record-reuse,24,940129,confirmation,MEASUREMENT,attempt-1e69ada1a1324165b90744787b11bf9c,candidate,1,1,r043,ce6da994793097e8265f857fad5e4e835b9ff468e4bbf067e735e140b309694e,5,3,False,True,SUCCEEDED,False,CHJDO,C,"[34, 151645]",9ac9b550b37d965326ba1eb1a95aadba64f2eab90baaf16d284c2b23bdab41b7,92,70,22,1749.047,623.948,2,158121185062,155736081534,2385103528,157506139541,643,6b432f28966f7d1e0e2277d4f120ffa0eacaaab3453edd5013ff3bd7f2a12728,229,34314,CERTIFIED_SLICE
h3-large-reuse24,qwen2.5-14b-instruct-fp16-v1,slice-versus-full-cache-v1,record-reuse,24,940129,confirmation,MEASUREMENT,attempt-1e69ada1a1324165b90744787b11bf9c,candidate,1,1,r044,ce6da994793097e8265f857fad5e4e835b9ff468e4bbf067e735e140b309694e,5,4,False,True,SUCCEEDED,True,CSRBI,CSRBI,"[70022, 8598, 151645]",090c4c1bbd6c9ab62f47dc8458847333666db774b03074a1e6bc40da7773f3e3,91,70,21,1675.537,1248.146,3,161703408033,158754100251,2949307782,160450933109,643,5e1df64bd03c81bb66609589f95976569aaf3e87ec678d4d546fbbe5ad52bb31,229,34364,CERTIFIED_SLICE
h3-large-reuse24,qwen2.5-14b-instruct-fp16-v1,slice-versus-full-cache-v1,record-reuse,24,940129,confirmation,MEASUREMENT,attempt-1e69ada1a1324165b90744787b11bf9c,candidate,1,1,r045,ce6da994793097e8265f857fad5e4e835b9ff468e4bbf067e735e140b309694e,5,5,False,True,SUCCEEDED,False,CWUXI,C,"[34, 151645]",eb678e4e1d3f6c043c21346f1f68e3a0b5a627fddcee920681205cee8dbd44c6,92,70,22,1752.281,627.073,2,164197116928,161793567681,2403549247,163563208672,643,4547d7de1ebf1002599935e192dbf6be72b61a26ccded471b04fcdc73e1662d6,229,35666,CERTIFIED_SLICE
h3-large-reuse24,qwen2.5-14b-instruct-fp16-v1,slice-versus-full-cache-v1,record-reuse,24,940129,confirmation,MEASUREMENT,attempt-1e69ada1a1324165b90744787b11bf9c,candidate,1,1,r046,ce6da994793097e8265f857fad5e4e835b9ff468e4bbf067e735e140b309694e,5,6,False,True,SUCCEEDED,True,CZZMK,CZZMK,"[34, 33536, 44140, 151645]",611d7afc5fe854aed313c7c5614803253a42da26246d0f68c8c91acada774a31,92,70,22,1748.752,1871.585,4,168391502048,164759490918,3632011130,166532498690,643,251713514f46617cd01fd3fc41ddbcdcff311b143d4dd49505863c884165e9b8,229,34124,CERTIFIED_SLICE
h3-large-reuse24,qwen2.5-14b-instruct-fp16-v1,slice-versus-full-cache-v1,record-reuse,24,940129,confirmation,MEASUREMENT,attempt-1e69ada1a1324165b90744787b11bf9c,candidate,1,1,r047,ce6da994793097e8265f857fad5e4e835b9ff468e4bbf067e735e140b309694e,5,7,False,True,SUCCEEDED,False,CBARL,C,"[34, 151645]",b958c265f8c267768471667ed8f93ab037fc7f746faa00b560ea173c17c1e37f,92,70,22,1756.538,626.2,2,171168573163,168762665611,2405907552,170541707633,643,f4d9f141155f66bc5e231de48f8e89a5bf73992ccd3c616d46770733b6bf217f,229,33472,CERTIFIED_SLICE
h3-large-reuse24,qwen2.5-14b-instruct-fp16-v1,slice-versus-full-cache-v1,record-reuse,24,940129,confirmation,MEASUREMENT,attempt-1e69ada1a1324165b90744787b11bf9c,candidate,1,1,r048,31c273a31cd186f5a8a683fcd5738d3b6ca032eb15fcf924351121440bf92fa2,6,0,True,True,SUCCEEDED,False,CFPEJ,F,"[37, 151645]",d8797311f6ab58822119e150c35851bc0cce569cc9bed3015d21ee16fc47b796,92,70,22,1747.224,649.26,2,174197195267,171775868313,2421326954,173537688442,643,0ce4427f285f6c99e3f6475ead8af1fb01f52ac04b77f5d403ad4f11b605c3ee,229,34303,CERTIFIED_SLICE
h3-large-reuse24,qwen2.5-14b-instruct-fp16-v1,slice-versus-full-cache-v1,record-reuse,24,940129,confirmation,MEASUREMENT,attempt-1e69ada1a1324165b90744787b11bf9c,candidate,1,1,r049,31c273a31cd186f5a8a683fcd5738d3b6ca032eb15fcf924351121440bf92fa2,6,1,False,True,SUCCEEDED,True,CQWEV,CQWEV,"[34, 48, 12457, 53, 151645]",8659f23452ab2a7c8ab3978e74ba24da2c7db5664a26f1c12e02ffdc3282d221,93,70,23,1817.966,2503.815,5,179151654312,174805751170,4345903142,176645891913,643,ed6b22b83a949ca46961f3aba1bdd25afd2c51ee0f4b742089e05f7dba1d30b5,229,33542,CERTIFIED_SLICE
h3-large-reuse24,qwen2.5-14b-instruct-fp16-v1,slice-versus-full-cache-v1,record-reuse,24,940129,confirmation,MEASUREMENT,attempt-1e69ada1a1324165b90744787b11bf9c,candidate,1,1,r050,31c273a31cd186f5a8a683fcd5738d3b6ca032eb15fcf924351121440bf92fa2,6,2,False,True,SUCCEEDED,False,CHRWQ,C,"[34, 151645]",454ac86f9600cedceed43fc51558d97ba78f4e98c7737acacfa89fd6480c6c21,92,70,22,2192.589,783.626,2,182810288697,179810672979,2999615718,182016135833,643,fcf8aec58a502f3935e9c900a6f95111f318c8dada559032cd3d058170d0ca56,229,33041,CERTIFIED_SLICE
h3-large-reuse24,qwen2.5-14b-instruct-fp16-v1,slice-versus-full-cache-v1,record-reuse,24,940129,confirmation,MEASUREMENT,attempt-1e69ada1a1324165b90744787b11bf9c,candidate,1,1,r051,31c273a31cd186f5a8a683fcd5738d3b6ca032eb15fcf924351121440bf92fa2,6,3,False,True,SUCCEEDED,True,CPTND,CPTND,"[34, 2828, 8065, 151645]",518b033c442e6c03db3074bac751ed8ee71486fb06839c6b89bef81c9f60296a,90,70,20,3936.899,1995.886,4,190208861176,184261922087,5946939089,188275872516,643,f66abecec89295c0ef8572bc9ceab2bd2d98dc8cc6028a17ef4f0a21d8473ac5,229,33392,CERTIFIED_SLICE
h3-large-reuse24,qwen2.5-14b-instruct-fp16-v1,slice-versus-full-cache-v1,record-reuse,24,940129,confirmation,MEASUREMENT,attempt-1e69ada1a1324165b90744787b11bf9c,candidate,1,1,r052,31c273a31cd186f5a8a683fcd5738d3b6ca032eb15fcf924351121440bf92fa2,6,4,False,True,SUCCEEDED,True,CBYGB,CBYGB,"[34, 19912, 5381, 151645]",509188fde736fda3c4be2dd6d55304f0dc816b38901de4fd75df66acd50d9cb3,92,70,22,1804.289,2086.429,4,194151240513,190213799780,3937440733,192072379930,643,1872676294de46d2ffedc4713e5cd1e6013d8c56d07aae21fc59ae2d99a6165a,229,34384,CERTIFIED_SLICE
h3-large-reuse24,qwen2.5-14b-instruct-fp16-v1,slice-versus-full-cache-v1,record-reuse,24,940129,confirmation,MEASUREMENT,attempt-1e69ada1a1324165b90744787b11bf9c,candidate,1,1,r053,31c273a31cd186f5a8a683fcd5738d3b6ca032eb15fcf924351121440bf92fa2,6,5,False,True,SUCCEEDED,True,CQCIC,CQCIC,"[34, 61042, 1317, 151645]",9c6d749e539a9ab6545023c35cc2951fc79cb8722f0e44ba771738945733abbe,92,70,22,2202.928,5736.279,4,202243491429,194277029252,7966462177,196514849623,643,4d472bf2c746443a728d87df4012486f9e71772438978abd1d34cf27965ab367,229,39924,CERTIFIED_SLICE
h3-large-reuse24,qwen2.5-14b-instruct-fp16-v1,slice-versus-full-cache-v1,record-reuse,24,940129,confirmation,MEASUREMENT,attempt-1e69ada1a1324165b90744787b11bf9c,candidate,1,1,r054,31c273a31cd186f5a8a683fcd5738d3b6ca032eb15fcf924351121440bf92fa2,6,6,False,True,SUCCEEDED,True,CLOHE,CLOHE,"[34, 1593, 1799, 151645]",798d232276fcc4fa71857f5213599a2309c1bd6bf2809cea28c922c4473bdaf9,90,70,20,2045.624,2124.404,4,207900202723,203704552059,4195650664,205776362272,643,783b72b430578947eb0d791b7fa138dc3d02c5bd1de376cb326f2c04ab20cc1e,229,32561,CERTIFIED_SLICE
h3-large-reuse24,qwen2.5-14b-instruct-fp16-v1,slice-versus-full-cache-v1,record-reuse,24,940129,confirmation,MEASUREMENT,attempt-1e69ada1a1324165b90744787b11bf9c,candidate,1,1,r055,31c273a31cd186f5a8a683fcd5738d3b6ca032eb15fcf924351121440bf92fa2,6,7,False,True,SUCCEEDED,False,CAMWX,C,"[34, 151645]",76c1019f39209c58c7ac8c7fe59837c755368d265987188d24cea1145c9cccb5,91,70,21,1767.1,720.9,2,210701158230,208206371160,2494787070,210004333243,643,2f0578a16c15102d8c3bf3b45d2898d16c85fd0ec6408b19e37698b18fe8e926,229,33012,CERTIFIED_SLICE
h3-large-reuse24,qwen2.5-14b-instruct-fp16-v1,slice-versus-full-cache-v1,record-reuse,24,940129,confirmation,MEASUREMENT,attempt-1e69ada1a1324165b90744787b11bf9c,candidate,1,1,r056,ce463ecae5f51b8506fc3a430b267bad026cb4a2f4a1a80ab72faeb6f40b2987,7,0,True,True,SUCCEEDED,True,CHKEZ,CHKEZ,"[2149, 3390, 57, 151645]",d76b9a42b4b5af3bd88ae948298556cff9bf25bebeec890ab8bbe09259c87efd,92,70,22,1877.618,2093.182,4,215179172897,211184036892,3995136005,213082811733,643,4a414c4ca4f5b1ed344a71118d8e4c4f0fad6695e3505513a2d76c68da4e3c9b,229,32871,CERTIFIED_SLICE
h3-large-reuse24,qwen2.5-14b-instruct-fp16-v1,slice-versus-full-cache-v1,record-reuse,24,940129,confirmation,MEASUREMENT,attempt-1e69ada1a1324165b90744787b11bf9c,candidate,1,1,r057,ce463ecae5f51b8506fc3a430b267bad026cb4a2f4a1a80ab72faeb6f40b2987,7,1,False,True,SUCCEEDED,True,CAXSG,CAXSG,"[34, 2954, 7783, 151645]",25ea91f0c76e098099b7ee04b8538debebfca0c19627b23d5b5b0daab55f8280,92,70,22,1839.038,1946.268,4,219037580421,215227737291,3809843130,217097850115,643,ec9cb18ca4089cbd5f0fccb41dcefbc3404667807f8fb517b33e5645619527b6,229,35576,CERTIFIED_SLICE
h3-large-reuse24,qwen2.5-14b-instruct-fp16-v1,slice-versus-full-cache-v1,record-reuse,24,940129,confirmation,MEASUREMENT,attempt-1e69ada1a1324165b90744787b11bf9c,candidate,1,1,r058,ce463ecae5f51b8506fc3a430b267bad026cb4a2f4a1a80ab72faeb6f40b2987,7,2,False,True,SUCCEEDED,False,CFHFV,C,"[34, 151645]",1359c1333f4c7ea8eb5b57877fa99cb8a7b27c13fd7da328158ede3ff299eeb6,92,70,22,2108.881,782.413,2,222115459506,219198314179,2917145327,221376349473,643,c4c7d93c1990902125f2651b0d58f78868e89900cc83fb686f73fd48968001d1,229,37279,CERTIFIED_SLICE
h3-large-reuse24,qwen2.5-14b-instruct-fp16-v1,slice-versus-full-cache-v1,record-reuse,24,940129,confirmation,MEASUREMENT,attempt-1e69ada1a1324165b90744787b11bf9c,candidate,1,1,r059,ce463ecae5f51b8506fc3a430b267bad026cb4a2f4a1a80ab72faeb6f40b2987,7,3,False,True,SUCCEEDED,True,CROQS,CROQS,"[34, 1285, 70810, 151645]",b4246a453f4351b0e16d84f68fa96e00529f64011b869971dfc340598cd18d65,92,70,22,1815.827,2443.838,4,227580953599,223295367204,4285586395,225140299787,643,cf9afe3d8e7f96e604fbd45a7d53f743e82e22baaa2c690a25a00970015b4c13,229,35406,CERTIFIED_SLICE
h3-large-reuse24,qwen2.5-14b-instruct-fp16-v1,slice-versus-full-cache-v1,record-reuse,24,940129,confirmation,MEASUREMENT,attempt-1e69ada1a1324165b90744787b11bf9c,candidate,1,1,r060,ce463ecae5f51b8506fc3a430b267bad026cb4a2f4a1a80ab72faeb6f40b2987,7,4,False,True,SUCCEEDED,False,CEZML,C,"[34, 151645]",4265917d6c5200d31c08f953270ff095e0ae05952360443c9eeae5a9f83b9d1a,92,70,22,1796.718,629.917,2,231227570167,228782985076,2444585091,230612886750,643,f442d5bb1c8552ed47d76cea879e13cdc025631a06f0167c1d34145c9b4c8b2d,229,36558,CERTIFIED_SLICE
h3-large-reuse24,qwen2.5-14b-instruct-fp16-v1,slice-versus-full-cache-v1,record-reuse,24,940129,confirmation,MEASUREMENT,attempt-1e69ada1a1324165b90744787b11bf9c,candidate,1,1,r061,ce463ecae5f51b8506fc3a430b267bad026cb4a2f4a1a80ab72faeb6f40b2987,7,5,False,True,SUCCEEDED,False,CRHIR,C,"[34, 151645]",8bc54d59823334f4b1f80cc25a8d04106c9fd46209e660ccbcf2701bd88d22b4,91,70,21,1695.392,624.179,2,234131317852,231785965469,2345352383,233503294600,643,c28dc826c8367b92c76e12a86f0e893eb4a7e49b3120100d18d6f1abfb1c9288,229,35936,CERTIFIED_SLICE
h3-large-reuse24,qwen2.5-14b-instruct-fp16-v1,slice-versus-full-cache-v1,record-reuse,24,940129,confirmation,MEASUREMENT,attempt-1e69ada1a1324165b90744787b11bf9c,candidate,1,1,r062,ce463ecae5f51b8506fc3a430b267bad026cb4a2f4a1a80ab72faeb6f40b2987,7,6,False,True,SUCCEEDED,True,CGLQI,CGLQI,"[34, 3825, 48, 40, 151645]",d19b99001059ba2f47bdb5839ed777ed0384c8a196059ffe8c698856a97fb106,93,70,23,1821.094,2524.277,5,239190257034,234821586627,4368670407,236663374133,643,76a7a247456e607735e44257db3808465471c26a07434d5d1cd66802329fefd1,229,35637,CERTIFIED_SLICE
h3-large-reuse24,qwen2.5-14b-instruct-fp16-v1,slice-versus-full-cache-v1,record-reuse,24,940129,confirmation,MEASUREMENT,attempt-1e69ada1a1324165b90744787b11bf9c,candidate,1,1,r063,ce463ecae5f51b8506fc3a430b267bad026cb4a2f4a1a80ab72faeb6f40b2987,7,7,False,True,SUCCEEDED,False,CRBJR,C,"[34, 151645]",54ed153e61d75815a8e33c2859852579d5fa0b8cbeb0db87c62d9eca1bf9938c,92,70,22,1757.481,630.615,2,242249571238,239837301435,2412269803,241614602100,643,42256bc662484a2f8c12e715541c813b1acbc728a054bd8a3275ba5666f00a9d,229,34113,CERTIFIED_SLICE
h3-large-reuse24,qwen2.5-14b-instruct-fp16-v1,slice-versus-full-cache-v1,record-reuse,24,940129,confirmation,MEASUREMENT,attempt-1e69ada1a1324165b90744787b11bf9c,candidate,1,1,r064,56d9cfb76db81890e3f27be0447bd2a04a2fcdf8ac5ea1dc287b177c12fc4fcc,8,0,True,True,SUCCEEDED,False,CKWQP,C,"[34, 151645]",843a99f0f05c5ba26e9e402a4a1bff1e472174956b05052af921ea861e001235,90,70,20,1825.228,624.166,2,245297579169,242821226199,2476352970,244679476853,643,022dab25a87e4d8182adcd811fcc2c282898a5d5b5dbe26b2f6b76b45ca28260,229,34996,CERTIFIED_SLICE
h3-large-reuse24,qwen2.5-14b-instruct-fp16-v1,slice-versus-full-cache-v1,record-reuse,24,940129,confirmation,MEASUREMENT,attempt-1e69ada1a1324165b90744787b11bf9c,candidate,1,1,r065,56d9cfb76db81890e3f27be0447bd2a04a2fcdf8ac5ea1dc287b177c12fc4fcc,8,1,False,True,SUCCEEDED,False,CUEIE,C,"[34, 151645]",0346c93e97861ed9dbcda4bb6a1a5687f7a6c47afc3579fd741809b1c35e9d79,94,70,24,1893.752,623.238,2,248391819425,245851422343,2540397082,247768810454,643,e0c169e480aa663f4c84029ba059f859461f9adc71ba6023c80a1b615d26ceaf,229,35596,CERTIFIED_SLICE
h3-large-reuse24,qwen2.5-14b-instruct-fp16-v1,slice-versus-full-cache-v1,record-reuse,24,940129,confirmation,MEASUREMENT,attempt-1e69ada1a1324165b90744787b11bf9c,candidate,1,1,r066,56d9cfb76db81890e3f27be0447bd2a04a2fcdf8ac5ea1dc287b177c12fc4fcc,8,2,False,True,SUCCEEDED,False,CRYRU,C,"[34, 151645]",fcfef07aa8b16cd0017b618962a2b9943046cd5a2e06d9f6e329c02d661ba4b3,94,71,23,1823.731,623.821,2,251330612107,248859209064,2471403043,250697014364,643,60b9088e6e08f62247d2f06f28246eb936c351a0b4e48c58348e953aa815a9d7,229,39604,CERTIFIED_SLICE
h3-large-reuse24,qwen2.5-14b-instruct-fp16-v1,slice-versus-full-cache-v1,record-reuse,24,940129,confirmation,MEASUREMENT,attempt-1e69ada1a1324165b90744787b11bf9c,candidate,1,1,r067,56d9cfb76db81890e3f27be0447bd2a04a2fcdf8ac5ea1dc287b177c12fc4fcc,8,3,False,True,SUCCEEDED,False,CYVDC,C,"[34, 151645]",6cc0ebb5f7e652c201d0e1b299ff3c403059220df20cfd9200b6cb48cfe2198b,92,70,22,1751.659,624.789,2,254269345088,251868928695,2400416393,253652597449,643,1c723ed5b0e7d5a961b24b0c42f59c2b787a17a8db4f9fa41044cd174f7ebf66,229,34053,CERTIFIED_SLICE
h3-large-reuse24,qwen2.5-14b-instruct-fp16-v1,slice-versus-full-cache-v1,record-reuse,24,940129,confirmation,MEASUREMENT,attempt-1e69ada1a1324165b90744787b11bf9c,candidate,1,1,r068,56d9cfb76db81890e3f27be0447bd2a04a2fcdf8ac5ea1dc287b177c12fc4fcc,8,4,False,True,SUCCEEDED,False,CLZEF,C,"[34, 151645]",c35f60c63f9b56fe94e8ddcdce581f61b8df2403014ceaad0c9dcf3496cb38e3,92,70,22,1749.91,647.03,2,257270365488,254858665242,2411700246,256639803705,643,6653be220686e1ebf24c1ddbe94ab9d577626c9047466954209646505fe07e58,229,33723,CERTIFIED_SLICE
h3-large-reuse24,qwen2.5-14b-instruct-fp16-v1,slice-versus-full-cache-v1,record-reuse,24,940129,confirmation,MEASUREMENT,attempt-1e69ada1a1324165b90744787b11bf9c,candidate,1,1,r069,56d9cfb76db81890e3f27be0447bd2a04a2fcdf8ac5ea1dc287b177c12fc4fcc,8,5,False,True,SUCCEEDED,False,CGUYW,C,"[34, 151645]",fdfd541f5d5e3e44ce52c6d5478273f437252c230b1fb6c280c412f8974a9351,92,70,22,1749.329,653.601,2,260312525719,257893289652,2419236067,259663358420,643,08e2ac5453e0d64533b6918fb173705e59e12b031be698b6ff9ac5652ab99312,229,34695,CERTIFIED_SLICE
h3-large-reuse24,qwen2.5-14b-instruct-fp16-v1,slice-versus-full-cache-v1,record-reuse,24,940129,confirmation,MEASUREMENT,attempt-1e69ada1a1324165b90744787b11bf9c,candidate,1,1,r070,56d9cfb76db81890e3f27be0447bd2a04a2fcdf8ac5ea1dc287b177c12fc4fcc,8,6,False,True,SUCCEEDED,False,CGQBF,C,"[34, 151645]",fff98544d38f5de72e11894b376acd4744722c33f34c4fb89217f29ac72d0302,92,70,22,1881.392,695.692,2,263532134428,260929854808,2602279620,262841591560,643,c0e924fda9771bec5fd5a725e7faa08a11eeed616f75782c8782b9fff869cb7f,229,33772,CERTIFIED_SLICE
h3-large-reuse24,qwen2.5-14b-instruct-fp16-v1,slice-versus-full-cache-v1,record-reuse,24,940129,confirmation,MEASUREMENT,attempt-1e69ada1a1324165b90744787b11bf9c,candidate,1,1,r071,56d9cfb76db81890e3f27be0447bd2a04a2fcdf8ac5ea1dc287b177c12fc4fcc,8,7,False,True,SUCCEEDED,True,CYAND,CYAND,"[34525, 3976, 151645]",507e195fb07c7d10e728a1b09e879476da012b91086f07c9ba02dbba04f3ee87,91,70,21,1745.774,1249.43,3,266949318447,263930076224,3019242223,265688085798,643,070fa72212066672e37b047b431f2bbbe08893cd08282b48e9189d5045f26841,229,35035,CERTIFIED_SLICE
h3-large-reuse24,qwen2.5-14b-instruct-fp16-v1,slice-versus-full-cache-v1,record-reuse,24,940129,confirmation,MEASUREMENT,attempt-1e69ada1a1324165b90744787b11bf9c,candidate,1,1,r072,7dfce28e2c90ec4cf02b6faa00cc10bfbe877bc0128c2dc426154a4072defced,9,0,True,True,SUCCEEDED,False,CZRYR,C,"[34, 151645]",a5e17693430a61e3d1198ff4e2963c7768727545a9dd61bbad526efb45a4e059,92,71,21,1691.506,624.534,2,269304851084,266963919824,2340931260,268678776467,643,8c62b6a1214c115701729666f0edd2d62ba484c3ae1036feaaf5b71949c8c2fe,229,33131,CERTIFIED_SLICE
h3-large-reuse24,qwen2.5-14b-instruct-fp16-v1,slice-versus-full-cache-v1,record-reuse,24,940129,confirmation,MEASUREMENT,attempt-1e69ada1a1324165b90744787b11bf9c,candidate,1,1,r073,7dfce28e2c90ec4cf02b6faa00cc10bfbe877bc0128c2dc426154a4072defced,9,1,False,True,SUCCEEDED,False,CSOMH,C,"[34, 151645]",a5b24c8482dc2e6476099a7ecfe20a4c28b425810de6bc8fab2a6c03bc377d66,92,70,22,1760.757,624.198,2,272330462460,269922206412,2408256048,271702990006,643,6eda43ed70ef5f5306de23efb983e3a57fad07553a43758580b2e1d820a156fb,229,33002,CERTIFIED_SLICE
h3-large-reuse24,qwen2.5-14b-instruct-fp16-v1,slice-versus-full-cache-v1,record-reuse,24,940129,confirmation,MEASUREMENT,attempt-1e69ada1a1324165b90744787b11bf9c,candidate,1,1,r074,7dfce28e2c90ec4cf02b6faa00cc10bfbe877bc0128c2dc426154a4072defced,9,2,False,True,SUCCEEDED,True,CJFCT,CJFCT,"[34, 41, 37, 1162, 151645]",c543aa059954e81323d3c28e7e05e49a42591f7558105548e6343d21a3865beb,92,70,22,1754.36,2522.031,5,277219043698,272918616407,4300427291,274700034420,643,a7a130a3d07333c5ef62caee8d55e7530bdccd5f4853fd1cfcd836739244a6de,229,33212,CERTIFIED_SLICE
h3-large-reuse24,qwen2.5-14b-instruct-fp16-v1,slice-versus-full-cache-v1,record-reuse,24,940129,confirmation,MEASUREMENT,attempt-1e69ada1a1324165b90744787b11bf9c,candidate,1,1,r075,7dfce28e2c90ec4cf02b6faa00cc10bfbe877bc0128c2dc426154a4072defced,9,3,False,True,SUCCEEDED,True,CKROV,CKROV,"[3021, 1285, 53, 151645]",3e20f50d4e88e7e582c14175e359a07d4af017c5bb2192eef6e04d17ce516541,94,70,24,1884.14,1880.443,4,281716780635,277932273995,3784506640,279840905768,643,fa891a3ea2ad037ae6effe67c0da4e623811fb8dc55a8f211faf3c93a5830c3e,229,33963,CERTIFIED_SLICE
h3-large-reuse24,qwen2.5-14b-instruct-fp16-v1,slice-versus-full-cache-v1,record-reuse,24,940129,confirmation,MEASUREMENT,attempt-1e69ada1a1324165b90744787b11bf9c,candidate,1,1,r076,7dfce28e2c90ec4cf02b6faa00cc10bfbe877bc0128c2dc426154a4072defced,9,4,False,True,SUCCEEDED,False,CTFPK,C,"[34, 151645]",9286a62740393da0c01c2a1f5c84e09cb1679fcce4240a404db743a53e89566e,92,70,22,1755.704,627.22,2,284347867293,281940970109,2406897184,283729105031,643,aff1bcd8ae83f96df4aa03f53d09f586983480dc38f2e7bab8a927efe9eee2f0,229,34935,CERTIFIED_SLICE
h3-large-reuse24,qwen2.5-14b-instruct-fp16-v1,slice-versus-full-cache-v1,record-reuse,24,940129,confirmation,MEASUREMENT,attempt-1e69ada1a1324165b90744787b11bf9c,candidate,1,1,r077,7dfce28e2c90ec4cf02b6faa00cc10bfbe877bc0128c2dc426154a4072defced,9,5,False,True,SUCCEEDED,False,CQUFR,C,"[34, 151645]",1ca5054127e2334943c76f4b948390da5680834070bfd5d9ac46b4fffabb0990,92,70,22,1759.704,626.207,2,287367768600,284962795101,2404973499,286756581372,643,5847c4364350cd9b84407cb8e3459e70ead8d0b108d145425627b2ee1b8389a7,229,34624,CERTIFIED_SLICE
h3-large-reuse24,qwen2.5-14b-instruct-fp16-v1,slice-versus-full-cache-v1,record-reuse,24,940129,confirmation,MEASUREMENT,attempt-1e69ada1a1324165b90744787b11bf9c,candidate,1,1,r078,7dfce28e2c90ec4cf02b6faa00cc10bfbe877bc0128c2dc426154a4072defced,9,6,False,True,SUCCEEDED,True,CVDZC,CVDZC,"[34, 12474, 57, 34, 151645]",497345f493266ea2d3d672dd7128939eec898ad965d1dedea83cd30860f42221,93,70,23,1841.253,2570.174,5,292387664948,287953084515,4434580433,289812812744,643,43a6cddf188ff7fe2d66ccaa7211b642c551863a4057ccfd49715751375179ea,229,39794,CERTIFIED_SLICE
h3-large-reuse24,qwen2.5-14b-instruct-fp16-v1,slice-versus-full-cache-v1,record-reuse,24,940129,confirmation,MEASUREMENT,attempt-1e69ada1a1324165b90744787b11bf9c,candidate,1,1,r079,7dfce28e2c90ec4cf02b6faa00cc10bfbe877bc0128c2dc426154a4072defced,9,7,False,True,SUCCEEDED,True,CUBFP,CUBFP,"[34, 4493, 11698, 151645]",032759855dd30fe2b6c2a7e08abde72839ce1b185ad0dba695dae88d5b37fac7,90,70,20,1619.622,1884.583,4,296479463463,292955215879,3524247584,294608391179,643,0cfccf528bcfc1388bbb7076cac955b09eda05c74e8fd2554942c21417baa143,229,33703,CERTIFIED_SLICE
h3-large-reuse24,qwen2.5-14b-instruct-fp16-v1,slice-versus-full-cache-v1,record-reuse,24,940129,confirmation,MEASUREMENT,attempt-1e69ada1a1324165b90744787b11bf9c,candidate,1,1,r080,b74e2f13ac0461af186d9e3d4ae5ae77a0a95f703d5ec928740df1bab8cf56d3,10,0,True,True,SUCCEEDED,True,CHQWC,CHQWC,"[2149, 48, 25459, 151645]",34a8b11c7ab92b0b94e61730f37a9ed4c6b327ad57ed653b038bdcc885ace1c3,92,70,22,1760.987,1881.099,4,300631980712,296966748734,3665231978,298754923139,643,3262c68f725a417aa60f30ce113b0c9637517111cf0aa9148e6b8f9e11eff702,229,33503,CERTIFIED_SLICE
h3-large-reuse24,qwen2.5-14b-instruct-fp16-v1,slice-versus-full-cache-v1,record-reuse,24,940129,confirmation,MEASUREMENT,attempt-1e69ada1a1324165b90744787b11bf9c,candidate,1,1,r081,b74e2f13ac0461af186d9e3d4ae5ae77a0a95f703d5ec928740df1bab8cf56d3,10,1,False,True,SUCCEEDED,False,CXGMH,C,"[34, 151645]",86ca31e63d38e773ae760d9b42e1a6e4842380f1f21227b3207d4b4ce439be93,92,71,21,1684.756,624.92,2,303571783300,301236641295,2335142005,302956186709,643,b6ce6e55cc167f869b6c7ae1285e8fb21d0ac636508ac0740115fd1da74ee513,229,33923,CERTIFIED_SLICE
h3-large-reuse24,qwen2.5-14b-instruct-fp16-v1,slice-versus-full-cache-v1,record-reuse,24,940129,confirmation,MEASUREMENT,attempt-1e69ada1a1324165b90744787b11bf9c,candidate,1,1,r082,b74e2f13ac0461af186d9e3d4ae5ae77a0a95f703d5ec928740df1bab8cf56d3,10,2,False,True,SUCCEEDED,True,CUWVD,CUWVD,"[16799, 54, 12474, 151645]",5999bb2649c1f91b6b1ff513e0e3a7d990bc8294145c0d0dfff3b9b4d305ca9b,92,70,22,1755.233,1885.876,4,307891466054,304227150427,3664315627,306005699851,643,d62896ccff8bd983dfe16a39657e1023dc8686c660258112e22b6d10b3c4046b,229,34574,CERTIFIED_SLICE
h3-large-reuse24,qwen2.5-14b-instruct-fp16-v1,slice-versus-full-cache-v1,record-reuse,24,940129,confirmation,MEASUREMENT,attempt-1e69ada1a1324165b90744787b11bf9c,candidate,1,1,r083,b74e2f13ac0461af186d9e3d4ae5ae77a0a95f703d5ec928740df1bab8cf56d3,10,3,False,True,SUCCEEDED,True,CPUEI,CPUEI,"[7123, 2230, 40, 151645]",941ba8c49d4e6f15ad6d86c4c386081c89a9fa798dee363b21a0be0a867f088d,92,70,22,1748.696,1989.465,4,311981697167,308233437898,3748259269,310004102572,643,3f6a3e63f13c0e47a90d1842db005e20859d06cc0b15c49fb64bc7b4f444ff3e,229,33863,CERTIFIED_SLICE
h3-large-reuse24,qwen2.5-14b-instruct-fp16-v1,slice-versus-full-cache-v1,record-reuse,24,940129,confirmation,MEASUREMENT,attempt-1e69ada1a1324165b90744787b11bf9c,candidate,1,1,r084,b74e2f13ac0461af186d9e3d4ae5ae77a0a95f703d5ec928740df1bab8cf56d3,10,4,False,True,SUCCEEDED,False,CCTRS,C,"[34, 151645]",56c55cc864c4fba5fec248ffefc9328e5c83d3ae344872944bfb60e1b7f5e4e7,89,70,19,1561.572,670.615,2,314558789252,312310310222,2248479030,313904660927,643,ccad43365038de58dc3784a8b0bcbc7a7d881964539441b9025ae549ef69ee7b,229,34734,CERTIFIED_SLICE
h3-large-reuse24,qwen2.5-14b-instruct-fp16-v1,slice-versus-full-cache-v1,record-reuse,24,940129,confirmation,MEASUREMENT,attempt-1e69ada1a1324165b90744787b11bf9c,candidate,1,1,r085,b74e2f13ac0461af186d9e3d4ae5ae77a0a95f703d5ec928740df1bab8cf56d3,10,5,False,True,SUCCEEDED,True,CBKDF,CBKDF,"[34, 88307, 5262, 151645]",479e9148c26eba319fa7be0deed67e79b502bc6577608ae12bc1c6d77fb00012,90,70,20,1644.84,1972.213,4,318861062432,315219812989,3641249443,316894902742,643,6c65ef9e03dde530e4aea54df16488642fcb46f462fc333a76d92ec59f13de96,229,32831,CERTIFIED_SLICE
h3-large-reuse24,qwen2.5-14b-instruct-fp16-v1,slice-versus-full-cache-v1,record-reuse,24,940129,confirmation,MEASUREMENT,attempt-1e69ada1a1324165b90744787b11bf9c,candidate,1,1,r086,b74e2f13ac0461af186d9e3d4ae5ae77a0a95f703d5ec928740df1bab8cf56d3,10,6,False,True,SUCCEEDED,True,CGNXX,CGNXX,"[34, 25167, 6148, 151645]",cce4765238c295c154e7cf82e2292c92b4fdc59e8e0ec0ccc22e4531ee7c00c8,92,70,22,1779.068,1998.217,4,323055525229,319258230611,3797294618,321065425863,643,c903982b4515cb8b049680c88538080382d8cdeb37145f16b056df5cb50b2b22,229,33934,CERTIFIED_SLICE
h3-large-reuse24,qwen2.5-14b-instruct-fp16-v1,slice-versus-full-cache-v1,record-reuse,24,940129,confirmation,MEASUREMENT,attempt-1e69ada1a1324165b90744787b11bf9c,candidate,1,1,r087,b74e2f13ac0461af186d9e3d4ae5ae77a0a95f703d5ec928740df1bab8cf56d3,10,7,False,True,SUCCEEDED,False,CACBD,B,"[33, 151645]",5e661291a6ae18ba515dbb29525c0a13ae4bfd8dd7838874a1fffe74471d2c1b,92,70,22,1777.744,658.855,2,325748597516,323298737716,2449859800,325106783228,643,421cc322f0bd466b4df0de195cdc7098256cd61239e34abb8666e96d43f11e35,229,33362,CERTIFIED_SLICE
h3-large-reuse24,qwen2.5-14b-instruct-fp16-v1,slice-versus-full-cache-v1,record-reuse,24,940129,confirmation,MEASUREMENT,attempt-1e69ada1a1324165b90744787b11bf9c,candidate,1,1,r088,5a349e401fff133aa08cf08ac9effdaaf2656297fb7ec4f69fd66df1d01f4756,11,0,True,True,SUCCEEDED,False,CGYZA,CGBKZ,"[34, 82194, 57, 151645]",fc399e9b23d45c2b5b10a7a5fa0edd8cf9ab8362154e5e57130f30b87166febe,92,70,22,1784.732,1991.27,4,330068743110,326275306209,3793436901,328087228362,643,da3e53c1b56b1746f9ea52ee37028aec9f3c906a27ee7a2205861c9d266b666e,229,32851,CERTIFIED_SLICE
h3-large-reuse24,qwen2.5-14b-instruct-fp16-v1,slice-versus-full-cache-v1,record-reuse,24,940129,confirmation,MEASUREMENT,attempt-1e69ada1a1324165b90744787b11bf9c,candidate,1,1,r089,5a349e401fff133aa08cf08ac9effdaaf2656297fb7ec4f69fd66df1d01f4756,11,1,False,True,SUCCEEDED,False,CZAFG,CWBVS,"[34, 52868, 26050, 151645]",029548700b58015a7121ba8eae73b515e4940d7a06b7c2e8deb0295fd62ce111,92,71,21,1696.821,1915.184,4,333928443216,330290082610,3638360606,332021546757,643,86e96deb390bd54c02133c345e68f8ef3983aff0c66cbfdb67fdc818e11b0de8,229,34835,CERTIFIED_SLICE
h3-large-reuse24,qwen2.5-14b-instruct-fp16-v1,slice-versus-full-cache-v1,record-reuse,24,940129,confirmation,MEASUREMENT,attempt-1e69ada1a1324165b90744787b11bf9c,candidate,1,1,r090,5a349e401fff133aa08cf08ac9effdaaf2656297fb7ec4f69fd66df1d01f4756,11,2,False,True,SUCCEEDED,False,CKOZB,C,"[34, 151645]",3af36dc776ad861116f385e02309f3ea6ccdae5455d4d6be00855399da032ce6,93,70,23,1835.496,629.936,2,336773480407,334295417530,2478062877,336148515622,643,eaeb8c0c0208e17fdd37e5f829cf69debe77f705e7bfa27105e7eb0fd55bbf2a,229,35617,CERTIFIED_SLICE
h3-large-reuse24,qwen2.5-14b-instruct-fp16-v1,slice-versus-full-cache-v1,record-reuse,24,940129,confirmation,MEASUREMENT,attempt-1e69ada1a1324165b90744787b11bf9c,candidate,1,1,r091,5a349e401fff133aa08cf08ac9effdaaf2656297fb7ec4f69fd66df1d01f4756,11,3,False,True,SUCCEEDED,False,CCWDX,C,"[34, 151645]",fe304cce19ba483f5c216a37eb24ee3f1c93afc5c794f052dcbd7cf55400c976,92,70,22,1763.979,630.276,2,339691950513,337284427437,2407523076,339074309975,643,9b69c294c25c70a3b1799af15430fb066882c6fac05732991509ccddbc308854,229,36107,CERTIFIED_SLICE
h3-large-reuse24,qwen2.5-14b-instruct-fp16-v1,slice-versus-full-cache-v1,record-reuse,24,940129,confirmation,MEASUREMENT,attempt-1e69ada1a1324165b90744787b11bf9c,candidate,1,1,r092,5a349e401fff133aa08cf08ac9effdaaf2656297fb7ec4f69fd66df1d01f4756,11,4,False,True,SUCCEEDED,False,CEMGY,C,"[34, 151645]",ed771b0e42b000e0847eb8d0bba15bafa0501464677825363df393f3bae54f96,92,70,22,1769.324,647.345,2,342723137798,340282179275,2440958523,342075461770,643,ad966d08b0a2b9d052ceaffa27cbe8c21fec3ecf4a012c573fd9f26fd6477829,229,34044,CERTIFIED_SLICE
h3-large-reuse24,qwen2.5-14b-instruct-fp16-v1,slice-versus-full-cache-v1,record-reuse,24,940129,confirmation,MEASUREMENT,attempt-1e69ada1a1324165b90744787b11bf9c,candidate,1,1,r093,5a349e401fff133aa08cf08ac9effdaaf2656297fb7ec4f69fd66df1d01f4756,11,5,False,True,SUCCEEDED,False,COFPW,C,"[34, 151645]",7387cdc4149c52a697979185918631d18e7f25c8a8ed78a1968571e05180f842,92,70,22,1759.584,643.297,2,345729428410,343302466690,2426961720,345082442393,643,04e1eb5f59508c213feae9ea30c80a6830fe6b715644095295f239c2de8f0d3b,229,35707,CERTIFIED_SLICE
h3-large-reuse24,qwen2.5-14b-instruct-fp16-v1,slice-versus-full-cache-v1,record-reuse,24,940129,confirmation,MEASUREMENT,attempt-1e69ada1a1324165b90744787b11bf9c,candidate,1,1,r094,5a349e401fff133aa08cf08ac9effdaaf2656297fb7ec4f69fd66df1d01f4756,11,6,False,True,SUCCEEDED,True,CIKRZ,CIKRZ,"[11237, 61884, 57, 151645]",d02ffd88f97eb3797a98e9a6462f4bcc5928cdda2a217484d150b323eb0a6778,94,70,24,1898.698,1908.121,4,350132692361,346307436307,3825256054,348227942108,643,9319c8be6d5d4f2f609cca268ebdf943a34139b16839ad21a1fb96766d564e2d,229,33822,CERTIFIED_SLICE
h3-large-reuse24,qwen2.5-14b-instruct-fp16-v1,slice-versus-full-cache-v1,record-reuse,24,940129,confirmation,MEASUREMENT,attempt-1e69ada1a1324165b90744787b11bf9c,candidate,1,1,r095,5a349e401fff133aa08cf08ac9effdaaf2656297fb7ec4f69fd66df1d01f4756,11,7,False,True,SUCCEEDED,True,CJPLA,CJPLA,"[34, 41, 2916, 32, 151645]",5940f6e262a9388bb97544a7e2cf12109059e0cfc56d5b9f9fc2de5ff7510f5c,92,70,22,1805.934,3005.109,5,355144338170,350319307519,4825030651,352148369656,643,897bce8c658aa021279767a1f8d5b01a9452732fcededadf73c1c0138cac3a60,229,35446,CERTIFIED_SLICE
h3-large-reuse24,qwen2.5-14b-instruct-fp16-v1,slice-versus-full-cache-v1,record-reuse,24,940129,confirmation,MEASUREMENT,attempt-1e69ada1a1324165b90744787b11bf9c,candidate,1,1,r096,edefefb0bcf5d7dd4f9b5205bc5c43ac53d77498099c84e68441a5f68437daf8,12,0,True,True,SUCCEEDED,True,CMJJQ,CMJJQ,"[9985, 63391, 48, 151645]",aba843beecade236b3e8cc0203dd708cc19bd46612adaaa029ab9e9dd2e121cf,92,70,22,1809.453,2005.781,4,359360056196,355523969750,3836086446,357347790088,643,8490d794a6f3139ba6d5c147946d566a7ba77063919a2b668f4c103bbe2cf774,229,36498,CERTIFIED_SLICE
h3-large-reuse24,qwen2.5-14b-instruct-fp16-v1,slice-versus-full-cache-v1,record-reuse,24,940129,confirmation,MEASUREMENT,attempt-1e69ada1a1324165b90744787b11bf9c,candidate,1,1,r097,edefefb0bcf5d7dd4f9b5205bc5c43ac53d77498099c84e68441a5f68437daf8,12,1,False,True,SUCCEEDED,True,CJPES,CJPES,"[34, 27188, 1570, 151645]",a4c92fc90f45d6e4fbebcd40045f56609446578a17aaba1a18fb465a9618840c,94,70,24,1913.354,1890.257,4,363290726373,359471377351,3819349022,361406095238,643,3c0a0954c2cd75f07adeb3c7c6af445ebe68f1eed106b4de228d0472582ce8eb,229,33603,CERTIFIED_SLICE
h3-large-reuse24,qwen2.5-14b-instruct-fp16-v1,slice-versus-full-cache-v1,record-reuse,24,940129,confirmation,MEASUREMENT,attempt-1e69ada1a1324165b90744787b11bf9c,candidate,1,1,r098,edefefb0bcf5d7dd4f9b5205bc5c43ac53d77498099c84e68441a5f68437daf8,12,2,False,True,SUCCEEDED,True,CPARE,CPARE,"[7123, 4477, 151645]",536f59282000e2a1ec7bb5c4368dfc310ee11ac371de41f149bf7fc59e98e3e9,93,70,23,1821.639,1245.905,3,366561522288,363470904051,3090618237,365312596463,643,871444be0a27224b81fce5ab17fcbfafcedf9dcd78f83a958332e2978348b608,229,39593,CERTIFIED_SLICE
h3-large-reuse24,qwen2.5-14b-instruct-fp16-v1,slice-versus-full-cache-v1,record-reuse,24,940129,confirmation,MEASUREMENT,attempt-1e69ada1a1324165b90744787b11bf9c,candidate,1,1,r099,edefefb0bcf5d7dd4f9b5205bc5c43ac53d77498099c84e68441a5f68437daf8,12,3,False,True,SUCCEEDED,True,CYFGU,CYFGU,"[34525, 12001, 52, 151645]",65c58fc096c10b1cca501cdecd7e1285931c00ab63f781b97576715862f0cb6e,92,70,22,1746.336,1875.969,4,371056788736,367419624422,3637164314,369187721256,643,7258bb07ac93fc7da8dffe7209595f08c293479ad9235ad55bb1fd9beb52b32d,229,41407,CERTIFIED_SLICE
h3-large-reuse24,qwen2.5-14b-instruct-fp16-v1,slice-versus-full-cache-v1,record-reuse,24,940129,confirmation,MEASUREMENT,attempt-1e69ada1a1324165b90744787b11bf9c,candidate,1,1,r100,edefefb0bcf5d7dd4f9b5205bc5c43ac53d77498099c84e68441a5f68437daf8,12,4,False,True,SUCCEEDED,True,CLUSN,CLUSN,"[37853, 45, 151645]",52eaa975c07369c75152a35b6573ebe07c395d3eb7df8d430353502a549d47c6,92,70,22,1752.889,1249.845,3,374490042520,371461998896,3028043624,373246183338,643,7f861e45ba05d36de92e59dda6694de093bed8a94ef796019c9a766fefe2e93f,229,34664,CERTIFIED_SLICE
h3-large-reuse24,qwen2.5-14b-instruct-fp16-v1,slice-versus-full-cache-v1,record-reuse,24,940129,confirmation,MEASUREMENT,attempt-1e69ada1a1324165b90744787b11bf9c,candidate,1,1,r101,edefefb0bcf5d7dd4f9b5205bc5c43ac53d77498099c84e68441a5f68437daf8,12,5,False,True,SUCCEEDED,True,CIAON,CIAON,"[34, 5863, 711, 151645]",08cbff8b99511bf009657e0c5c0861628ee1c4b974e70bead10a121c89860182,91,70,21,1679.36,1873.054,4,378084365432,374507973703,3576391729,376213761458,643,92ba87a527cb8e37902b15b6be8330794414c5323401025016efd89b57b85a59,229,33532,CERTIFIED_SLICE
h3-large-reuse24,qwen2.5-14b-instruct-fp16-v1,slice-versus-full-cache-v1,record-reuse,24,940129,confirmation,MEASUREMENT,attempt-1e69ada1a1324165b90744787b11bf9c,candidate,1,1,r102,edefefb0bcf5d7dd4f9b5205bc5c43ac53d77498099c84e68441a5f68437daf8,12,6,False,True,SUCCEEDED,True,CCRSL,CCRSL,"[34, 8973, 7984, 151645]",485918cee4cde80812525244dd2000f64657eaac83c5a75b7521ba8df525099e,92,70,22,1749.626,1937.586,4,382178342805,378466404674,3711938131,380248087749,643,21af11ec1b95f3a4136b8d34ce24d275fd578d7c9009331d94308fae7e9323a9,229,33492,CERTIFIED_SLICE
h3-large-reuse24,qwen2.5-14b-instruct-fp16-v1,slice-versus-full-cache-v1,record-reuse,24,940129,confirmation,MEASUREMENT,attempt-1e69ada1a1324165b90744787b11bf9c,candidate,1,1,r103,edefefb0bcf5d7dd4f9b5205bc5c43ac53d77498099c84e68441a5f68437daf8,12,7,False,True,SUCCEEDED,True,CTRLT,CTRLT,"[34440, 51, 151645]",0fda1113a2990eabf2c8e0436cc346ce992a476fd0b68ca3bf9339f2898c5902,89,70,19,1532.675,1247.417,3,385317593072,382514432832,2803160240,384069206499,643,ede482cf25e727d909bcb19e27eca8fbc4fe39b0a262602f6847d5a149fd1c31,229,33151,CERTIFIED_SLICE
h3-large-reuse24,qwen2.5-14b-instruct-fp16-v1,slice-versus-full-cache-v1,record-reuse,24,940129,confirmation,MEASUREMENT,attempt-1e69ada1a1324165b90744787b11bf9c,candidate,1,1,r104,c7aab0ddac869462273e075103bd0ef7393b6afd4edf83ad4c92dd6a7c739030,13,0,True,True,SUCCEEDED,False,CNWXK,C,"[34, 151645]",a98f6faaf5a84a50a1505e7cdab93d862d8d80134657a5455856ea922011b1d9,90,70,20,1613.893,623.63,2,387778204768,385516913344,2261291424,387153008523,643,de3d38118c7b5f0d839cadb697c66545626af4313ad52d972b5568dc163feb62,229,33712,CERTIFIED_SLICE
h3-large-reuse24,qwen2.5-14b-instruct-fp16-v1,slice-versus-full-cache-v1,record-reuse,24,940129,confirmation,MEASUREMENT,attempt-1e69ada1a1324165b90744787b11bf9c,candidate,1,1,r105,c7aab0ddac869462273e075103bd0ef7393b6afd4edf83ad4c92dd6a7c739030,13,1,False,True,SUCCEEDED,False,CYDCB,C,"[34, 151645]",5747eb3880181fd91ec02d42be28a71446446b85d3957258a42e3a583a200ab8,92,70,22,1746.32,624.419,2,390871172991,388488789319,2382383672,390268121487,643,8ddcb109454e01072ec8993d954e29f62e386224d2ee13ed05872b7ae19cee72,229,33292,CERTIFIED_SLICE
h3-large-reuse24,qwen2.5-14b-instruct-fp16-v1,slice-versus-full-cache-v1,record-reuse,24,940129,confirmation,MEASUREMENT,attempt-1e69ada1a1324165b90744787b11bf9c,candidate,1,1,r106,c7aab0ddac869462273e075103bd0ef7393b6afd4edf83ad4c92dd6a7c739030,13,2,False,True,SUCCEEDED,False,CSRYE,C,"[34, 151645]",f56f59a16a99bd6ba8f4290879812f1b76a01981b209b7e3719c2b0a076358c0,92,70,22,1746.311,623.245,2,393906393278,391512987860,2393405418,393282009933,643,a7c1b8b2838f8d3e6920ef4a29863583a2ae4bc18e719de4032a38f1934a0b8f,229,33863,CERTIFIED_SLICE
h3-large-reuse24,qwen2.5-14b-instruct-fp16-v1,slice-versus-full-cache-v1,record-reuse,24,940129,confirmation,MEASUREMENT,attempt-1e69ada1a1324165b90744787b11bf9c,candidate,1,1,r107,c7aab0ddac869462273e075103bd0ef7393b6afd4edf83ad4c92dd6a7c739030,13,3,False,True,SUCCEEDED,True,CCFHB,CCFHB,"[34, 9650, 30725, 151645]",ac7a917192a1b7a94883f2b19e01d01f7be9a98a694ac2c85b0bbeca716adb58,92,70,22,1770.746,1915.318,4,398235151633,394523589822,3711561811,396331912037,643,d345a01e195b13e8eab20336c5064d2d16f0edbb63d8c7995b9b0a6c73280a5f,229,35156,CERTIFIED_SLICE
h3-large-reuse24,qwen2.5-14b-instruct-fp16-v1,slice-versus-full-cache-v1,record-reuse,24,940129,confirmation,MEASUREMENT,attempt-1e69ada1a1324165b90744787b11bf9c,candidate,1,1,r108,c7aab0ddac869462273e075103bd0ef7393b6afd4edf83ad4c92dd6a7c739030,13,4,False,True,SUCCEEDED,True,CGVXQ,CGVXQ,"[8798, 53, 55, 48, 151645]",ac19f1a5ee868d90ced0f7c3b14878d614e989a0aa249d14527643cdacbadb90,93,70,23,1822.711,2492.846,5,402892629872,398554007632,4338622240,400404759304,643,d38121b195a01a8c1b7521ee8a33597fab66e0c73887687b4ad143647d11c37c,229,34214,CERTIFIED_SLICE
h3-large-reuse24,qwen2.5-14b-instruct-fp16-v1,slice-versus-full-cache-v1,record-reuse,24,940129,confirmation,MEASUREMENT,attempt-1e69ada1a1324165b90744787b11bf9c,candidate,1,1,r109,c7aab0ddac869462273e075103bd0ef7393b6afd4edf83ad4c92dd6a7c739030,13,5,False,True,SUCCEEDED,False,CTCIU,C,"[34, 151645]",7feb43e693a88201652e1639082c3acd40f4264f16ae44e1a49be3d9f70e22bd,90,70,20,1619.465,624.362,2,405783845654,403526226273,2257619381,405167362456,643,242150965e3bc149afaba70f44e5b44642fbf0f1f45c47212fc7b98ae2d4aec1,229,36478,CERTIFIED_SLICE
h3-large-reuse24,qwen2.5-14b-instruct-fp16-v1,slice-versus-full-cache-v1,record-reuse,24,940129,confirmation,MEASUREMENT,attempt-1e69ada1a1324165b90744787b11bf9c,candidate,1,1,r110,c7aab0ddac869462273e075103bd0ef7393b6afd4edf83ad4c92dd6a7c739030,13,6,False,True,SUCCEEDED,False,CBPRC,C,"[34, 151645]",31941678c0167ed9d631b37ad9aee6c3a3461e99ae027c6b46ca2c735c1c4494,94,70,24,1883.968,623.707,2,409066683442,406535106836,2531576606,408445603674,643,4ca807cdb8ed78563a955cf11326ab8061f0dd7b05b4ca9e7c382ed3be1c786b,229,37480,CERTIFIED_SLICE
h3-large-reuse24,qwen2.5-14b-instruct-fp16-v1,slice-versus-full-cache-v1,record-reuse,24,940129,confirmation,MEASUREMENT,attempt-1e69ada1a1324165b90744787b11bf9c,candidate,1,1,r111,c7aab0ddac869462273e075103bd0ef7393b6afd4edf83ad4c92dd6a7c739030,13,7,False,True,SUCCEEDED,True,CCTYS,CCTYS,"[34, 1162, 9394, 151645]",806360e60fb9b751ce0524aa7a6fac62530d87ba601c47a1bf7d97ab75c7b4c3,91,70,21,1686.229,1875.582,4,413137620890,409551078002,3586542888,411260552757,643,36051d32d379a6517de54645de2a27e659325db9c31f613ce849f7185c5d668d,229,39744,CERTIFIED_SLICE
h3-large-reuse24,qwen2.5-14b-instruct-fp16-v1,slice-versus-full-cache-v1,record-reuse,24,940129,confirmation,MEASUREMENT,attempt-1e69ada1a1324165b90744787b11bf9c,candidate,1,1,r112,8072f457b97eb28dfeab619075dbb71df9d5b884ad0d9061be00f5ea028355ea,14,0,True,True,SUCCEEDED,False,CYHRT,C,"[34, 151645]",c92926b85da58773263b7cc8fece6432bfb5a548f70bc6aeb6a009fe51e90ee0,92,70,22,1868.978,689.671,2,416123650861,413541965622,2581685239,415432262602,643,84acbbbebcd57e9b4de667d4329dd13091f7c8b8d74af296ea4fd367c384372a,229,42849,CERTIFIED_SLICE
h3-large-reuse24,qwen2.5-14b-instruct-fp16-v1,slice-versus-full-cache-v1,record-reuse,24,940129,confirmation,MEASUREMENT,attempt-1e69ada1a1324165b90744787b11bf9c,candidate,1,1,r113,8072f457b97eb28dfeab619075dbb71df9d5b884ad0d9061be00f5ea028355ea,14,1,False,True,SUCCEEDED,False,CEOMH,C,"[34, 151645]",b402c813c75f30b58292e273c59b36af6199bfa36079f5164d02baeeaf2d7960,92,70,22,1769.278,624.435,2,419013590532,416595934391,2417656141,418394870729,643,269fbfd4966045752d2f9aa68a408cd81c97bae199975398ac1ea94f2ead9ccf,229,33934,CERTIFIED_SLICE
h3-large-reuse24,qwen2.5-14b-instruct-fp16-v1,slice-versus-full-cache-v1,record-reuse,24,940129,confirmation,MEASUREMENT,attempt-1e69ada1a1324165b90744787b11bf9c,candidate,1,1,r114,8072f457b97eb28dfeab619075dbb71df9d5b884ad0d9061be00f5ea028355ea,14,2,False,True,SUCCEEDED,True,CZGJC,CZGJC,"[34, 57, 38, 58367, 151645]",10663823056dde3be00b8978e66eb185abbd4ae352e84ccd88550f0b38df4760,92,70,22,1750.697,2496.241,5,423827141897,419556981027,4270160870,421329057714,643,7a74b508cf4884b74a8e90d4e7c8325571671b7e271d5045d73bc589e0c9c77e,229,38692,CERTIFIED_SLICE
h3-large-reuse24,qwen2.5-14b-instruct-fp16-v1,slice-versus-full-cache-v1,record-reuse,24,940129,confirmation,MEASUREMENT,attempt-1e69ada1a1324165b90744787b11bf9c,candidate,1,1,r115,8072f457b97eb28dfeab619075dbb71df9d5b884ad0d9061be00f5ea028355ea,14,3,False,True,SUCCEEDED,True,CPNPW,CPNPW,"[7123, 26227, 54, 151645]",0bc2a490645ee9155f9b689aad8c9ec10e5042c9f73dee27534f14134a3676ee,92,70,22,1755.912,1875.216,4,428231026423,424575288152,3655738271,426361935550,643,efb01adde249fd29253741fc2b60489f4b485872a7c24fcc7e970781b0749321,229,37350,CERTIFIED_SLICE
h3-large-reuse24,qwen2.5-14b-instruct-fp16-v1,slice-versus-full-cache-v1,record-reuse,24,940129,confirmation,MEASUREMENT,attempt-1e69ada1a1324165b90744787b11bf9c,candidate,1,1,r116,8072f457b97eb28dfeab619075dbb71df9d5b884ad0d9061be00f5ea028355ea,14,4,False,True,SUCCEEDED,False,CGQIU,CWFCC,"[34, 32131, 3706, 151645]",be4e8dca119ee7f959f6c43b525384c9b370a29411649456ecdc7ec1c2726aed,92,70,22,1748.819,1873.428,4,432229763596,428574596526,3655167070,430350952364,643,40b85eff7aa016e70f565a7a3a178a0b94cbf4cd99cf9b539c6d742493aa98a3,229,36969,CERTIFIED_SLICE
h3-large-reuse24,qwen2.5-14b-instruct-fp16-v1,slice-versus-full-cache-v1,record-reuse,24,940129,confirmation,MEASUREMENT,attempt-1e69ada1a1324165b90744787b11bf9c,candidate,1,1,r117,8072f457b97eb28dfeab619075dbb71df9d5b884ad0d9061be00f5ea028355ea,14,5,False,True,SUCCEEDED,True,CMTLQ,CMTLQ,"[34, 8505, 43, 48, 151645]",86a0ebb5da90876b10a6b66d86a1690b219a6a5aba00099e37fc2948c13b268f,93,71,22,1747.849,2541.052,5,436917552958,432604593514,4312959444,434377206289,643,e1ba65c8a31b4b4f7cc493abf70c538fb98cef72dab08e95d8eb3905d287307c,229,34214,CERTIFIED_SLICE
h3-large-reuse24,qwen2.5-14b-instruct-fp16-v1,slice-versus-full-cache-v1,record-reuse,24,940129,confirmation,MEASUREMENT,attempt-1e69ada1a1324165b90744787b11bf9c,candidate,1,1,r118,8072f457b97eb28dfeab619075dbb71df9d5b884ad0d9061be00f5ea028355ea,14,6,False,True,SUCCEEDED,False,CCPBI,C,"[34, 151645]",5246de92c148c2f339d774dea2e1c544aebd57a5646531ccb4cb069744ab0c88,91,70,21,1680.004,625.279,2,439931286236,437601112622,2330173614,439313574827,643,0b523b50a80a1a436d323e992f7c3e5d1c9811719e1591d386d09d7143301940,229,33633,CERTIFIED_SLICE
h3-large-reuse24,qwen2.5-14b-instruct-fp16-v1,slice-versus-full-cache-v1,record-reuse,24,940129,confirmation,MEASUREMENT,attempt-1e69ada1a1324165b90744787b11bf9c,candidate,1,1,r119,8072f457b97eb28dfeab619075dbb71df9d5b884ad0d9061be00f5ea028355ea,14,7,False,True,SUCCEEDED,True,CSHDI,CSHDI,"[34, 8590, 17625, 151645]",bb63ffc068493ea33762131842aed0bb1ff5d07fe0943749460b925d8b651345,90,70,20,1614.367,1875.357,4,444123835840,440610059989,3513775851,442257916409,643,5f7bd1d1c0c6a804e4fe69b768a9d2e38b47a3c7f9535537369362fa9faf9f29,229,37018,CERTIFIED_SLICE
h3-large-reuse24,qwen2.5-14b-instruct-fp16-v1,slice-versus-full-cache-v1,record-reuse,24,940129,confirmation,MEASUREMENT,attempt-1e69ada1a1324165b90744787b11bf9c,candidate,1,1,r120,8f5d398b8c2e9af3d3281a2bd74b8562743308cf4e7ea1f1fed4a9810c4542b3,15,0,True,True,SUCCEEDED,False,CJUWD,C,"[34, 151645]",28e5a548b0f68bf9fbf56d7fa0a5a1b6c0d8aebf31e44f7b1552fc0619b157b6,92,70,22,1746.589,624.316,2,447028226399,444632717974,2395508425,446406653295,643,f25aeceeb49c3c77b9fa64d871b9302ac1527bd87c649dbbdde1ccb8235f8abd,229,34104,CERTIFIED_SLICE
h3-large-reuse24,qwen2.5-14b-instruct-fp16-v1,slice-versus-full-cache-v1,record-reuse,24,940129,confirmation,MEASUREMENT,attempt-1e69ada1a1324165b90744787b11bf9c,candidate,1,1,r121,8f5d398b8c2e9af3d3281a2bd74b8562743308cf4e7ea1f1fed4a9810c4542b3,15,1,False,True,SUCCEEDED,False,CVZBE,C,"[34, 151645]",93c92285c73ee164d0f4d34e27f1ce3218ba2aca72d4b54a521014ff95bad9e1,92,70,22,1747.05,644.623,2,450023541259,447608169792,2415371467,449376143888,643,b57fdf36271231edf891294caffe98ec3f48f63d1fe5482372106fb6df3afd59,229,34034,CERTIFIED_SLICE
h3-large-reuse24,qwen2.5-14b-instruct-fp16-v1,slice-versus-full-cache-v1,record-reuse,24,940129,confirmation,MEASUREMENT,attempt-1e69ada1a1324165b90744787b11bf9c,candidate,1,1,r122,8f5d398b8c2e9af3d3281a2bd74b8562743308cf4e7ea1f1fed4a9810c4542b3,15,2,False,True,SUCCEEDED,False,CJGIR,C,"[34, 151645]",0a1b6945fb878b047247b6a1bdb65ca0004de05c9edb0e680f5a49c03e501307,92,70,22,1767.764,655.958,2,453078661217,450643430054,2435231163,452438319033,643,feb84228a6e96c4319b90cb31eb71d3997c9a28557ca6504d0a96a8e2c043892,229,34354,CERTIFIED_SLICE
h3-large-reuse24,qwen2.5-14b-instruct-fp16-v1,slice-versus-full-cache-v1,record-reuse,24,940129,confirmation,MEASUREMENT,attempt-1e69ada1a1324165b90744787b11bf9c,candidate,1,1,r123,8f5d398b8c2e9af3d3281a2bd74b8562743308cf4e7ea1f1fed4a9810c4542b3,15,3,False,True,SUCCEEDED,False,CRGDH,CWBEG,"[34, 52868, 9376, 151645]",6687878a925df054043ad028d04f671f835543ece7b522579f4fd56bbabcaba8,92,70,22,1757.957,1873.373,4,457342649249,453687119776,3655529473,455475924652,643,299abd23598ae14c0a78ab564f0f356e1a2d6662aec0f4dae75b91257777490d,229,36147,CERTIFIED_SLICE
h3-large-reuse24,qwen2.5-14b-instruct-fp16-v1,slice-versus-full-cache-v1,record-reuse,24,940129,confirmation,MEASUREMENT,attempt-1e69ada1a1324165b90744787b11bf9c,candidate,1,1,r124,8f5d398b8c2e9af3d3281a2bd74b8562743308cf4e7ea1f1fed4a9810c4542b3,15,4,False,True,SUCCEEDED,False,CTSVU,C,"[34, 151645]",a3759f71055b3e817564b1757230f1640149c179346069a585027d2f2884e901,93,70,23,1818.751,624.844,2,460122297790,457653274897,2469022893,459495778807,643,ff5ca4459dc6de154f40b04ed6247baac98962c7fc57bf250b6d16b0ca491234,229,34745,CERTIFIED_SLICE
h3-large-reuse24,qwen2.5-14b-instruct-fp16-v1,slice-versus-full-cache-v1,record-reuse,24,940129,confirmation,MEASUREMENT,attempt-1e69ada1a1324165b90744787b11bf9c,candidate,1,1,r125,8f5d398b8c2e9af3d3281a2bd74b8562743308cf4e7ea1f1fed4a9810c4542b3,15,5,False,True,SUCCEEDED,True,CMCHW,CMCHW,"[9985, 2149, 54, 151645]",a10453ac1233682222ecd5ab5afba3762b4fca9e7e968ba274a2509df403784e,92,70,22,1759.551,1882.739,4,464313703176,460646120641,3667582535,462432062388,643,b950bdc762910fb2e4121ef3f3fdfb34d2a5eb35d125139eaa051f838b629ac2,229,33733,CERTIFIED_SLICE
h3-large-reuse24,qwen2.5-14b-instruct-fp16-v1,slice-versus-full-cache-v1,record-reuse,24,940129,confirmation,MEASUREMENT,attempt-1e69ada1a1324165b90744787b11bf9c,candidate,1,1,r126,8f5d398b8c2e9af3d3281a2bd74b8562743308cf4e7ea1f1fed4a9810c4542b3,15,6,False,True,SUCCEEDED,True,CGSNJ,CGSNJ,"[34, 16522, 86986, 151645]",20eb69392352640346c6ab7c56277145532bdfd716e98553dedd76fe22f39e6a,92,70,22,1753.678,1873.097,4,468314035102,464662253632,3651781470,466441989419,643,5b3b8212dc64a6cbdd94b59a81217193a55d06a6ab9e0df4b7e6198ff2f901bd,229,33582,CERTIFIED_SLICE
h3-large-reuse24,qwen2.5-14b-instruct-fp16-v1,slice-versus-full-cache-v1,record-reuse,24,940129,confirmation,MEASUREMENT,attempt-1e69ada1a1324165b90744787b11bf9c,candidate,1,1,r127,8f5d398b8c2e9af3d3281a2bd74b8562743308cf4e7ea1f1fed4a9810c4542b3,15,7,False,True,SUCCEEDED,False,CFKKM,C,"[34, 151645]",09d454aae901748bced64b4f07bcfd14261450e89aba36e420f70ab0fcbecd97,92,70,22,1747.657,626.56,2,471069256120,468664404838,2404851282,470441929056,643,c88bdf1d20bd1bb76e5e1af68f2534cde619f8a0990ed83a88da3bc0a8927d68,229,32941,CERTIFIED_SLICE
h3-large-reuse24,qwen2.5-14b-instruct-fp16-v1,slice-versus-full-cache-v1,record-reuse,24,940129,confirmation,MEASUREMENT,attempt-dc7d267e574b42378469341cd73667a4,baseline,1,1,r000,e2bbcf7fdcde8b11629d90c05f4882448617accadbe671b62961f35e85473931,0,0,True,True,SUCCEEDED,True,CLOTH,CLOTH,"[34, 1593, 3617, 151645]",788ef520e39794fca88a99cee3895e1f39664a7fee0c3ab48765522656138474,278,0,278,20886.036,1895.31,4,23628282820,823283797,22804999023,21738510724,643,95ab229aad631d13ffd5b08cbb36506b1a9660794f2011ed6d9c927f18a9fa4d,643,39383,IDENTITY
h3-large-reuse24,qwen2.5-14b-instruct-fp16-v1,slice-versus-full-cache-v1,record-reuse,24,940129,confirmation,MEASUREMENT,attempt-dc7d267e574b42378469341cd73667a4,baseline,1,1,r001,e2bbcf7fdcde8b11629d90c05f4882448617accadbe671b62961f35e85473931,0,1,False,True,SUCCEEDED,True,CQERS,CQERS,"[34, 48, 4321, 151645]",dcfacdb81f248db54ef96a44869270b1dabd62d5c6c8310ab02c66fab34ae57b,278,266,12,1060.334,1904.0,4,26965641638,23975368895,2990272743,25056235896,643,15b407d07db478933af53f9fba2f42db625139de79f5b1c376a3202e0d5c641f,643,11722,IDENTITY
h3-large-reuse24,qwen2.5-14b-instruct-fp16-v1,slice-versus-full-cache-v1,record-reuse,24,940129,confirmation,MEASUREMENT,attempt-dc7d267e574b42378469341cd73667a4,baseline,1,1,r002,e2bbcf7fdcde8b11629d90c05f4882448617accadbe671b62961f35e85473931,0,2,False,True,SUCCEEDED,False,CZDGI,M,"[44, 151645]",fed68538240390e6c8f00752c8d399476e62d6e84e90cd78420a530c5726f1e6,278,267,11,973.429,630.179,2,28932815322,27305691871,1627123451,28311943771,643,ed491892ecd440055f89d77b4d3bd2dcfa08bcfad66c5538aaaedf97394b42ef,643,11111,IDENTITY
h3-large-reuse24,qwen2.5-14b-instruct-fp16-v1,slice-versus-full-cache-v1,record-reuse,24,940129,confirmation,MEASUREMENT,attempt-dc7d267e574b42378469341cd73667a4,baseline,1,1,r003,e2bbcf7fdcde8b11629d90c05f4882448617accadbe671b62961f35e85473931,0,3,False,True,SUCCEEDED,True,COJDO,COJDO,"[8281, 41, 5865, 151645]",e03aa324f584fec84e3a4ba33b0ed2a93e6283d12fb83ebb4d6a16db7f82aefd,278,267,11,968.346,1887.499,4,32171316279,29292119075,2879197204,30277319595,643,3c26b8fb55d8e5d6e7e41576a3addc7c2a7ac0ec79abdea8de87d3da749badd4,643,12613,IDENTITY
h3-large-reuse24,qwen2.5-14b-instruct-fp16-v1,slice-versus-full-cache-v1,record-reuse,24,940129,confirmation,MEASUREMENT,attempt-dc7d267e574b42378469341cd73667a4,baseline,1,1,r004,e2bbcf7fdcde8b11629d90c05f4882448617accadbe671b62961f35e85473931,0,4,False,True,SUCCEEDED,False,CYEYZ,YEYZ,"[56, 36, 40209, 151645]",bf4c4aca34f51f0ed303b3a4cff9e9c1b4c5521c5de7b02574ad8c369b982619,279,266,13,1111.285,1899.432,4,35359925026,32328993716,3030931310,33471261961,643,197d603cadaf4bdf250c519cd2f35de45c2c1f0ac294125859e75f83511ede75,643,10619,IDENTITY
h3-large-reuse24,qwen2.5-14b-instruct-fp16-v1,slice-versus-full-cache-v1,record-reuse,24,940129,confirmation,MEASUREMENT,attempt-dc7d267e574b42378469341cd73667a4,baseline,1,1,r005,e2bbcf7fdcde8b11629d90c05f4882448617accadbe671b62961f35e85473931,0,5,False,True,SUCCEEDED,False,CDPLE,DPLE,"[35, 9515, 151645]",e07f2b170d479db6f415134775aaff11eb8b5d4b5e3b38b2b23ce8038742df9f,279,266,13,1120.663,1259.373,3,37783405768,35379426496,2403979272,36526181847,643,20133fe664ed5f322f48fa97a94a4c56d59dfc9f593da3c66329a681617614f3,643,10770,IDENTITY
h3-large-reuse24,qwen2.5-14b-instruct-fp16-v1,slice-versus-full-cache-v1,record-reuse,24,940129,confirmation,MEASUREMENT,attempt-dc7d267e574b42378469341cd73667a4,baseline,1,1,r006,e2bbcf7fdcde8b11629d90c05f4882448617accadbe671b62961f35e85473931,0,6,False,True,SUCCEEDED,False,CZSRO,CZEYZ,"[34, 52867, 40209, 151645]",e41e5e5f767000682921c7304c5bd31d8f1665835a0fc407c237469463699ac2,278,266,12,1043.439,2058.223,4,41438567699,38315375846,3123191853,39391300996,643,6e8616009c1ea00489e114b1db743596dbf3181c0d99a3599796be32ef0801cd,643,11251,IDENTITY
h3-large-reuse24,qwen2.5-14b-instruct-fp16-v1,slice-versus-full-cache-v1,record-reuse,24,940129,confirmation,MEASUREMENT,attempt-dc7d267e574b42378469341cd73667a4,baseline,1,1,r007,e2bbcf7fdcde8b11629d90c05f4882448617accadbe671b62961f35e85473931,0,7,False,True,SUCCEEDED,True,CGCND,CGCND,"[8798, 34, 8065, 151645]",3e7297c93a295e92b282495f036363d612874361f905ffddc7a5ce65b90e45f5,278,266,12,1050.583,1889.432,4,44416541222,41452353250,2964187972,42528930502,643,091b9f3bad44fffe877757da1b98ba32d8c64d4882bfb1c07cbf20d2ba9d188c,643,13134,IDENTITY
h3-large-reuse24,qwen2.5-14b-instruct-fp16-v1,slice-versus-full-cache-v1,record-reuse,24,940129,confirmation,MEASUREMENT,attempt-dc7d267e574b42378469341cd73667a4,baseline,1,1,r008,5a1ee5278b6015963dfae3285b51acf7892b79a0d9029eedd2291b9ef4f8aa2d,1,0,True,True,SUCCEEDED,False,CSKBE,S,"[50, 151645]",513e93d7e2cf863451d8e8db35613db70a40fee74f230d1f8c772b1e0620bc26,276,70,206,15550.472,629.756,2,60620552396,44431187352,16189365044,60052750028,643,2b1ffad0f3a92f5df01835e964e8cecca4359dde5d9dbd0dc4d500583c9617f3,643,11411,IDENTITY
h3-large-reuse24,qwen2.5-14b-instruct-fp16-v1,slice-versus-full-cache-v1,record-reuse,24,940129,confirmation,MEASUREMENT,attempt-dc7d267e574b42378469341cd73667a4,baseline,1,1,r009,5a1ee5278b6015963dfae3285b51acf7892b79a0d9029eedd2291b9ef4f8aa2d,1,1,False,True,SUCCEEDED,True,CRHWH,CRHWH,"[8973, 39, 19890, 151645]",9612c5255031ca5baec43a3521f8628b5f6bde8b9290691e2e929f18c53c0d20,276,264,12,1052.611,1921.655,4,64383895298,61385409366,2998485932,62460060109,643,09b956c9107b42490ec184110d5d565a3cc45e30b76b2531efdb1d5d8a2c2b03,643,10770,IDENTITY
h3-large-reuse24,qwen2.5-14b-instruct-fp16-v1,slice-versus-full-cache-v1,record-reuse,24,940129,confirmation,MEASUREMENT,attempt-dc7d267e574b42378469341cd73667a4,baseline,1,1,r010,5a1ee5278b6015963dfae3285b51acf7892b79a0d9029eedd2291b9ef4f8aa2d,1,2,False,True,SUCCEEDED,False,COMCC,MCCCCCC,"[44, 91443, 151645]",fd32aa2f6ff06fc1f996fe561a8d35ae5a62db61330a86a942cb5d6459d31d73,276,264,12,1039.304,1260.521,3,66768490447,64445120423,2323370024,65507379094,643,3186075e6e03bc1287aa92d1cdca4c70c44dc6444c4015fa42e726c67e8d3b5c,643,11221,IDENTITY
h3-large-reuse24,qwen2.5-14b-instruct-fp16-v1,slice-versus-full-cache-v1,record-reuse,24,940129,confirmation,MEASUREMENT,attempt-dc7d267e574b42378469341cd73667a4,baseline,1,1,r011,5a1ee5278b6015963dfae3285b51acf7892b79a0d9029eedd2291b9ef4f8aa2d,1,3,False,True,SUCCEEDED,True,COXXI,COXXI,"[8281, 6148, 40, 151645]",53a7d6c04103096f1da26cbd7ee252190ad6030f644e4cb7c0dbf448cdf376c0,276,264,12,1035.43,1892.855,4,70367859194,67414714048,2953145146,68480679685,643,22c3f85971c08a15fa1121e8bb49491b93272d151ee9ebafbdd1efd0af9fa376,643,11351,IDENTITY
h3-large-reuse24,qwen2.5-14b-instruct-fp16-v1,slice-versus-full-cache-v1,record-reuse,24,940129,confirmation,MEASUREMENT,attempt-dc7d267e574b42378469341cd73667a4,baseline,1,1,r012,5a1ee5278b6015963dfae3285b51acf7892b79a0d9029eedd2291b9ef4f8aa2d,1,4,False,True,SUCCEEDED,True,CKAEX,CKAEX,"[3021, 32, 3257, 151645]",c54aa9f9c21268af8ae4a8ea666b0f2cdce20ee11eacba69a5ef1a61685fc2a5,276,264,12,1037.932,1989.627,4,73493850008,70443054764,3050795244,71512657739,643,3f4f75f2eb8e4b1cef4e393ef2a751fa41762153fb714969936cad020c879860,643,10339,IDENTITY
h3-large-reuse24,qwen2.5-14b-instruct-fp16-v1,slice-versus-full-cache-v1,record-reuse,24,940129,confirmation,MEASUREMENT,attempt-dc7d267e574b42378469341cd73667a4,baseline,1,1,r013,5a1ee5278b6015963dfae3285b51acf7892b79a0d9029eedd2291b9ef4f8aa2d,1,5,False,True,SUCCEEDED,True,CDLRR,CDLRR,"[6484, 43, 8106, 151645]",c7b427e5ae26f234745bf0ee65822dd541c19b3030c51f70759a834462954e38,276,264,12,1096.886,2103.55,4,76728657042,73510922966,3217734076,74639135577,643,42e04a6014f00e7ff5251140474e0c1f5b6884ff68071b045dd7f6ca55dd8c4c,643,10699,IDENTITY
h3-large-reuse24,qwen2.5-14b-instruct-fp16-v1,slice-versus-full-cache-v1,record-reuse,24,940129,confirmation,MEASUREMENT,attempt-dc7d267e574b42378469341cd73667a4,baseline,1,1,r014,5a1ee5278b6015963dfae3285b51acf7892b79a0d9029eedd2291b9ef4f8aa2d,1,6,False,True,SUCCEEDED,True,CTHDY,CTHDY,"[1162, 19147, 56, 151645]",c42ff85516b472ee8e867c7b101b56c3aa1c224f1399b29b91d65638276d29d3,276,264,12,1060.585,1989.059,4,80486872368,77414817187,3072055181,78497741441,643,b602eb49cf0800c05f3bc3a217b0b27e62ba28b02ef103ed55d21dea013546b4,643,10820,IDENTITY
h3-large-reuse24,qwen2.5-14b-instruct-fp16-v1,slice-versus-full-cache-v1,record-reuse,24,940129,confirmation,MEASUREMENT,attempt-dc7d267e574b42378469341cd73667a4,baseline,1,1,r015,5a1ee5278b6015963dfae3285b51acf7892b79a0d9029eedd2291b9ef4f8aa2d,1,7,False,True,SUCCEEDED,True,CRUIG,CRUIG,"[8973, 52, 1914, 151645]",00751ce1370bf9fef8cc846f3d74137f9d6a28de57dec77b6f97cca204e6784c,276,264,12,1061.169,1998.575,4,84744092888,81661118862,3082974026,82758370584,643,ea1e0ecd3e15ff747b6020b0ab143ed8a370ef3af7b66dd74788c6530a908d23,643,10880,IDENTITY
h3-large-reuse24,qwen2.5-14b-instruct-fp16-v1,slice-versus-full-cache-v1,record-reuse,24,940129,confirmation,MEASUREMENT,attempt-dc7d267e574b42378469341cd73667a4,baseline,1,1,r016,4b2234251b56f044b6c9d6572412a4f70ddf4d9d40746b2f7ff5b754c458c9a3,2,0,True,True,SUCCEEDED,False,CXNOB,XNOB,"[55, 8996, 33, 151645]",1fb40aab3623f55fb03eec299c3ed8f6b5142e24f0fb715586b569bf7fd5f80c,273,71,202,15824.134,2021.208,4,102646729741,84788163864,17858565877,100631724504,643,d0961bc853dff1fa34a81a1b7dce92c2ef2fdc4fe933b0b3bc5e66b0717d078a,643,10950,IDENTITY
h3-large-reuse24,qwen2.5-14b-instruct-fp16-v1,slice-versus-full-cache-v1,record-reuse,24,940129,confirmation,MEASUREMENT,attempt-dc7d267e574b42378469341cd73667a4,baseline,1,1,r017,4b2234251b56f044b6c9d6572412a4f70ddf4d9d40746b2f7ff5b754c458c9a3,2,1,False,True,SUCCEEDED,True,CYYZH,CYYZH,"[34, 10060, 95911, 151645]",9009ca9d6e7c1fcd1a74407e2059c85fca725386b2d6686affbf13ec270ca200,273,261,12,1069.773,2019.729,4,106018578735,102917520102,3101058633,104020068343,643,51a699edf6f3e52da6762bddd413c80e8841ea9bff21d777d89d7b578a193ee3,643,10850,IDENTITY
h3-large-reuse24,qwen2.5-14b-instruct-fp16-v1,slice-versus-full-cache-v1,record-reuse,24,940129,confirmation,MEASUREMENT,attempt-dc7d267e574b42378469341cd73667a4,baseline,1,1,r018,4b2234251b56f044b6c9d6572412a4f70ddf4d9d40746b2f7ff5b754c458c9a3,2,2,False,True,SUCCEEDED,True,CQSRC,CQSRC,"[34, 48, 56017, 151645]",f26acba12a83a3b79b68c3db635cca13ce5ee58e5c155041d3f9599535b3c9ca,273,261,12,1063.857,1927.674,4,109829083977,106814319372,3014764605,107902812592,643,4457ae32617d66fa92e6637fe5afaedcaf327786f984bf3d3fda8013baea4e24,643,10710,IDENTITY
h3-large-reuse24,qwen2.5-14b-instruct-fp16-v1,slice-versus-full-cache-v1,record-reuse,24,940129,confirmation,MEASUREMENT,attempt-dc7d267e574b42378469341cd73667a4,baseline,1,1,r019,4b2234251b56f044b6c9d6572412a4f70ddf4d9d40746b2f7ff5b754c458c9a3,2,3,False,True,SUCCEEDED,True,COTKX,COTKX,"[34, 1793, 42, 55, 151645]",0df9b4fb47906b3cd4256453877b9fa0d7e347c333488c7ed09a46fbd0580be3,273,261,12,1043.96,2562.796,5,114109507744,110479589342,3629918402,111555469428,643,9eea2154396bc87a7f32f0950b3258e976886610a9bfc9605bf7323efc6471ce,643,10450,IDENTITY
h3-large-reuse24,qwen2.5-14b-instruct-fp16-v1,slice-versus-full-cache-v1,record-reuse,24,940129,confirmation,MEASUREMENT,attempt-dc7d267e574b42378469341cd73667a4,baseline,1,1,r020,4b2234251b56f044b6c9d6572412a4f70ddf4d9d40746b2f7ff5b754c458c9a3,2,4,False,True,SUCCEEDED,True,COOPA,COOPA,"[8281, 3067, 32, 151645]",0a27728c9ef4a72809ba0d28dc5cf1c55ff2462161e7f9fa75f2c5d065fdb9ad,273,261,12,1035.848,1889.955,4,117409580241,114459757166,2949823075,115526180855,643,45535628379364b71ad0ce2811ef66b1e2dd4a60108907e11f5e5c3aec0c4f8c,643,10981,IDENTITY
h3-large-reuse24,qwen2.5-14b-instruct-fp16-v1,slice-versus-full-cache-v1,record-reuse,24,940129,confirmation,MEASUREMENT,attempt-dc7d267e574b42378469341cd73667a4,baseline,1,1,r021,4b2234251b56f044b6c9d6572412a4f70ddf4d9d40746b2f7ff5b754c458c9a3,2,5,False,True,SUCCEEDED,False,CEKQD,EKQD,"[36, 42, 48, 35, 151645]",85192b42509a28f510fb6e6230e6a62629bd391c985eb3b8e7166fae545e792f,273,261,12,1037.925,2519.995,5,121047517000,117465607630,3581909370,118525817684,643,ba3ae339bdcee0d39ce3a8b6747212f9a14e48877b46b4de70a7bcdd751a3580,643,10600,IDENTITY
h3-large-reuse24,qwen2.5-14b-instruct-fp16-v1,slice-versus-full-cache-v1,record-reuse,24,940129,confirmation,MEASUREMENT,attempt-dc7d267e574b42378469341cd73667a4,baseline,1,1,r022,4b2234251b56f044b6c9d6572412a4f70ddf4d9d40746b2f7ff5b754c458c9a3,2,6,False,True,SUCCEEDED,True,CDXSN,CDXSN,"[6484, 55, 18966, 151645]",06286f47de5bf37bfee0cb4609ae2cc5974fcbe98aeb771dceae09adc8871a3d,273,261,12,1036.685,1940.622,4,124474734229,121473442244,3001291985,122533359134,643,c64068d11d7a34d1cf0e7a74858833dbc27809a3c39689de931231e2ed7555d8,643,10680,IDENTITY
h3-large-reuse24,qwen2.5-14b-instruct-fp16-v1,slice-versus-full-cache-v1,record-reuse,24,940129,confirmation,MEASUREMENT,attempt-dc7d267e574b42378469341cd73667a4,baseline,1,1,r023,4b2234251b56f044b6c9d6572412a4f70ddf4d9d40746b2f7ff5b754c458c9a3,2,7,False,True,SUCCEEDED,False,CMDLC,M,"[44, 151645]",35c94caf1ef5f17726ba2f41e67c5f363b577bff8b4f0107624e79e245f32a63,273,261,12,1046.542,713.798,2,126306950746,124514435046,1792515700,125589964962,643,a489f82a51600d64d2b7ff17640354f1832f1d3d2b2ac07706e9c438561d358e,643,10830,IDENTITY
h3-large-reuse24,qwen2.5-14b-instruct-fp16-v1,slice-versus-full-cache-v1,record-reuse,24,940129,confirmation,MEASUREMENT,attempt-dc7d267e574b42378469341cd73667a4,baseline,1,1,r024,de7452659b7303feb075caac1c0e06e99c3f8c11f8563dcadf86a93adf7e608d,3,0,True,True,SUCCEEDED,False,CIBOO,IJJL,"[40, 63391, 43, 151645]",b722ace7dcb6aeaeca54e83704360072ed693b16bb4c0f6e032bc991b6e16163,281,70,211,16638.75,1890.045,4,145113889063,126573048008,18540841055,143234835952,643,804e4c5ca88794f28a136f9f98ff59af099696e3012b620728a7d8e9ad832d74,643,10529,IDENTITY
h3-large-reuse24,qwen2.5-14b-instruct-fp16-v1,slice-versus-full-cache-v1,record-reuse,24,940129,confirmation,MEASUREMENT,attempt-dc7d267e574b42378469341cd73667a4,baseline,1,1,r025,de7452659b7303feb075caac1c0e06e99c3f8c11f8563dcadf86a93adf7e608d,3,1,False,True,SUCCEEDED,False,CEJHB,EJHB,"[36, 41, 30725, 151645]",ab6bd2f5df41ce309f022719c861375bad4198e2cc8707abfa88411ac22049fd,282,269,13,1112.145,1894.585,4,148628579091,145597894009,3030685082,146745359830,643,24a79ce864966f9cfa3f676e9be79629db9d76ed4b509a3aa7a4ef7ecb1436f4,643,10529,IDENTITY
h3-large-reuse24,qwen2.5-14b-instruct-fp16-v1,slice-versus-full-cache-v1,record-reuse,24,940129,confirmation,MEASUREMENT,attempt-dc7d267e574b42378469341cd73667a4,baseline,1,1,r026,de7452659b7303feb075caac1c0e06e99c3f8c11f8563dcadf86a93adf7e608d,3,2,False,True,SUCCEEDED,True,CPZQF,CPZQF,"[7123, 57, 48, 37, 151645]",5bcf0d84518b8975c948730e3ed801d2faa1d51823118303173685e3f776bdff,281,269,12,1050.842,2521.508,5,152243377313,148647838662,3595538651,149729483830,643,cc6677c3cd0935929b5a229e3ed0d8b246a6f445f4d718204f5eb55ed04faff3,643,10690,IDENTITY
h3-large-reuse24,qwen2.5-14b-instruct-fp16-v1,slice-versus-full-cache-v1,record-reuse,24,940129,confirmation,MEASUREMENT,attempt-dc7d267e574b42378469341cd73667a4,baseline,1,1,r027,de7452659b7303feb075caac1c0e06e99c3f8c11f8563dcadf86a93adf7e608d,3,3,False,True,SUCCEEDED,True,COCQP,COCQP,"[34, 7612, 66520, 151645]",24db9ac12df8786dc8977cd54fafb7cddb6b470ffd5ecea20864a9cdd0abfabb,280,269,11,966.804,1894.178,4,155503259403,152626377330,2876882073,153625157879,643,53f7be0dba6bb218ee3cbb2282076e9756161be889d3e9f19ae169c39f8734dd,643,10860,IDENTITY
h3-large-reuse24,qwen2.5-14b-instruct-fp16-v1,slice-versus-full-cache-v1,record-reuse,24,940129,confirmation,MEASUREMENT,attempt-dc7d267e574b42378469341cd73667a4,baseline,1,1,r028,de7452659b7303feb075caac1c0e06e99c3f8c11f8563dcadf86a93adf7e608d,3,4,False,True,SUCCEEDED,True,CITVX,CITVX,"[34, 952, 53, 55, 151645]",cb324cc3e1b94e2b3856f23fd75d4520d264ddc1e6980a5b895432a266cd3a69,281,269,12,1038.213,2519.701,5,159223440598,155641269682,3582170916,156700334369,643,6b9192f273f25831c1d907f0e76697325b72015848a75d2a12ace7e4911d8850,643,10680,IDENTITY
h3-large-reuse24,qwen2.5-14b-instruct-fp16-v1,slice-versus-full-cache-v1,record-reuse,24,940129,confirmation,MEASUREMENT,attempt-dc7d267e574b42378469341cd73667a4,baseline,1,1,r029,de7452659b7303feb075caac1c0e06e99c3f8c11f8563dcadf86a93adf7e608d,3,5,False,True,SUCCEEDED,False,CXRXD,XRXD,"[55, 45813, 35, 151645]",f5dc4126f460f1e11c7d2646efe6ac36adb598cb1c55b5814237ae52e51076b4,282,269,13,1110.179,1907.937,4,162678353301,159635631967,3042721334,160765872717,643,74ab8604ee2c126df4ca0887606b73d37908232a000de16eef3aaa51c4931f88,643,10399,IDENTITY
h3-large-reuse24,qwen2.5-14b-instruct-fp16-v1,slice-versus-full-cache-v1,record-reuse,24,940129,confirmation,MEASUREMENT,attempt-dc7d267e574b42378469341cd73667a4,baseline,1,1,r030,de7452659b7303feb075caac1c0e06e99c3f8c11f8563dcadf86a93adf7e608d,3,6,False,True,SUCCEEDED,False,CZLKP,Z,"[57, 151645]",a40f196cda94c8dcab14b57e7919271c3700e6b42b37dcfd6b338c9bfc2e73ad,281,269,12,1037.558,630.415,2,164388848832,162697857947,1690990885,163766785587,643,4722e7aec06b204b2d7585809368a508746b4db559c5242297ee1eede5d223d9,643,10510,IDENTITY
h3-large-reuse24,qwen2.5-14b-instruct-fp16-v1,slice-versus-full-cache-v1,record-reuse,24,940129,confirmation,MEASUREMENT,attempt-dc7d267e574b42378469341cd73667a4,baseline,1,1,r031,de7452659b7303feb075caac1c0e06e99c3f8c11f8563dcadf86a93adf7e608d,3,7,False,True,SUCCEEDED,False,COLQZ,L,"[43, 151645]",0349c1959656581cf842a3ad336497e0cd60b4c8a9336e8d8400db3254d678d1,282,269,13,1111.535,630.848,2,166413835733,164648313231,1765522502,165780213494,643,bfe36c31897268a400384f46c9adacac65123f5a0d1e55b76c6f11bbedc3aa3d,643,10650,IDENTITY
h3-large-reuse24,qwen2.5-14b-instruct-fp16-v1,slice-versus-full-cache-v1,record-reuse,24,940129,confirmation,MEASUREMENT,attempt-dc7d267e574b42378469341cd73667a4,baseline,1,1,r032,465aba40aeff43f68e362d37f102e2178ab71d65fb90a666b41011b524868280,4,0,True,True,SUCCEEDED,True,CEGNJ,CEGNJ,"[2104, 25167, 41, 151645]",4c309b5a4766ce5f53f9ca1eba07b4c3b4cfd6a96e577bad2242d1e100a9ec78,276,70,206,15535.821,1892.419,4,184115014592,166664419443,17450595149,182222284651,643,e6542de337d508444f85db84ef32a290dc82821041414315c4ab128dfe08a3d5,643,11411,IDENTITY
h3-large-reuse24,qwen2.5-14b-instruct-fp16-v1,slice-versus-full-cache-v1,record-reuse,24,940129,confirmation,MEASUREMENT,attempt-dc7d267e574b42378469341cd73667a4,baseline,1,1,r033,465aba40aeff43f68e362d37f102e2178ab71d65fb90a666b41011b524868280,4,1,False,True,SUCCEEDED,False,CHIHK,H,"[39, 151645]",316b5663813bf4daf1c2db0efbf1dd1098fb51e326221799da350f3c4f469807,276,265,11,976.156,656.175,2,186341773720,184693518901,1648254819,185704393950,643,cff41e028ffd7f3b1f0e85e6c65b9fcc0c70b06064b6af45ffce1cd2e69907ba,643,11061,IDENTITY
h3-large-reuse24,qwen2.5-14b-instruct-fp16-v1,slice-versus-full-cache-v1,record-reuse,24,940129,confirmation,MEASUREMENT,attempt-dc7d267e574b42378469341cd73667a4,baseline,1,1,r034,465aba40aeff43f68e362d37f102e2178ab71d65fb90a666b41011b524868280,4,2,False,True,SUCCEEDED,False,CWXJI,WXJI,"[54, 55, 45064, 151645]",778352bcd4d1beaed5ed4b1c40dd64a0f3a3190501c721632aeae71b8ecde910,276,264,12,1039.929,1896.183,4,189680445769,186719169856,2961275913,187780159209,643,9784194228e61c195592952e8fe07937929742e7798d3c1fe951618f744d24f4,643,10740,IDENTITY
h3-large-reuse24,qwen2.5-14b-instruct-fp16-v1,slice-versus-full-cache-v1,record-reuse,24,940129,confirmation,MEASUREMENT,attempt-dc7d267e574b42378469341cd73667a4,baseline,1,1,r035,465aba40aeff43f68e362d37f102e2178ab71d65fb90a666b41011b524868280,4,3,False,True,SUCCEEDED,False,CRQHV,RQHV,"[49, 48, 78196, 151645]",9984b2b28e90bf13f45b1949e9bd35837c739187da36c5be25fb57da504fd572,276,264,12,1045.352,1895.571,4,192694607814,189729128363,2965479451,190797107851,643,53cc5ebae51cf49a7c677be9611b18fdc16030f9c0b864421b58d15681cf7c12,643,10950,IDENTITY
h3-large-reuse24,qwen2.5-14b-instruct-fp16-v1,slice-versus-full-cache-v1,record-reuse,24,940129,confirmation,MEASUREMENT,attempt-dc7d267e574b42378469341cd73667a4,baseline,1,1,r036,465aba40aeff43f68e362d37f102e2178ab71d65fb90a666b41011b524868280,4,4,False,True,SUCCEEDED,False,CBRTA,B,"[33, 151645]",6583d751d2b7a528e46410628cfd31ba55e07e8c4f42548d5617156e048913af,276,264,12,1038.29,631.155,2,194426336562,192732041369,1694295193,193796698826,643,9e770932713a2e8407aeea1d5a460f34c785f3c0dd934af19c9f3f42c482f26d,643,10439,IDENTITY
h3-large-reuse24,qwen2.5-14b-instruct-fp16-v1,slice-versus-full-cache-v1,record-reuse,24,940129,confirmation,MEASUREMENT,attempt-dc7d267e574b42378469341cd73667a4,baseline,1,1,r037,465aba40aeff43f68e362d37f102e2178ab71d65fb90a666b41011b524868280,4,5,False,True,SUCCEEDED,True,CULJS,CULJS,"[34, 1094, 12545, 151645]",62a9b77149bfbc7a7759401fa4c2c667d7aa12cd8c1af6e186948d92d133f366,275,264,11,972.674,1950.586,4,197676618086,194730660683,2945957403,195718125730,643,f311a85ffa5636e4a0ce0ac1292379cfd1b996798d0e24cdabd5abb8019acfa7,643,10730,IDENTITY
h3-large-reuse24,qwen2.5-14b-instruct-fp16-v1,slice-versus-full-cache-v1,record-reuse,24,940129,confirmation,MEASUREMENT,attempt-dc7d267e574b42378469341cd73667a4,baseline,1,1,r038,465aba40aeff43f68e362d37f102e2178ab71d65fb90a666b41011b524868280,4,6,False,True,SUCCEEDED,True,CDEGZ,CDEGZ,"[34, 1150, 38, 57, 151645]",3445422e739750147c8be544a37567f51619ab890883f25e7ee97d877a463556,276,264,12,1042.718,2550.966,5,201400991710,197783506105,3617485605,198846588907,643,8729e96251c2c78c47790705f77db40e5ac37650558f40ef4abafafc54c45e07,643,10640,IDENTITY
h3-large-reuse24,qwen2.5-14b-instruct-fp16-v1,slice-versus-full-cache-v1,record-reuse,24,940129,confirmation,MEASUREMENT,attempt-dc7d267e574b42378469341cd73667a4,baseline,1,1,r039,465aba40aeff43f68e362d37f102e2178ab71d65fb90a666b41011b524868280,4,7,False,True,SUCCEEDED,True,CDVDM,CDVDM,"[6484, 53, 8395, 151645]",4c852a9f55af93f8b619f37cf34c9689265084111f02245f7acd962c5d53a96c,276,264,12,1037.693,1955.385,4,204743662106,201734829021,3008833085,202803969627,643,4573e23525359a140f1fd3e86755d7e2bc5f7ae6466e0fc9bb953e1c78d19980,643,10690,IDENTITY
h3-large-reuse24,qwen2.5-14b-instruct-fp16-v1,slice-versus-full-cache-v1,record-reuse,24,940129,confirmation,MEASUREMENT,attempt-dc7d267e574b42378469341cd73667a4,baseline,1,1,r040,ce6da994793097e8265f857fad5e4e835b9ff468e4bbf067e735e140b309694e,5,0,True,True,SUCCEEDED,False,CMHPA,MHPA,"[44, 6610, 32, 151645]",67912ba631d2e49ea90087c8ff6944b2cb124efb5b1389512810273aa57bccb9,270,70,200,15109.249,1893.7,4,221804526132,204777375710,17027150422,219956937927,643,2f61e4d2cc043827a92071488a37547279a32a5439f0c6d45f985c110eb6a0da,643,10820,IDENTITY
h3-large-reuse24,qwen2.5-14b-instruct-fp16-v1,slice-versus-full-cache-v1,record-reuse,24,940129,confirmation,MEASUREMENT,attempt-dc7d267e574b42378469341cd73667a4,baseline,1,1,r041,ce6da994793097e8265f857fad5e4e835b9ff468e4bbf067e735e140b309694e,5,1,False,True,SUCCEEDED,False,CYWXU,YWXU,"[56, 65376, 52, 151645]",27f114535c13dd1b6c233496385c13b2411f1164528bdbd7a50396a15b1a94d3,271,259,12,1040.541,1891.68,4,224786903797,221825652191,2961251606,222895239266,643,a5029ad07815708fc1499c63bea6d636ab16e870fe1473296740630041efc10d,643,10549,IDENTITY
h3-large-reuse24,qwen2.5-14b-instruct-fp16-v1,slice-versus-full-cache-v1,record-reuse,24,940129,confirmation,MEASUREMENT,attempt-dc7d267e574b42378469341cd73667a4,baseline,1,1,r042,ce6da994793097e8265f857fad5e4e835b9ff468e4bbf067e735e140b309694e,5,2,False,True,SUCCEEDED,True,CRAHS,CRAHS,"[34, 5609, 11961, 151645]",d5e342ca408efb19bc31fd9c745408ac269943c368293d0f7bfe5c9e89903040,270,259,11,968.481,1894.322,4,227696480852,224814151859,2882328993,225802738751,643,7e44b067a1f2cc57694e7d9b1d10690ea825c0f6f0f512bce39cce754ac44b90,643,10610,IDENTITY
h3-large-reuse24,qwen2.5-14b-instruct-fp16-v1,slice-versus-full-cache-v1,record-reuse,24,940129,confirmation,MEASUREMENT,attempt-dc7d267e574b42378469341cd73667a4,baseline,1,1,r043,ce6da994793097e8265f857fad5e4e835b9ff468e4bbf067e735e140b309694e,5,3,False,True,SUCCEEDED,False,CHJDO,HJDO,"[39, 41, 5865, 151645]",4b5f2387fd89ee8f6e081f90c2cf61c608b9b054656eee9b39776393c25aeb42,271,259,12,1050.82,2055.786,4,230893057842,227780048376,3113009466,228852932997,643,6b432f28966f7d1e0e2277d4f120ffa0eacaaab3453edd5013ff3bd7f2a12728,643,10750,IDENTITY
h3-large-reuse24,qwen2.5-14b-instruct-fp16-v1,slice-versus-full-cache-v1,record-reuse,24,940129,confirmation,MEASUREMENT,attempt-dc7d267e574b42378469341cd73667a4,baseline,1,1,r044,ce6da994793097e8265f857fad5e4e835b9ff468e4bbf067e735e140b309694e,5,4,False,True,SUCCEEDED,True,CSRBI,CSRBI,"[70022, 8598, 151645]",33dc55cfc22a127b8266e40fff4b32308a1a495847b70a41cf5bde4ea35335f2,271,259,12,1045.843,1260.467,3,233232315884,230899665428,2332650456,231970883213,643,5e1df64bd03c81bb66609589f95976569aaf3e87ec678d4d546fbbe5ad52bb31,643,10550,IDENTITY
h3-large-reuse24,qwen2.5-14b-instruct-fp16-v1,slice-versus-full-cache-v1,record-reuse,24,940129,confirmation,MEASUREMENT,attempt-dc7d267e574b42378469341cd73667a4,baseline,1,1,r045,ce6da994793097e8265f857fad5e4e835b9ff468e4bbf067e735e140b309694e,5,5,False,True,SUCCEEDED,False,CWUXI,WUXI,"[54, 13401, 40, 151645]",b8b3b24885fb30d9c047e48542c058a3a8c72c5331d3fdb289f8e33dad05fd60,271,259,12,1048.736,1896.015,4,236796492959,233828222754,2968270205,234899282155,643,4547d7de1ebf1002599935e192dbf6be72b61a26ccded471b04fcdc73e1662d6,643,10680,IDENTITY
h3-large-reuse24,qwen2.5-14b-instruct-fp16-v1,slice-versus-full-cache-v1,record-reuse,24,940129,confirmation,MEASUREMENT,attempt-dc7d267e574b42378469341cd73667a4,baseline,1,1,r046,ce6da994793097e8265f857fad5e4e835b9ff468e4bbf067e735e140b309694e,5,6,False,True,SUCCEEDED,True,CZZMK,CZZMK,"[34, 33536, 44140, 151645]",95ebd4a8b02591ef2cc89c602380745345dc620168f9bda278cf42695a9ad67e,271,259,12,1038.695,1889.074,4,239805768065,236853925829,2951842236,237918961159,643,251713514f46617cd01fd3fc41ddbcdcff311b143d4dd49505863c884165e9b8,643,11130,IDENTITY
h3-large-reuse24,qwen2.5-14b-instruct-fp16-v1,slice-versus-full-cache-v1,record-reuse,24,940129,confirmation,MEASUREMENT,attempt-dc7d267e574b42378469341cd73667a4,baseline,1,1,r047,ce6da994793097e8265f857fad5e4e835b9ff468e4bbf067e735e140b309694e,5,7,False,True,SUCCEEDED,False,CBARL,BARL,"[33, 934, 43, 151645]",bfae9b962c7cf076b75d4ea20457b8e964fe03394d7e332f10cd1e4fc2bfe3e9,271,259,12,1037.574,1889.5,4,242813240682,239861326243,2951914439,240922042277,643,f4d9f141155f66bc5e231de48f8e89a5bf73992ccd3c616d46770733b6bf217f,643,10830,IDENTITY
h3-large-reuse24,qwen2.5-14b-instruct-fp16-v1,slice-versus-full-cache-v1,record-reuse,24,940129,confirmation,MEASUREMENT,attempt-dc7d267e574b42378469341cd73667a4,baseline,1,1,r048,31c273a31cd186f5a8a683fcd5738d3b6ca032eb15fcf924351121440bf92fa2,6,0,True,True,SUCCEEDED,True,CFPEJ,CFPEJ,"[9650, 1740, 41, 151645]",69879c8e68e57d72875df6864972fe2c3a7fda3843aaea389a88b90cdf44becd,272,70,202,15293.059,1892.098,4,260069510078,242860398924,17209111154,258181916530,643,0ce4427f285f6c99e3f6475ead8af1fb01f52ac04b77f5d403ad4f11b605c3ee,643,10660,IDENTITY
h3-large-reuse24,qwen2.5-14b-instruct-fp16-v1,slice-versus-full-cache-v1,record-reuse,24,940129,confirmation,MEASUREMENT,attempt-dc7d267e574b42378469341cd73667a4,baseline,1,1,r049,31c273a31cd186f5a8a683fcd5738d3b6ca032eb15fcf924351121440bf92fa2,6,1,False,True,SUCCEEDED,True,CQWEV,CQWEV,"[34, 48, 12457, 53, 151645]",ed5cf49c0f0a39c9bbfb2a07df437589b5772b94a4f99e1f9a9089dfee4165f4,272,260,12,1035.379,2520.01,5,264455716912,260874336584,3581380328,261930072707,643,ed6b22b83a949ca46961f3aba1bdd25afd2c51ee0f4b742089e05f7dba1d30b5,643,11271,IDENTITY
h3-large-reuse24,qwen2.5-14b-instruct-fp16-v1,slice-versus-full-cache-v1,record-reuse,24,940129,confirmation,MEASUREMENT,attempt-dc7d267e574b42378469341cd73667a4,baseline,1,1,r050,31c273a31cd186f5a8a683fcd5738d3b6ca032eb15fcf924351121440bf92fa2,6,2,False,True,SUCCEEDED,False,CHRWQ,H,"[39, 151645]",01c576b02831661e9b90e78db59d8b0e64df96e607d594e7254337448edf3aae,272,260,12,1041.309,630.432,2,266577039047,264880730763,1696308284,265944416224,643,fcf8aec58a502f3935e9c900a6f95111f318c8dada559032cd3d058170d0ca56,643,10670,IDENTITY
h3-large-reuse24,qwen2.5-14b-instruct-fp16-v1,slice-versus-full-cache-v1,record-reuse,24,940129,confirmation,MEASUREMENT,attempt-dc7d267e574b42378469341cd73667a4,baseline,1,1,r051,31c273a31cd186f5a8a683fcd5738d3b6ca032eb15fcf924351121440bf92fa2,6,3,False,True,SUCCEEDED,True,CPTND,CPTND,"[34, 2828, 8065, 151645]",c59f7c11c99634d82e302454877a36012b234707c677256a3b489d990eeef764,271,260,11,964.622,1893.57,4,269774614792,266889895299,2884719493,267875255676,643,f66abecec89295c0ef8572bc9ceab2bd2d98dc8cc6028a17ef4f0a21d8473ac5,643,10659,IDENTITY
h3-large-reuse24,qwen2.5-14b-instruct-fp16-v1,slice-versus-full-cache-v1,record-reuse,24,940129,confirmation,MEASUREMENT,attempt-dc7d267e574b42378469341cd73667a4,baseline,1,1,r052,31c273a31cd186f5a8a683fcd5738d3b6ca032eb15fcf924351121440bf92fa2,6,4,False,True,SUCCEEDED,True,CBYGB,CBYGB,"[12979, 56, 5381, 151645]",3fa9e2492d77fee83d4ce3e03431c8ebaf630583501a3a89f40d7a8a993c1768,272,260,12,1038.04,1890.208,4,272887043036,269934677881,2952365155,270989042537,643,1872676294de46d2ffedc4713e5cd1e6013d8c56d07aae21fc59ae2d99a6165a,643,10620,IDENTITY
h3-large-reuse24,qwen2.5-14b-instruct-fp16-v1,slice-versus-full-cache-v1,record-reuse,24,940129,confirmation,MEASUREMENT,attempt-dc7d267e574b42378469341cd73667a4,baseline,1,1,r053,31c273a31cd186f5a8a683fcd5738d3b6ca032eb15fcf924351121440bf92fa2,6,5,False,True,SUCCEEDED,True,CQCIC,CQCIC,"[34, 61042, 1317, 151645]",14decc4305f7be80ec5bc785dc95950721e1d1c7c1b536a60adaaf5ec01726c3,272,260,12,1037.035,1890.806,4,275897866885,272945849341,2952017544,274005461035,643,4d472bf2c746443a728d87df4012486f9e71772438978abd1d34cf27965ab367,643,10750,IDENTITY
h3-large-reuse24,qwen2.5-14b-instruct-fp16-v1,slice-versus-full-cache-v1,record-reuse,24,940129,confirmation,MEASUREMENT,attempt-dc7d267e574b42378469341cd73667a4,baseline,1,1,r054,31c273a31cd186f5a8a683fcd5738d3b6ca032eb15fcf924351121440bf92fa2,6,6,False,True,SUCCEEDED,True,CLOHE,CLOHE,"[34, 1593, 1799, 151645]",3baeff80be1df5452fc07a56887dd5ce0e9f47b1123e1a9ec54d4e9772364713,271,260,11,967.388,1904.985,4,278844871390,275947716440,2897154950,276946263291,643,783b72b430578947eb0d791b7fa138dc3d02c5bd1de376cb326f2c04ab20cc1e,643,10580,IDENTITY
h3-large-reuse24,qwen2.5-14b-instruct-fp16-v1,slice-versus-full-cache-v1,record-reuse,24,940129,confirmation,MEASUREMENT,attempt-dc7d267e574b42378469341cd73667a4,baseline,1,1,r055,31c273a31cd186f5a8a683fcd5738d3b6ca032eb15fcf924351121440bf92fa2,6,7,False,True,SUCCEEDED,False,CAMWX,M,"[44, 151645]",7ddc8309568afd01cd9c875b7f43f136c300fdc53390209c6be2622cab6a32d1,272,260,12,1073.797,660.938,2,280701217198,278953296370,1747920828,280045328721,643,2f0578a16c15102d8c3bf3b45d2898d16c85fd0ec6408b19e37698b18fe8e926,643,10619,IDENTITY
h3-large-reuse24,qwen2.5-14b-instruct-fp16-v1,slice-versus-full-cache-v1,record-reuse,24,940129,confirmation,MEASUREMENT,attempt-dc7d267e574b42378469341cd73667a4,baseline,1,1,r056,ce463ecae5f51b8506fc3a430b267bad026cb4a2f4a1a80ab72faeb6f40b2987,7,0,True,True,SUCCEEDED,True,CHKEZ,CHKEZ,"[2149, 3390, 57, 151645]",c15fd9d95e53b62efb3d0fa35ef78a815f8fcd2c80da959f9c39bba85570a5cc,280,70,210,16101.512,1920.025,4,299023437259,280978624568,18044812691,297104248362,643,4a414c4ca4f5b1ed344a71118d8e4c4f0fad6695e3505513a2d76c68da4e3c9b,643,10750,IDENTITY
h3-large-reuse24,qwen2.5-14b-instruct-fp16-v1,slice-versus-full-cache-v1,record-reuse,24,940129,confirmation,MEASUREMENT,attempt-dc7d267e574b42378469341cd73667a4,baseline,1,1,r057,ce463ecae5f51b8506fc3a430b267bad026cb4a2f4a1a80ab72faeb6f40b2987,7,1,False,True,SUCCEEDED,True,CAXSG,CAXSG,"[34, 2954, 7783, 151645]",f2231b96112429c0edfca1dd3c4749bb3a2f28fa50c490828423bee449ee8a36,280,268,12,1054.939,1922.743,4,302050866545,299046794377,3004072168,300126361206,643,ec9cb18ca4089cbd5f0fccb41dcefbc3404667807f8fb517b33e5645619527b6,643,10810,IDENTITY
h3-large-reuse24,qwen2.5-14b-instruct-fp16-v1,slice-versus-full-cache-v1,record-reuse,24,940129,confirmation,MEASUREMENT,attempt-dc7d267e574b42378469341cd73667a4,baseline,1,1,r058,ce463ecae5f51b8506fc3a430b267bad026cb4a2f4a1a80ab72faeb6f40b2987,7,2,False,True,SUCCEEDED,True,CFHFV,CFHFV,"[9650, 49716, 53, 151645]",858fa7bdf0fca5be0fa4fbc582a996ae115140b91ee213fd4a8b5b06dba1df83,280,268,12,1049.824,1959.824,4,305093404096,302070896398,3022507698,303149614720,643,c4c7d93c1990902125f2651b0d58f78868e89900cc83fb686f73fd48968001d1,643,10830,IDENTITY
h3-large-reuse24,qwen2.5-14b-instruct-fp16-v1,slice-versus-full-cache-v1,record-reuse,24,940129,confirmation,MEASUREMENT,attempt-dc7d267e574b42378469341cd73667a4,baseline,1,1,r059,ce463ecae5f51b8506fc3a430b267bad026cb4a2f4a1a80ab72faeb6f40b2987,7,3,False,True,SUCCEEDED,True,CROQS,CROQS,"[34, 1285, 70810, 151645]",1147b0696cdd1766869a31e90226792bdf2cd8b96a317c0b1a0f4dc501f0bddf,280,268,12,1050.405,1939.863,4,308116054609,305102559535,3013495074,306182491122,643,cf9afe3d8e7f96e604fbd45a7d53f743e82e22baaa2c690a25a00970015b4c13,643,11351,IDENTITY
h3-large-reuse24,qwen2.5-14b-instruct-fp16-v1,slice-versus-full-cache-v1,record-reuse,24,940129,confirmation,MEASUREMENT,attempt-dc7d267e574b42378469341cd73667a4,baseline,1,1,r060,ce463ecae5f51b8506fc3a430b267bad026cb4a2f4a1a80ab72faeb6f40b2987,7,4,False,True,SUCCEEDED,False,CEZML,EZML,"[36, 57, 2668, 151645]",a306f95a342d6af32cfacee597fecc28397a1bfbec8f993a48bf7263f04660e5,280,268,12,1046.552,1935.925,4,311137999972,308131514037,3006485935,309210045481,643,f442d5bb1c8552ed47d76cea879e13cdc025631a06f0167c1d34145c9b4c8b2d,643,10700,IDENTITY
h3-large-reuse24,qwen2.5-14b-instruct-fp16-v1,slice-versus-full-cache-v1,record-reuse,24,940129,confirmation,MEASUREMENT,attempt-dc7d267e574b42378469341cd73667a4,baseline,1,1,r061,ce463ecae5f51b8506fc3a430b267bad026cb4a2f4a1a80ab72faeb6f40b2987,7,5,False,True,SUCCEEDED,True,CRHIR,CRHIR,"[8973, 39708, 151645]",bcdfade3666164a47bec13c3c5d7abd2a4dfb518d00057378744ceefb6429ca7,280,268,12,1052.489,1293.313,3,314371298858,312000475792,2370823066,313063394323,643,c28dc826c8367b92c76e12a86f0e893eb4a7e49b3120100d18d6f1abfb1c9288,643,10790,IDENTITY
h3-large-reuse24,qwen2.5-14b-instruct-fp16-v1,slice-versus-full-cache-v1,record-reuse,24,940129,confirmation,MEASUREMENT,attempt-dc7d267e574b42378469341cd73667a4,baseline,1,1,r062,ce463ecae5f51b8506fc3a430b267bad026cb4a2f4a1a80ab72faeb6f40b2987,7,6,False,True,SUCCEEDED,True,CGLQI,CGLQI,"[34, 3825, 48, 40, 151645]",ee53f15fed34ae1e6ed6607769cb524c33ebf8dbb03dae828439fab2f948f4df,280,268,12,1047.506,2570.62,5,318645926592,315016066481,3629860111,316078123361,643,76a7a247456e607735e44257db3808465471c26a07434d5d1cd66802329fefd1,643,10690,IDENTITY
h3-large-reuse24,qwen2.5-14b-instruct-fp16-v1,slice-versus-full-cache-v1,record-reuse,24,940129,confirmation,MEASUREMENT,attempt-dc7d267e574b42378469341cd73667a4,baseline,1,1,r063,ce463ecae5f51b8506fc3a430b267bad026cb4a2f4a1a80ab72faeb6f40b2987,7,7,False,True,SUCCEEDED,False,CRBJR,RBJR,"[49, 14978, 49, 151645]",3d5e5d4a44fa22a1e40b7d85a823ed1110db3c42a2360c8a59d0fd544bc0c316,280,268,12,1045.007,1947.171,4,322073702019,319068977258,3004724761,320130153200,643,42256bc662484a2f8c12e715541c813b1acbc728a054bd8a3275ba5666f00a9d,643,10680,IDENTITY
h3-large-reuse24,qwen2.5-14b-instruct-fp16-v1,slice-versus-full-cache-v1,record-reuse,24,940129,confirmation,MEASUREMENT,attempt-dc7d267e574b42378469341cd73667a4,baseline,1,1,r064,56d9cfb76db81890e3f27be0447bd2a04a2fcdf8ac5ea1dc287b177c12fc4fcc,8,0,True,True,SUCCEEDED,False,CKWQP,K,"[42, 151645]",409f0e95a59c88d5c77134fb306478fd84fff114d5a8f88715f9750957559abe,278,70,208,15723.793,630.963,2,338470491572,322090551140,16379940432,337842308567,643,022dab25a87e4d8182adcd811fcc2c282898a5d5b5dbe26b2f6b76b45ca28260,643,10690,IDENTITY
h3-large-reuse24,qwen2.5-14b-instruct-fp16-v1,slice-versus-full-cache-v1,record-reuse,24,940129,confirmation,MEASUREMENT,attempt-dc7d267e574b42378469341cd73667a4,baseline,1,1,r065,56d9cfb76db81890e3f27be0447bd2a04a2fcdf8ac5ea1dc287b177c12fc4fcc,8,1,False,True,SUCCEEDED,True,CUEIE,CUEIE,"[34, 2230, 5371, 151645]",a5cf22e173487541d3d9cd89d2a0db3446d3a1aa94079fc26e5e38d55a5a590a,280,267,13,1117.194,1987.05,4,342208095227,339080651554,3127443673,340209174638,643,e0c169e480aa663f4c84029ba059f859461f9adc71ba6023c80a1b615d26ceaf,643,11241,IDENTITY
h3-large-reuse24,qwen2.5-14b-instruct-fp16-v1,slice-versus-full-cache-v1,record-reuse,24,940129,confirmation,MEASUREMENT,attempt-dc7d267e574b42378469341cd73667a4,baseline,1,1,r066,56d9cfb76db81890e3f27be0447bd2a04a2fcdf8ac5ea1dc287b177c12fc4fcc,8,2,False,True,SUCCEEDED,True,CRYRU,CRYRU,"[8973, 56, 36003, 151645]",358f1cda728164ff236872ed4c7433b01d6f1e69e7c85a0e359eae965c613606,280,268,12,1038.595,1889.65,4,346015687502,343064114374,2951573128,344130049674,643,60b9088e6e08f62247d2f06f28246eb936c351a0b4e48c58348e953aa815a9d7,643,10940,IDENTITY
h3-large-reuse24,qwen2.5-14b-instruct-fp16-v1,slice-versus-full-cache-v1,record-reuse,24,940129,confirmation,MEASUREMENT,attempt-dc7d267e574b42378469341cd73667a4,baseline,1,1,r067,56d9cfb76db81890e3f27be0447bd2a04a2fcdf8ac5ea1dc287b177c12fc4fcc,8,3,False,True,SUCCEEDED,False,CYVDC,YVDC,"[56, 53, 5626, 151645]",0b6d82ff4cd2bcfc76e305fa0262c854b203e04b341a4cf12b9ea161edf72790,279,267,12,1038.496,1893.035,4,349066590334,346111852813,2954737521,347180650343,643,1c723ed5b0e7d5a961b24b0c42f59c2b787a17a8db4f9fa41044cd174f7ebf66,643,10740,IDENTITY
h3-large-reuse24,qwen2.5-14b-instruct-fp16-v1,slice-versus-full-cache-v1,record-reuse,24,940129,confirmation,MEASUREMENT,attempt-dc7d267e574b42378469341cd73667a4,baseline,1,1,r068,56d9cfb76db81890e3f27be0447bd2a04a2fcdf8ac5ea1dc287b177c12fc4fcc,8,4,False,True,SUCCEEDED,False,CLZEF,LZEF,"[43, 57, 14884, 151645]",a3948e2a02211aaade9c916a0bf658bf7044f2a300b809f57f5f9d0eb46506da,279,267,12,1039.329,1889.116,4,352081531065,349129904378,2951626687,350185025665,643,6653be220686e1ebf24c1ddbe94ab9d577626c9047466954209646505fe07e58,643,10450,IDENTITY
h3-large-reuse24,qwen2.5-14b-instruct-fp16-v1,slice-versus-full-cache-v1,record-reuse,24,940129,confirmation,MEASUREMENT,attempt-dc7d267e574b42378469341cd73667a4,baseline,1,1,r069,56d9cfb76db81890e3f27be0447bd2a04a2fcdf8ac5ea1dc287b177c12fc4fcc,8,5,False,True,SUCCEEDED,True,CGUYW,CGUYW,"[8798, 31301, 54, 151645]",e0d2a692110b2209c231118c4ff948c3acbee63bc7ac374d251aa531982ead9d,279,267,12,1039.467,1891.527,4,355076811801,352134217954,2942593847,353203281739,643,08e2ac5453e0d64533b6918fb173705e59e12b031be698b6ff9ac5652ab99312,643,10539,IDENTITY
h3-large-reuse24,qwen2.5-14b-instruct-fp16-v1,slice-versus-full-cache-v1,record-reuse,24,940129,confirmation,MEASUREMENT,attempt-dc7d267e574b42378469341cd73667a4,baseline,1,1,r070,56d9cfb76db81890e3f27be0447bd2a04a2fcdf8ac5ea1dc287b177c12fc4fcc,8,6,False,True,SUCCEEDED,True,CGQBF,CGQBF,"[8798, 48, 19883, 151645]",d250cda8fed65e3a9b32fc999c159dec87711b38cccba114d6994cd248900ec9,279,267,12,1037.004,1891.445,4,358054127772,355101584541,2952543231,356160063099,643,c0e924fda9771bec5fd5a725e7faa08a11eeed616f75782c8782b9fff869cb7f,643,10579,IDENTITY
h3-large-reuse24,qwen2.5-14b-instruct-fp16-v1,slice-versus-full-cache-v1,record-reuse,24,940129,confirmation,MEASUREMENT,attempt-dc7d267e574b42378469341cd73667a4,baseline,1,1,r071,56d9cfb76db81890e3f27be0447bd2a04a2fcdf8ac5ea1dc287b177c12fc4fcc,8,7,False,True,SUCCEEDED,True,CYAND,CYAND,"[34525, 3976, 151645]",249385953ea122c49c081ac36255108536304618158f6424d537bcf17ab97b7c,279,267,12,1037.582,1263.987,3,360469121757,358143569374,2325552383,359199255592,643,070fa72212066672e37b047b431f2bbbe08893cd08282b48e9189d5045f26841,643,10960,IDENTITY
h3-large-reuse24,qwen2.5-14b-instruct-fp16-v1,slice-versus-full-cache-v1,record-reuse,24,940129,confirmation,MEASUREMENT,attempt-dc7d267e574b42378469341cd73667a4,baseline,1,1,r072,7dfce28e2c90ec4cf02b6faa00cc10bfbe877bc0128c2dc426154a4072defced,9,0,True,True,SUCCEEDED,True,CZRYR,CZRYR,"[34, 57, 11242, 49, 151645]",d91b46b08532011c04e464e5497e417c11d7371003f382dd84eb1e6959b1f3bd,277,70,207,15588.911,2545.243,5,379280100580,361121869675,18158230905,376731361738,643,8c62b6a1214c115701729666f0edd2d62ba484c3ae1036feaaf5b71949c8c2fe,643,10790,IDENTITY
h3-large-reuse24,qwen2.5-14b-instruct-fp16-v1,slice-versus-full-cache-v1,record-reuse,24,940129,confirmation,MEASUREMENT,attempt-dc7d267e574b42378469341cd73667a4,baseline,1,1,r073,7dfce28e2c90ec4cf02b6faa00cc10bfbe877bc0128c2dc426154a4072defced,9,1,False,True,SUCCEEDED,False,CSOMH,SOMH,"[50, 1898, 39, 151645]",0ce241b9e2467e90229e3782f508734155c213f395842a1364d76c368eba52aa,277,265,12,1039.902,1890.295,4,382253751769,379300409271,2953342498,380356910584,643,6eda43ed70ef5f5306de23efb983e3a57fad07553a43758580b2e1d820a156fb,643,10610,IDENTITY
h3-large-reuse24,qwen2.5-14b-instruct-fp16-v1,slice-versus-full-cache-v1,record-reuse,24,940129,confirmation,MEASUREMENT,attempt-dc7d267e574b42378469341cd73667a4,baseline,1,1,r074,7dfce28e2c90ec4cf02b6faa00cc10bfbe877bc0128c2dc426154a4072defced,9,2,False,True,SUCCEEDED,True,CJFCT,CJFCT,"[34, 41, 37, 1162, 151645]",91675d7bfd6d2d2ca3ed33c12e0ebdb661b4f83230dc3a757fcbaddec7047cf1,277,265,12,1043.315,2521.496,5,385860952538,382271597802,3589354736,383340392518,643,a7a130a3d07333c5ef62caee8d55e7530bdccd5f4853fd1cfcd836739244a6de,643,10750,IDENTITY
h3-large-reuse24,qwen2.5-14b-instruct-fp16-v1,slice-versus-full-cache-v1,record-reuse,24,940129,confirmation,MEASUREMENT,attempt-dc7d267e574b42378469341cd73667a4,baseline,1,1,r075,7dfce28e2c90ec4cf02b6faa00cc10bfbe877bc0128c2dc426154a4072defced,9,3,False,True,SUCCEEDED,False,CKROV,KROV,"[42, 1285, 53, 151645]",ef7f570ab48850f39c3ea2cb30f6f57855936394fb4284093fd0604e6de222a0,278,265,13,1109.716,1892.037,4,389248519742,386224446975,3024072767,387367448412,643,fa891a3ea2ad037ae6effe67c0da4e623811fb8dc55a8f211faf3c93a5830c3e,643,10740,IDENTITY
h3-large-reuse24,qwen2.5-14b-instruct-fp16-v1,slice-versus-full-cache-v1,record-reuse,24,940129,confirmation,MEASUREMENT,attempt-dc7d267e574b42378469341cd73667a4,baseline,1,1,r076,7dfce28e2c90ec4cf02b6faa00cc10bfbe877bc0128c2dc426154a4072defced,9,4,False,True,SUCCEEDED,True,CTFPK,CTFPK,"[1162, 11698, 42, 151645]",5ba9b3fcff2fcfe9849e27808abe5af1901e4e5fccb558aaf76dbc33428b7842,277,265,12,1037.502,1893.445,4,392221138231,389266183618,2954954613,390330468229,643,aff1bcd8ae83f96df4aa03f53d09f586983480dc38f2e7bab8a927efe9eee2f0,643,10900,IDENTITY
h3-large-reuse24,qwen2.5-14b-instruct-fp16-v1,slice-versus-full-cache-v1,record-reuse,24,940129,confirmation,MEASUREMENT,attempt-dc7d267e574b42378469341cd73667a4,baseline,1,1,r077,7dfce28e2c90ec4cf02b6faa00cc10bfbe877bc0128c2dc426154a4072defced,9,5,False,True,SUCCEEDED,True,CQUFR,CQUFR,"[34, 5757, 10504, 151645]",834c41b0d7885b7f4f254645822cd7b04d5ad15b40b812d4d1d9d3a6fd8ffec3,277,265,12,1038.381,1937.538,4,395245695990,392249889697,2995806293,393313256833,643,5847c4364350cd9b84407cb8e3459e70ead8d0b108d145425627b2ee1b8389a7,643,10670,IDENTITY
h3-large-reuse24,qwen2.5-14b-instruct-fp16-v1,slice-versus-full-cache-v1,record-reuse,24,940129,confirmation,MEASUREMENT,attempt-dc7d267e574b42378469341cd73667a4,baseline,1,1,r078,7dfce28e2c90ec4cf02b6faa00cc10bfbe877bc0128c2dc426154a4072defced,9,6,False,True,SUCCEEDED,True,CVDZC,CVDZC,"[34, 12474, 57, 34, 151645]",ebb9af117685fc7377e1e2d6453e7f9bca1aff0991619ab2051bc1784f4aa48a,277,265,12,1051.665,2531.424,5,398881739214,395280281551,3601457663,396364088121,643,43a6cddf188ff7fe2d66ccaa7211b642c551863a4057ccfd49715751375179ea,643,10629,IDENTITY
h3-large-reuse24,qwen2.5-14b-instruct-fp16-v1,slice-versus-full-cache-v1,record-reuse,24,940129,confirmation,MEASUREMENT,attempt-dc7d267e574b42378469341cd73667a4,baseline,1,1,r079,7dfce28e2c90ec4cf02b6faa00cc10bfbe877bc0128c2dc426154a4072defced,9,7,False,True,SUCCEEDED,True,CUBFP,CUBFP,"[34, 4493, 11698, 151645]",4e20f340e5453c9368b5a5b5f6949a6b61ada9e0cb19d85ec412f00d847b1f00,276,265,11,966.515,1892.034,4,402114312702,399232462952,2881849750,400215014260,643,0cfccf528bcfc1388bbb7076cac955b09eda05c74e8fd2554942c21417baa143,643,10670,IDENTITY
h3-large-reuse24,qwen2.5-14b-instruct-fp16-v1,slice-versus-full-cache-v1,record-reuse,24,940129,confirmation,MEASUREMENT,attempt-dc7d267e574b42378469341cd73667a4,baseline,1,1,r080,b74e2f13ac0461af186d9e3d4ae5ae77a0a95f703d5ec928740df1bab8cf56d3,10,0,True,True,SUCCEEDED,True,CHQWC,CHQWC,"[2149, 48, 25459, 151645]",6837dc6ffb0b4b32f971d213007dacd541f14b547e20a7bd93317212c29bf48e,273,70,203,15304.389,1894.946,4,419498275575,402273952084,17224323491,417638642366,643,3262c68f725a417aa60f30ce113b0c9637517111cf0aa9148e6b8f9e11eff702,643,10649,IDENTITY
h3-large-reuse24,qwen2.5-14b-instruct-fp16-v1,slice-versus-full-cache-v1,record-reuse,24,940129,confirmation,MEASUREMENT,attempt-dc7d267e574b42378469341cd73667a4,baseline,1,1,r081,b74e2f13ac0461af186d9e3d4ae5ae77a0a95f703d5ec928740df1bab8cf56d3,10,1,False,True,SUCCEEDED,True,CXGMH,CXGMH,"[65240, 20637, 39, 151645]",4a7859cb49bef99db243281c899ee69966e84218000bd13b824c1523bc0952c2,273,262,11,965.409,1895.015,4,423166986055,420282373599,2884612456,421267518939,643,b6ce6e55cc167f869b6c7ae1285e8fb21d0ac636508ac0740115fd1da74ee513,643,11111,IDENTITY
h3-large-reuse24,qwen2.5-14b-instruct-fp16-v1,slice-versus-full-cache-v1,record-reuse,24,940129,confirmation,MEASUREMENT,attempt-dc7d267e574b42378469341cd73667a4,baseline,1,1,r082,b74e2f13ac0461af186d9e3d4ae5ae77a0a95f703d5ec928740df1bab8cf56d3,10,2,False,True,SUCCEEDED,True,CUWVD,CUWVD,"[16799, 54, 12474, 151645]",dc2b0e3264cf8aa6fbcf7b9cf1d345054b1431f3a0dd989e1c56ffcdceb49d41,273,261,12,1046.916,1976.102,4,426370532113,423326568100,3043964013,424402048022,643,d62896ccff8bd983dfe16a39657e1023dc8686c660258112e22b6d10b3c4046b,643,10841,IDENTITY
h3-large-reuse24,qwen2.5-14b-instruct-fp16-v1,slice-versus-full-cache-v1,record-reuse,24,940129,confirmation,MEASUREMENT,attempt-dc7d267e574b42378469341cd73667a4,baseline,1,1,r083,b74e2f13ac0461af186d9e3d4ae5ae77a0a95f703d5ec928740df1bab8cf56d3,10,3,False,True,SUCCEEDED,False,CPUEI,PUEI,"[47, 2230, 40, 151645]",8c7be66853170046201fc2b4a5bc36da14cc2801b4515dda5efa22f4044aaaad,273,261,12,1052.286,1895.937,4,429358141108,426386497010,2971644098,427469126212,643,3f6a3e63f13c0e47a90d1842db005e20859d06cc0b15c49fb64bc7b4f444ff3e,643,11050,IDENTITY
h3-large-reuse24,qwen2.5-14b-instruct-fp16-v1,slice-versus-full-cache-v1,record-reuse,24,940129,confirmation,MEASUREMENT,attempt-dc7d267e574b42378469341cd73667a4,baseline,1,1,r084,b74e2f13ac0461af186d9e3d4ae5ae77a0a95f703d5ec928740df1bab8cf56d3,10,4,False,True,SUCCEEDED,True,CCTRS,CCTRS,"[34, 1162, 11451, 151645]",713ae791746711821f04af83009fdabc75761761acf9d9c871394e38fe5ac808,272,261,11,969.37,1889.409,4,432256808981,429374141471,2882667510,430362264566,643,ccad43365038de58dc3784a8b0bcbc7a7d881964539441b9025ae549ef69ee7b,643,10710,IDENTITY
h3-large-reuse24,qwen2.5-14b-instruct-fp16-v1,slice-versus-full-cache-v1,record-reuse,24,940129,confirmation,MEASUREMENT,attempt-dc7d267e574b42378469341cd73667a4,baseline,1,1,r085,b74e2f13ac0461af186d9e3d4ae5ae77a0a95f703d5ec928740df1bab8cf56d3,10,5,False,True,SUCCEEDED,True,CBKDF,CBKDF,"[12979, 42, 5262, 151645]",b8cd6957f9f4de626e2506ec1e427e7f092a90abf7c635dc077b6fcdffadec85,272,261,11,968.169,1894.888,4,435230747214,432347784214,2882963000,433346541187,643,6c65ef9e03dde530e4aea54df16488642fcb46f462fc333a76d92ec59f13de96,643,10670,IDENTITY
h3-large-reuse24,qwen2.5-14b-instruct-fp16-v1,slice-versus-full-cache-v1,record-reuse,24,940129,confirmation,MEASUREMENT,attempt-dc7d267e574b42378469341cd73667a4,baseline,1,1,r086,b74e2f13ac0461af186d9e3d4ae5ae77a0a95f703d5ec928740df1bab8cf56d3,10,6,False,True,SUCCEEDED,False,CGNXX,G,"[38, 151645]",c14951523b353ba524c9be9285a80809eb7a546e6f286cf7f5cc26afa2992544,273,261,12,1035.953,631.749,2,437024675023,435333829853,1690845170,436390511091,643,c903982b4515cb8b049680c88538080382d8cdeb37145f16b056df5cb50b2b22,643,11121,IDENTITY
h3-large-reuse24,qwen2.5-14b-instruct-fp16-v1,slice-versus-full-cache-v1,record-reuse,24,940129,confirmation,MEASUREMENT,attempt-dc7d267e574b42378469341cd73667a4,baseline,1,1,r087,b74e2f13ac0461af186d9e3d4ae5ae77a0a95f703d5ec928740df1bab8cf56d3,10,7,False,True,SUCCEEDED,True,CACBD,CACBD,"[34, 1706, 9548, 151645]",3ba2cbd656e764f528a8be5ca65f3683adfb88febcd75f1949373856eea320b9,273,261,12,1045.858,1932.071,4,440324138462,437326196720,2997941742,438394945850,643,421cc322f0bd466b4df0de195cdc7098256cd61239e34abb8666e96d43f11e35,643,10730,IDENTITY
h3-large-reuse24,qwen2.5-14b-instruct-fp16-v1,slice-versus-full-cache-v1,record-reuse,24,940129,confirmation,MEASUREMENT,attempt-dc7d267e574b42378469341cd73667a4,baseline,1,1,r088,5a349e401fff133aa08cf08ac9effdaaf2656297fb7ec4f69fd66df1d01f4756,11,0,True,True,SUCCEEDED,False,CGYZA,GYZA,"[38, 40209, 32, 151645]",68cba7f739882086a0d66661e0cb53cdd2f0f219ecdc58566c8951f051bc3d31,283,70,213,16235.359,1889.878,4,458550998641,440400771815,18150226826,456669818128,643,da3e53c1b56b1746f9ea52ee37028aec9f3c906a27ee7a2205861c9d266b666e,643,10690,IDENTITY
h3-large-reuse24,qwen2.5-14b-instruct-fp16-v1,slice-versus-full-cache-v1,record-reuse,24,940129,confirmation,MEASUREMENT,attempt-dc7d267e574b42378469341cd73667a4,baseline,1,1,r089,5a349e401fff133aa08cf08ac9effdaaf2656297fb7ec4f69fd66df1d01f4756,11,1,False,True,SUCCEEDED,True,CZAFG,CZAFG,"[34, 57, 8276, 38, 151645]",30a51960c9a23ab8eb433a4b39090bdfadb131c90fd8be099e9661a387db8a85,283,272,11,966.672,2545.834,5,462933635213,459397122825,3536512388,460384064494,643,86e96deb390bd54c02133c345e68f8ef3983aff0c66cbfdb67fdc818e11b0de8,643,10750,IDENTITY
h3-large-reuse24,qwen2.5-14b-instruct-fp16-v1,slice-versus-full-cache-v1,record-reuse,24,940129,confirmation,MEASUREMENT,attempt-dc7d267e574b42378469341cd73667a4,baseline,1,1,r090,5a349e401fff133aa08cf08ac9effdaaf2656297fb7ec4f69fd66df1d01f4756,11,2,False,True,SUCCEEDED,False,CKOZB,K,"[42, 151645]",190b6945a6cf01a7cd0bddcbde89ad821165c11a3a338c1d4039c396c4566248,283,271,12,1037.209,631.663,2,465105846982,463425466865,1680380117,464489395545,643,eaeb8c0c0208e17fdd37e5f829cf69debe77f705e7bfa27105e7eb0fd55bbf2a,643,10860,IDENTITY
h3-large-reuse24,qwen2.5-14b-instruct-fp16-v1,slice-versus-full-cache-v1,record-reuse,24,940129,confirmation,MEASUREMENT,attempt-dc7d267e574b42378469341cd73667a4,baseline,1,1,r091,5a349e401fff133aa08cf08ac9effdaaf2656297fb7ec4f69fd66df1d01f4756,11,3,False,True,SUCCEEDED,False,CCWDX,CWWDX,"[34, 18985, 16591, 151645]",741760660a63c109dcce2eccde80bed1fd4236039f5c53056f8bb7b88c10a362,283,271,12,1035.952,1891.186,4,468381321558,465431848614,2949472944,466499585021,643,9b69c294c25c70a3b1799af15430fb066882c6fac05732991509ccddbc308854,643,10599,IDENTITY
h3-large-reuse24,qwen2.5-14b-instruct-fp16-v1,slice-versus-full-cache-v1,record-reuse,24,940129,confirmation,MEASUREMENT,attempt-dc7d267e574b42378469341cd73667a4,baseline,1,1,r092,5a349e401fff133aa08cf08ac9effdaaf2656297fb7ec4f69fd66df1d01f4756,11,4,False,True,SUCCEEDED,True,CEMGY,CEMGY,"[2104, 31939, 56, 151645]",d7500fe34c3673b05039b7902bb0ef41bacf563c2d5618581a3f166e5ced75fc,283,271,12,1038.672,1891.593,4,471399114271,468445455556,2953658715,469506057030,643,ad966d08b0a2b9d052ceaffa27cbe8c21fec3ecf4a012c573fd9f26fd6477829,643,10710,IDENTITY
h3-large-reuse24,qwen2.5-14b-instruct-fp16-v1,slice-versus-full-cache-v1,record-reuse,24,940129,confirmation,MEASUREMENT,attempt-dc7d267e574b42378469341cd73667a4,baseline,1,1,r093,5a349e401fff133aa08cf08ac9effdaaf2656297fb7ec4f69fd66df1d01f4756,11,5,False,True,SUCCEEDED,False,COFPW,OFPW,"[46, 11698, 54, 151645]",3e68c52e7813a8e6b60049a28fe9bde7205b2e884493c91259e58cbc5d019cee,283,271,12,1038.52,1892.827,4,474405096690,471450423279,2954673411,472521582850,643,04e1eb5f59508c213feae9ea30c80a6830fe6b715644095295f239c2de8f0d3b,643,10489,IDENTITY
h3-large-reuse24,qwen2.5-14b-instruct-fp16-v1,slice-versus-full-cache-v1,record-reuse,24,940129,confirmation,MEASUREMENT,attempt-dc7d267e574b42378469341cd73667a4,baseline,1,1,r094,5a349e401fff133aa08cf08ac9effdaaf2656297fb7ec4f69fd66df1d01f4756,11,6,False,True,SUCCEEDED,False,CIKRZ,I KRZ,"[40, 65169, 57, 151645]",4639cbba9d6a9cf5407134f2221221af60497f681e617740abaaec2e931e79b6,284,271,13,1113.706,1928.33,4,477496186424,474434252177,3061934247,475581836593,643,9319c8be6d5d4f2f609cca268ebdf943a34139b16839ad21a1fb96766d564e2d,643,11181,IDENTITY
h3-large-reuse24,qwen2.5-14b-instruct-fp16-v1,slice-versus-full-cache-v1,record-reuse,24,940129,confirmation,MEASUREMENT,attempt-dc7d267e574b42378469341cd73667a4,baseline,1,1,r095,5a349e401fff133aa08cf08ac9effdaaf2656297fb7ec4f69fd66df1d01f4756,11,7,False,True,SUCCEEDED,False,CJPLA,JPLA,"[41, 2916, 32, 151645]",d7fd413e5dab3230795d6dcba50b20d7660ee93b91325bd7a96256827a7ba130,283,271,12,1038.992,1890.05,4,480465612329,477512336075,2953276254,478581937840,643,897bce8c658aa021279767a1f8d5b01a9452732fcededadf73c1c0138cac3a60,643,10579,IDENTITY
h3-large-reuse24,qwen2.5-14b-instruct-fp16-v1,slice-versus-full-cache-v1,record-reuse,24,940129,confirmation,MEASUREMENT,attempt-dc7d267e574b42378469341cd73667a4,baseline,1,1,r096,edefefb0bcf5d7dd4f9b5205bc5c43ac53d77498099c84e68441a5f68437daf8,12,0,True,True,SUCCEEDED,False,CMJJQ,MJJQ,"[44, 63391, 48, 151645]",b090940acbdd3c4c0afe5bb6d26b9128ba15060e64d17c5d2bfcf7fda6df5b8d,275,70,205,15473.897,1890.291,4,497858283637,480481669447,17376614190,495986107372,643,8490d794a6f3139ba6d5c147946d566a7ba77063919a2b668f4c103bbe2cf774,643,10630,IDENTITY
h3-large-reuse24,qwen2.5-14b-instruct-fp16-v1,slice-versus-full-cache-v1,record-reuse,24,940129,confirmation,MEASUREMENT,attempt-dc7d267e574b42378469341cd73667a4,baseline,1,1,r097,edefefb0bcf5d7dd4f9b5205bc5c43ac53d77498099c84e68441a5f68437daf8,12,1,False,True,SUCCEEDED,True,CJPES,CJPES,"[34, 27188, 1570, 151645]",a5e75150e18ac8810b9783684bd963fdc23192c588aa4a1b845515b557489813,276,263,13,1109.787,1920.739,4,501572377519,498517854138,3054523381,499647425510,643,3c0a0954c2cd75f07adeb3c7c6af445ebe68f1eed106b4de228d0472582ce8eb,643,10820,IDENTITY
h3-large-reuse24,qwen2.5-14b-instruct-fp16-v1,slice-versus-full-cache-v1,record-reuse,24,940129,confirmation,MEASUREMENT,attempt-dc7d267e574b42378469341cd73667a4,baseline,1,1,r098,edefefb0bcf5d7dd4f9b5205bc5c43ac53d77498099c84e68441a5f68437daf8,12,2,False,True,SUCCEEDED,False,CPARE,PARE,"[47, 4477, 151645]",ba1db44cf81e2331ce4022c1adeca838803f24716f49dadcdf3a23d4307891f5,276,263,13,1112.887,1259.439,3,503987288780,501590883790,2396404990,502726971906,643,871444be0a27224b81fce5ab17fcbfafcedf9dcd78f83a958332e2978348b608,643,10510,IDENTITY
h3-large-reuse24,qwen2.5-14b-instruct-fp16-v1,slice-versus-full-cache-v1,record-reuse,24,940129,confirmation,MEASUREMENT,attempt-dc7d267e574b42378469341cd73667a4,baseline,1,1,r099,edefefb0bcf5d7dd4f9b5205bc5c43ac53d77498099c84e68441a5f68437daf8,12,3,False,True,SUCCEEDED,True,CYFGU,CYFGU,"[34525, 12001, 52, 151645]",a233fc94f4832a365911c759991795e958c6a36498fa90f08952ea75b52a945a,275,263,12,1035.333,1889.019,4,507472987030,504520307164,2952679866,505577073630,643,7258bb07ac93fc7da8dffe7209595f08c293479ad9235ad55bb1fd9beb52b32d,643,10971,IDENTITY
h3-large-reuse24,qwen2.5-14b-instruct-fp16-v1,slice-versus-full-cache-v1,record-reuse,24,940129,confirmation,MEASUREMENT,attempt-dc7d267e574b42378469341cd73667a4,baseline,1,1,r100,edefefb0bcf5d7dd4f9b5205bc5c43ac53d77498099c84e68441a5f68437daf8,12,4,False,True,SUCCEEDED,False,CLUSN,LUSN,"[43, 2034, 45, 151645]",9a572567435434f28f239f1156ed1def022353d9bffa93805154ddf4d55006af,275,263,12,1036.19,1889.094,4,510517462483,507575652854,2941809629,508630201788,643,7f861e45ba05d36de92e59dda6694de093bed8a94ef796019c9a766fefe2e93f,643,10760,IDENTITY
h3-large-reuse24,qwen2.5-14b-instruct-fp16-v1,slice-versus-full-cache-v1,record-reuse,24,940129,confirmation,MEASUREMENT,attempt-dc7d267e574b42378469341cd73667a4,baseline,1,1,r101,edefefb0bcf5d7dd4f9b5205bc5c43ac53d77498099c84e68441a5f68437daf8,12,5,False,True,SUCCEEDED,True,CIAON,CIAON,"[34, 5863, 711, 151645]",ab744657b703882069a142c6a3f91138b553205c9f7e9a4838418a5b25c706e6,275,263,12,1038.339,1917.841,4,513571277888,510585736747,2985541141,511646024599,643,92ba87a527cb8e37902b15b6be8330794414c5323401025016efd89b57b85a59,643,10459,IDENTITY
h3-large-reuse24,qwen2.5-14b-instruct-fp16-v1,slice-versus-full-cache-v1,record-reuse,24,940129,confirmation,MEASUREMENT,attempt-dc7d267e574b42378469341cd73667a4,baseline,1,1,r102,edefefb0bcf5d7dd4f9b5205bc5c43ac53d77498099c84e68441a5f68437daf8,12,6,False,True,SUCCEEDED,True,CCRSL,CCRSL,"[3706, 49, 7984, 151645]",5c58627012350939dd83098bbcde0ba3e22f390b5abfa89407e6dfdff9515368,275,263,12,1038.344,1890.969,4,516554391226,513601903558,2952487668,514670650274,643,21af11ec1b95f3a4136b8d34ce24d275fd578d7c9009331d94308fae7e9323a9,643,10800,IDENTITY
h3-large-reuse24,qwen2.5-14b-instruct-fp16-v1,slice-versus-full-cache-v1,record-reuse,24,940129,confirmation,MEASUREMENT,attempt-dc7d267e574b42378469341cd73667a4,baseline,1,1,r103,edefefb0bcf5d7dd4f9b5205bc5c43ac53d77498099c84e68441a5f68437daf8,12,7,False,True,SUCCEEDED,True,CTRLT,CTRLT,"[34440, 51, 151645]",0f03b7339273b52dc2150054cb04c853b040884e97ea252be87ae2a8b936cf63,274,263,11,968.514,1259.872,3,518847151772,516594787068,2252364704,517583313042,643,ede482cf25e727d909bcb19e27eca8fbc4fe39b0a262602f6847d5a149fd1c31,643,10620,IDENTITY
h3-large-reuse24,qwen2.5-14b-instruct-fp16-v1,slice-versus-full-cache-v1,record-reuse,24,940129,confirmation,MEASUREMENT,attempt-dc7d267e574b42378469341cd73667a4,baseline,1,1,r104,c7aab0ddac869462273e075103bd0ef7393b6afd4edf83ad4c92dd6a7c739030,13,0,True,True,SUCCEEDED,False,CNWXK,NWXK,"[45, 65376, 42, 151645]",e0b8ee6220149346e75544c78291a2d69a34735835e20cb485d9a21556590000,273,70,203,15285.997,1889.527,4,536763515841,519564017899,17199497942,534908137983,643,de3d38118c7b5f0d839cadb697c66545626af4313ad52d972b5568dc163feb62,643,10649,IDENTITY
h3-large-reuse24,qwen2.5-14b-instruct-fp16-v1,slice-versus-full-cache-v1,record-reuse,24,940129,confirmation,MEASUREMENT,attempt-dc7d267e574b42378469341cd73667a4,baseline,1,1,r105,c7aab0ddac869462273e075103bd0ef7393b6afd4edf83ad4c92dd6a7c739030,13,1,False,True,SUCCEEDED,True,CYDCB,CYDCB,"[34525, 5626, 33, 151645]",19392903f8fd0a0e4bc457224e902dff53873254b4369dd8b01ec90e7dafe3fc,274,262,12,1034.646,1890.251,4,540551812489,537603643940,2948168549,538665640527,643,8ddcb109454e01072ec8993d954e29f62e386224d2ee13ed05872b7ae19cee72,643,10520,IDENTITY
h3-large-reuse24,qwen2.5-14b-instruct-fp16-v1,slice-versus-full-cache-v1,record-reuse,24,940129,confirmation,MEASUREMENT,attempt-dc7d267e574b42378469341cd73667a4,baseline,1,1,r106,c7aab0ddac869462273e075103bd0ef7393b6afd4edf83ad4c92dd6a7c739030,13,2,False,True,SUCCEEDED,False,CSRYE,SRYE,"[50, 11242, 36, 151645]",73f233a6f43bfe2a7161b80b739e4947ad9f7df2588bd3181412e7c5f59db036,274,262,12,1037.142,1893.689,4,543607831300,540652948229,2954883071,541712185568,643,a7c1b8b2838f8d3e6920ef4a29863583a2ae4bc18e719de4032a38f1934a0b8f,643,10830,IDENTITY
h3-large-reuse24,qwen2.5-14b-instruct-fp16-v1,slice-versus-full-cache-v1,record-reuse,24,940129,confirmation,MEASUREMENT,attempt-dc7d267e574b42378469341cd73667a4,baseline,1,1,r107,c7aab0ddac869462273e075103bd0ef7393b6afd4edf83ad4c92dd6a7c739030,13,3,False,True,SUCCEEDED,True,CCFHB,CCFHB,"[3706, 37, 30725, 151645]",ce6c58641f189b8519f42d10841f6ba78efb781f357e5449fbf094bbd0540add,274,262,12,1036.723,1890.25,4,546597606221,543650700249,2946905972,544716087179,643,d345a01e195b13e8eab20336c5064d2d16f0edbb63d8c7995b9b0a6c73280a5f,643,10700,IDENTITY
h3-large-reuse24,qwen2.5-14b-instruct-fp16-v1,slice-versus-full-cache-v1,record-reuse,24,940129,confirmation,MEASUREMENT,attempt-dc7d267e574b42378469341cd73667a4,baseline,1,1,r108,c7aab0ddac869462273e075103bd0ef7393b6afd4edf83ad4c92dd6a7c739030,13,4,False,True,SUCCEEDED,False,CGVXQ,GVXQ,"[38, 53, 55, 48, 151645]",95e49abf7ca971a0360891fdd2bd5c82f632480fb68e54afb5b10b39487795ae,274,262,12,1036.477,2541.433,5,550261060450,546669468936,3591591514,547727053953,643,d38121b195a01a8c1b7521ee8a33597fab66e0c73887687b4ad143647d11c37c,643,11311,IDENTITY
h3-large-reuse24,qwen2.5-14b-instruct-fp16-v1,slice-versus-full-cache-v1,record-reuse,24,940129,confirmation,MEASUREMENT,attempt-dc7d267e574b42378469341cd73667a4,baseline,1,1,r109,c7aab0ddac869462273e075103bd0ef7393b6afd4edf83ad4c92dd6a7c739030,13,5,False,True,SUCCEEDED,True,CTCIU,CTCIU,"[34, 7749, 80000, 151645]",3a06fabac4bfd6cba9cd01df860daad567169c3e59ea1a62c278402afb5eaf88,273,262,11,965.597,1890.63,4,553565103562,550680084461,2885019101,551672227638,643,242150965e3bc149afaba70f44e5b44642fbf0f1f45c47212fc7b98ae2d4aec1,643,10840,IDENTITY
h3-large-reuse24,qwen2.5-14b-instruct-fp16-v1,slice-versus-full-cache-v1,record-reuse,24,940129,confirmation,MEASUREMENT,attempt-dc7d267e574b42378469341cd73667a4,baseline,1,1,r110,c7aab0ddac869462273e075103bd0ef7393b6afd4edf83ad4c92dd6a7c739030,13,6,False,True,SUCCEEDED,False,CBPRC,BPRC,"[33, 6480, 34, 151645]",9149a7011acf1e2de1c21a99b6400cb5601ec1b60c0bd10e2989e67214ed6611,275,262,13,1109.545,1892.484,4,556696372284,553670572838,3025799446,554808110118,643,4ca807cdb8ed78563a955cf11326ab8061f0dd7b05b4ca9e7c382ed3be1c786b,643,10851,IDENTITY
h3-large-reuse24,qwen2.5-14b-instruct-fp16-v1,slice-versus-full-cache-v1,record-reuse,24,940129,confirmation,MEASUREMENT,attempt-dc7d267e574b42378469341cd73667a4,baseline,1,1,r111,c7aab0ddac869462273e075103bd0ef7393b6afd4edf83ad4c92dd6a7c739030,13,7,False,True,SUCCEEDED,False,CCTYS,T,"[51, 151645]",dcfcf2090063baef6b2ea28c0deb518145501d328f422086cc2db7b749c8b28a,274,262,12,1035.205,630.063,2,558403480676,556715910223,1687570453,557782779178,643,36051d32d379a6517de54645de2a27e659325db9c31f613ce849f7185c5d668d,643,10760,IDENTITY
h3-large-reuse24,qwen2.5-14b-instruct-fp16-v1,slice-versus-full-cache-v1,record-reuse,24,940129,confirmation,MEASUREMENT,attempt-dc7d267e574b42378469341cd73667a4,baseline,1,1,r112,8072f457b97eb28dfeab619075dbb71df9d5b884ad0d9061be00f5ea028355ea,14,0,True,True,SUCCEEDED,False,CYHRT,YHRT,"[56, 39, 5350, 151645]",b6c4a6160c535b534b2c144fb353cfa7666df81c2050b54f589b8ee157c9fc20,276,70,206,15521.385,1905.3,4,576143877792,558693260866,17450616926,574274990611,643,84acbbbebcd57e9b4de667d4329dd13091f7c8b8d74af296ea4fd367c384372a,643,10790,IDENTITY
h3-large-reuse24,qwen2.5-14b-instruct-fp16-v1,slice-versus-full-cache-v1,record-reuse,24,940129,confirmation,MEASUREMENT,attempt-dc7d267e574b42378469341cd73667a4,baseline,1,1,r113,8072f457b97eb28dfeab619075dbb71df9d5b884ad0d9061be00f5ea028355ea,14,1,False,True,SUCCEEDED,True,CEOMH,CEOMH,"[2104, 1898, 39, 151645]",724a6d57770fa21a8a2873062433658ec5ad173adae8e406306b5c5ffaf3671e,276,264,12,1035.032,1888.027,4,579831758828,576884699290,2947059538,577950653625,643,269fbfd4966045752d2f9aa68a408cd81c97bae199975398ac1ea94f2ead9ccf,643,10780,IDENTITY
h3-large-reuse24,qwen2.5-14b-instruct-fp16-v1,slice-versus-full-cache-v1,record-reuse,24,940129,confirmation,MEASUREMENT,attempt-dc7d267e574b42378469341cd73667a4,baseline,1,1,r114,8072f457b97eb28dfeab619075dbb71df9d5b884ad0d9061be00f5ea028355ea,14,2,False,True,SUCCEEDED,False,CZGJC,ZGJC,"[57, 38, 58367, 151645]",a35a43f66270f1dafc65ef95ecaa08f0af1f88c28300a7029d341921fc794cfe,276,264,12,1036.759,1889.45,4,582878050386,579928895124,2949155262,580987198226,643,7a74b508cf4884b74a8e90d4e7c8325571671b7e271d5045d73bc589e0c9c77e,643,10890,IDENTITY
h3-large-reuse24,qwen2.5-14b-instruct-fp16-v1,slice-versus-full-cache-v1,record-reuse,24,940129,confirmation,MEASUREMENT,attempt-dc7d267e574b42378469341cd73667a4,baseline,1,1,r115,8072f457b97eb28dfeab619075dbb71df9d5b884ad0d9061be00f5ea028355ea,14,3,False,True,SUCCEEDED,True,CPNPW,CPNPW,"[7123, 26227, 54, 151645]",f6b733fbc5a423a4ad495f73ceb6a96e11045f9eae31dc456974948e0f221b71,276,264,12,1035.932,1893.083,4,585887161935,582933557839,2953604096,584001365191,643,efb01adde249fd29253741fc2b60489f4b485872a7c24fcc7e970781b0749321,643,10780,IDENTITY
h3-large-reuse24,qwen2.5-14b-instruct-fp16-v1,slice-versus-full-cache-v1,record-reuse,24,940129,confirmation,MEASUREMENT,attempt-dc7d267e574b42378469341cd73667a4,baseline,1,1,r116,8072f457b97eb28dfeab619075dbb71df9d5b884ad0d9061be00f5ea028355ea,14,4,False,True,SUCCEEDED,True,CGQIU,CGQIU,"[8798, 48, 80000, 151645]",f08f6b5d8a6d54d4d22f1448189433dd23450652de14ec8706fa6af220fcf5e9,276,264,12,1043.105,1923.833,4,588926914880,585935356303,2991558577,587012945736,643,40b85eff7aa016e70f565a7a3a178a0b94cbf4cd99cf9b539c6d742493aa98a3,643,10900,IDENTITY
h3-large-reuse24,qwen2.5-14b-instruct-fp16-v1,slice-versus-full-cache-v1,record-reuse,24,940129,confirmation,MEASUREMENT,attempt-dc7d267e574b42378469341cd73667a4,baseline,1,1,r117,8072f457b97eb28dfeab619075dbb71df9d5b884ad0d9061be00f5ea028355ea,14,5,False,True,SUCCEEDED,True,CMTLQ,CMTLQ,"[34, 8505, 43, 48, 151645]",00202746156704eba947b45017ea08b91cedd93be0df91b1152fa451afad7c7c,276,265,11,970.955,2521.278,5,592476434446,588959488360,3516946086,589961008960,643,e1ba65c8a31b4b4f7cc493abf70c538fb98cef72dab08e95d8eb3905d287307c,643,12383,IDENTITY
h3-large-reuse24,qwen2.5-14b-instruct-fp16-v1,slice-versus-full-cache-v1,record-reuse,24,940129,confirmation,MEASUREMENT,attempt-dc7d267e574b42378469341cd73667a4,baseline,1,1,r118,8072f457b97eb28dfeab619075dbb71df9d5b884ad0d9061be00f5ea028355ea,14,6,False,True,SUCCEEDED,True,CCPBI,CCPBI,"[3706, 47, 8598, 151645]",4a44bc222e5015b532612b2384d5ca274e28bc331f1790f7eef04dec123ea61e,276,264,12,1033.938,1889.604,4,595878733094,592931315671,2947417423,593985380545,643,0b523b50a80a1a436d323e992f7c3e5d1c9811719e1591d386d09d7143301940,643,11582,IDENTITY
h3-large-reuse24,qwen2.5-14b-instruct-fp16-v1,slice-versus-full-cache-v1,record-reuse,24,940129,confirmation,MEASUREMENT,attempt-dc7d267e574b42378469341cd73667a4,baseline,1,1,r119,8072f457b97eb28dfeab619075dbb71df9d5b884ad0d9061be00f5ea028355ea,14,7,False,True,SUCCEEDED,True,CSHDI,CSHDI,"[6412, 39, 17625, 151645]",7dd4f5b896faa5cf6524c7de3d6b973b0f3faad12f9fb7b5a3835c102a3d4061,275,264,11,967.526,1889.387,4,598837235783,595956529590,2880706193,596939175884,643,5f7bd1d1c0c6a804e4fe69b768a9d2e38b47a3c7f9535537369362fa9faf9f29,643,11011,IDENTITY
h3-large-reuse24,qwen2.5-14b-instruct-fp16-v1,slice-versus-full-cache-v1,record-reuse,24,940129,confirmation,MEASUREMENT,attempt-dc7d267e574b42378469341cd73667a4,baseline,1,1,r120,8f5d398b8c2e9af3d3281a2bd74b8562743308cf4e7ea1f1fed4a9810c4542b3,15,0,True,True,SUCCEEDED,False,CJUWD,JUWD,"[41, 52, 17563, 151645]",4d253a1bc378bd103252adf3ee779c64ea4fbb9b789028169e5a302486324e2b,278,70,208,15660.257,1891.27,4,616549406460,598974782017,17574624443,614654536530,643,f25aeceeb49c3c77b9fa64d871b9302ac1527bd87c649dbbdde1ccb8235f8abd,643,10780,IDENTITY
h3-large-reuse24,qwen2.5-14b-instruct-fp16-v1,slice-versus-full-cache-v1,record-reuse,24,940129,confirmation,MEASUREMENT,attempt-dc7d267e574b42378469341cd73667a4,baseline,1,1,r121,8f5d398b8c2e9af3d3281a2bd74b8562743308cf4e7ea1f1fed4a9810c4542b3,15,1,False,True,SUCCEEDED,True,CVZBE,CVZBE,"[19589, 57, 11594, 151645]",59a9a05aad1012155872eeb0f774b07b5b62751fcabe1aa82e666515851ac860,278,266,12,1034.752,1888.902,4,619934017338,616989833817,2944183521,618052553589,643,b57fdf36271231edf891294caffe98ec3f48f63d1fe5482372106fb6df3afd59,643,10680,IDENTITY
h3-large-reuse24,qwen2.5-14b-instruct-fp16-v1,slice-versus-full-cache-v1,record-reuse,24,940129,confirmation,MEASUREMENT,attempt-dc7d267e574b42378469341cd73667a4,baseline,1,1,r122,8f5d398b8c2e9af3d3281a2bd74b8562743308cf4e7ea1f1fed4a9810c4542b3,15,2,False,True,SUCCEEDED,False,CJGIR,JGIR,"[41, 38, 2801, 151645]",1f45b7070b3440f80e44eb97be13b759b334281d1f2e937cc1e4fdeafe162062,278,266,12,1035.577,1890.944,4,622967781871,620016732587,2951049284,621079444875,643,feb84228a6e96c4319b90cb31eb71d3997c9a28557ca6504d0a96a8e2c043892,643,10890,IDENTITY
h3-large-reuse24,qwen2.5-14b-instruct-fp16-v1,slice-versus-full-cache-v1,record-reuse,24,940129,confirmation,MEASUREMENT,attempt-dc7d267e574b42378469341cd73667a4,baseline,1,1,r123,8f5d398b8c2e9af3d3281a2bd74b8562743308cf4e7ea1f1fed4a9810c4542b3,15,3,False,True,SUCCEEDED,False,CRGDH,RGDH,"[49, 40849, 39, 151645]",c343f2297970b8b4d686f2128beb45346edcd087bbc888aa0797cb8c91f005e5,278,266,12,1035.35,1891.254,4,625951494283,622995364524,2956129759,624050368143,643,299abd23598ae14c0a78ab564f0f356e1a2d6662aec0f4dae75b91257777490d,643,11191,IDENTITY
h3-large-reuse24,qwen2.5-14b-instruct-fp16-v1,slice-versus-full-cache-v1,record-reuse,24,940129,confirmation,MEASUREMENT,attempt-dc7d267e574b42378469341cd73667a4,baseline,1,1,r124,8f5d398b8c2e9af3d3281a2bd74b8562743308cf4e7ea1f1fed4a9810c4542b3,15,4,False,True,SUCCEEDED,True,CTSVU,CTSVU,"[1162, 17803, 52, 151645]",628b236a95cd43ec35d3f67c7f3e2bfe8a9650d6d31a37c35feb68c1e066ba78,278,266,12,1034.956,1887.96,4,628962208157,626015495494,2946712663,627080131288,643,ff5ca4459dc6de154f40b04ed6247baac98962c7fc57bf250b6d16b0ca491234,643,11051,IDENTITY
h3-large-reuse24,qwen2.5-14b-instruct-fp16-v1,slice-versus-full-cache-v1,record-reuse,24,940129,confirmation,MEASUREMENT,attempt-dc7d267e574b42378469341cd73667a4,baseline,1,1,r125,8f5d398b8c2e9af3d3281a2bd74b8562743308cf4e7ea1f1fed4a9810c4542b3,15,5,False,True,SUCCEEDED,False,CMCHW,MCHW,"[44, 2149, 54, 151645]",9127321bea4769e62d8ef14f24a31787bb29c26a67e13425c599e9a598fb8425,278,266,12,1035.362,1889.615,4,632001420807,629052708928,2948711879,630106301474,643,b950bdc762910fb2e4121ef3f3fdfb34d2a5eb35d125139eaa051f838b629ac2,643,10759,IDENTITY
h3-large-reuse24,qwen2.5-14b-instruct-fp16-v1,slice-versus-full-cache-v1,record-reuse,24,940129,confirmation,MEASUREMENT,attempt-dc7d267e574b42378469341cd73667a4,baseline,1,1,r126,8f5d398b8c2e9af3d3281a2bd74b8562743308cf4e7ea1f1fed4a9810c4542b3,15,6,False,True,SUCCEEDED,True,CGSNJ,CGSNJ,"[8798, 18966, 41, 151645]",c1410853bbd0b4f0643248c2cc489229d5eb80d3cf1518fe45ebbd06064b8d67,278,266,12,1035.564,1889.305,4,635011996885,632055979877,2956017008,633120853792,643,5b3b8212dc64a6cbdd94b59a81217193a55d06a6ab9e0df4b7e6198ff2f901bd,643,10870,IDENTITY
h3-large-reuse24,qwen2.5-14b-instruct-fp16-v1,slice-versus-full-cache-v1,record-reuse,24,940129,confirmation,MEASUREMENT,attempt-dc7d267e574b42378469341cd73667a4,baseline,1,1,r127,8f5d398b8c2e9af3d3281a2bd74b8562743308cf4e7ea1f1fed4a9810c4542b3,15,7,False,True,SUCCEEDED,False,CFKKM,FKKM,"[37, 50457, 44, 151645]",6703d2dbe5abdc3e56c610de220ab37f6259181289d1eeec9a70860c55e6c7d3,278,266,12,1044.092,1911.576,4,638048284708,635069631091,2978653617,636127405821,643,c88bdf1d20bd1bb76e5e1af68f2534cde619f8a0990ed83a88da3bc0a8927d68,643,11591,IDENTITY
