study,kind,record_index,phase,status,clock_boot_id,start_ns,finish_ns,duration_s,bytes_acquired,details
legacy-comparison,inherited_or_current_setup,0,source-acquisition,COMPLETED,bf6e335a-b7ba-4c68-ba5f-b7c47549b388,262764393603051,262768334950432,3.941347381,203559997,source-acquisition; retained local logs and artifacts
legacy-protocol-failure,inherited_or_current_setup,0,source-acquisition,COMPLETED,bf6e335a-b7ba-4c68-ba5f-b7c47549b388,262764393603051,262768334950432,3.941347381,203559997,source-acquisition; retained local logs and artifacts
legacy-comparison,inherited_or_current_setup,1,model-acquisition,COMPLETED,bf6e335a-b7ba-4c68-ba5f-b7c47549b388,262768395958038,262811996753960,43.600795922,1266425774,model-acquisition; retained local logs and artifacts
legacy-protocol-failure,inherited_or_current_setup,1,model-acquisition,COMPLETED,bf6e335a-b7ba-4c68-ba5f-b7c47549b388,262768395958038,262811996753960,43.600795922,1266425774,model-acquisition; retained local logs and artifacts
legacy-comparison,inherited_or_current_setup,2,build,FAILED,bf6e335a-b7ba-4c68-ba5f-b7c47549b388,262812057781123,262829398167912,17.340386789,12121092,build; retained local logs and artifacts
legacy-protocol-failure,inherited_or_current_setup,2,build,FAILED,bf6e335a-b7ba-4c68-ba5f-b7c47549b388,262812057781123,262829398167912,17.340386789,12121092,build; retained local logs and artifacts
legacy-comparison,inherited_or_current_setup,3,build,FAILED,bf6e335a-b7ba-4c68-ba5f-b7c47549b388,262995593248208,263121629656133,126.036407925,56535198,GCC8 link configuration recovery; source unchanged; original failed build and all costs retained
legacy-protocol-failure,inherited_or_current_setup,3,build,FAILED,bf6e335a-b7ba-4c68-ba5f-b7c47549b388,262995593248208,263121629656133,126.036407925,56535198,GCC8 link configuration recovery; source unchanged; original failed build and all costs retained
legacy-comparison,inherited_or_current_setup,4,build,COMPLETED,bf6e335a-b7ba-4c68-ba5f-b7c47549b388,263424104976025,263441225141148,17.120165123,29561368,GCC8 link configuration recovery; reviewed CTAD patch on pinned source; both original failed builds and all costs retained
legacy-protocol-failure,inherited_or_current_setup,4,build,COMPLETED,bf6e335a-b7ba-4c68-ba5f-b7c47549b388,263424104976025,263441225141148,17.120165123,29561368,GCC8 link configuration recovery; reviewed CTAD patch on pinned source; both original failed builds and all costs retained
legacy-comparison,inherited_or_current_setup,5,runtime-verification,COMPLETED,bf6e335a-b7ba-4c68-ba5f-b7c47549b388,263534754333486,263535450688659,0.696355173,0,local binary version and model/backend SHA-256 verification
legacy-protocol-failure,inherited_or_current_setup,5,runtime-verification,COMPLETED,bf6e335a-b7ba-4c68-ba5f-b7c47549b388,263534754333486,263535450688659,0.696355173,0,local binary version and model/backend SHA-256 verification
legacy-comparison,inherited_or_current_setup,6,runtime-protocol-validation,FAILED,bf6e335a-b7ba-4c68-ba5f-b7c47549b388,263535490720577,263574302386372,38.811665795,0,"{""attempt_id"": ""attempt-79ef9215fce64bbb86824cbcd11c9d16"", ""attempt_sha256"": ""06d37917391d75f04de4862276c1c7f7c9c4051bee3d68b4495abed167427cb8"", ""expected_requests"": 128, ""missing_requests"": 98, ""observed_requests"": 30, ""prior_study"": ""cpu-20260908-01"", ""scope"": ""original immutable failed client-normalization attempt; no candidate arm measured; not deleted or relabeled; positive efficiency claim remains ineligible for this allocation"", ""status"": ""INTERRUPTED""}"
legacy-protocol-failure,native_attempt,attempt-79ef9215fce64bbb86824cbcd11c9d16,attempt,INTERRUPTED,bf6e335a-b7ba-4c68-ba5f-b7c47549b388,263535490720577,263574302386372,38.811665795,,baseline
legacy-comparison,inherited_or_current_setup,7,artifact-finalization,COMPLETED,bf6e335a-b7ba-4c68-ba5f-b7c47549b388,263574302386372,263574365322166,0.062935794,0,"raw evidence hashing, immutable attempt publication and inventory reconciliation"
legacy-protocol-failure,inherited_or_current_setup,6,artifact-finalization,COMPLETED,bf6e335a-b7ba-4c68-ba5f-b7c47549b388,263574302386372,263574365322166,0.062935794,0,"raw evidence hashing, immutable attempt publication and inventory reconciliation"
legacy-comparison,inherited_or_current_setup,8,runtime-verification,COMPLETED,bf6e335a-b7ba-4c68-ba5f-b7c47549b388,263880763309395,263881453678212,0.690368817,0,local binary version and model/backend SHA-256 verification
legacy-comparison,native_attempt,attempt-c82e85b5a55f4d2ea23a96d3b643ba55,attempt,COMPLETED,bf6e335a-b7ba-4c68-ba5f-b7c47549b388,263881513488207,264042523303524,161.009815317,,baseline
legacy-comparison,inherited_or_current_setup,9,artifact-finalization,COMPLETED,bf6e335a-b7ba-4c68-ba5f-b7c47549b388,264042523303524,264042618949609,0.095646085,0,"raw evidence hashing, immutable attempt publication and inventory reconciliation"
legacy-comparison,native_attempt,attempt-7e8d30b9fe014d74a2983459225b1145,attempt,COMPLETED,bf6e335a-b7ba-4c68-ba5f-b7c47549b388,264042673448624,264123176203496,80.502754872,,candidate
legacy-comparison,inherited_or_current_setup,10,artifact-finalization,COMPLETED,bf6e335a-b7ba-4c68-ba5f-b7c47549b388,264123176203496,264123322725843,0.146522347,0,"raw evidence hashing, immutable attempt publication and inventory reconciliation"
legacy-comparison,native_attempt,attempt-c8478af2e19a441baa00086d2455f5f3,attempt,COMPLETED,bf6e335a-b7ba-4c68-ba5f-b7c47549b388,264123421035458,264203869165932,80.448130474,,candidate
legacy-comparison,inherited_or_current_setup,11,artifact-finalization,COMPLETED,bf6e335a-b7ba-4c68-ba5f-b7c47549b388,264203869165932,264204058827182,0.18966125,0,"raw evidence hashing, immutable attempt publication and inventory reconciliation"
legacy-comparison,native_attempt,attempt-ff893fe67723474c9f6da20edbeec395,attempt,COMPLETED,bf6e335a-b7ba-4c68-ba5f-b7c47549b388,264204201005816,264370562109785,166.361103969,,baseline
legacy-comparison,inherited_or_current_setup,12,artifact-finalization,COMPLETED,bf6e335a-b7ba-4c68-ba5f-b7c47549b388,264370562109785,264370819405020,0.257295235,0,"raw evidence hashing, immutable attempt publication and inventory reconciliation"
legacy-comparison,native_attempt,attempt-415f123085be4036a4720561cc6fac27,attempt,COMPLETED,bf6e335a-b7ba-4c68-ba5f-b7c47549b388,264371011625606,264536047469070,165.035843464,,baseline
legacy-comparison,inherited_or_current_setup,13,artifact-finalization,COMPLETED,bf6e335a-b7ba-4c68-ba5f-b7c47549b388,264536047469070,264536343273246,0.295804176,0,"raw evidence hashing, immutable attempt publication and inventory reconciliation"
legacy-comparison,native_attempt,attempt-807b9d388a774011acbb04d391d1191b,attempt,COMPLETED,bf6e335a-b7ba-4c68-ba5f-b7c47549b388,264536579409986,264616941010294,80.361600308,,candidate
legacy-comparison,inherited_or_current_setup,14,artifact-finalization,COMPLETED,bf6e335a-b7ba-4c68-ba5f-b7c47549b388,264616941010294,264617288119003,0.347108709,0,"raw evidence hashing, immutable attempt publication and inventory reconciliation"
legacy-comparison,native_attempt,attempt-e998bd9edfc24cdc9d9b114042c66bdd,attempt,COMPLETED,bf6e335a-b7ba-4c68-ba5f-b7c47549b388,264617567419493,264781219579598,163.652160105,,baseline
legacy-comparison,inherited_or_current_setup,15,artifact-finalization,COMPLETED,bf6e335a-b7ba-4c68-ba5f-b7c47549b388,264781219579598,264781700154027,0.480574429,0,"raw evidence hashing, immutable attempt publication and inventory reconciliation"
legacy-comparison,native_attempt,attempt-2b30a89a94b84ead9df92a9ac8003ab6,attempt,COMPLETED,bf6e335a-b7ba-4c68-ba5f-b7c47549b388,264782075377053,264810972636048,28.897258995,,candidate
legacy-comparison,inherited_or_current_setup,16,artifact-finalization,COMPLETED,bf6e335a-b7ba-4c68-ba5f-b7c47549b388,264810972636048,264811410963930,0.438327882,0,"raw evidence hashing, immutable attempt publication and inventory reconciliation"
legacy-comparison,native_attempt,attempt-2b0790a3a70c4e55b26b20fcb6176933,attempt,COMPLETED,bf6e335a-b7ba-4c68-ba5f-b7c47549b388,264811761017463,264840038981593,28.27796413,,candidate
legacy-comparison,inherited_or_current_setup,17,artifact-finalization,COMPLETED,bf6e335a-b7ba-4c68-ba5f-b7c47549b388,264840038981593,264840525550484,0.486568891,0,"raw evidence hashing, immutable attempt publication and inventory reconciliation"
legacy-comparison,native_attempt,attempt-658054606e3744f0a397f220d88b7170,attempt,COMPLETED,bf6e335a-b7ba-4c68-ba5f-b7c47549b388,264840913492632,264998207394874,157.293902242,,baseline
legacy-comparison,inherited_or_current_setup,18,artifact-finalization,COMPLETED,bf6e335a-b7ba-4c68-ba5f-b7c47549b388,264998207394874,264998807923077,0.600528203,0,"raw evidence hashing, immutable attempt publication and inventory reconciliation"
legacy-comparison,native_attempt,attempt-2fd2e65f95d44d8eaece2f96086beb53,attempt,COMPLETED,bf6e335a-b7ba-4c68-ba5f-b7c47549b388,264999276557222,265157520924695,158.244367473,,baseline
legacy-comparison,inherited_or_current_setup,19,artifact-finalization,COMPLETED,bf6e335a-b7ba-4c68-ba5f-b7c47549b388,265157520924695,265158132130285,0.61120559,0,"raw evidence hashing, immutable attempt publication and inventory reconciliation"
legacy-comparison,native_attempt,attempt-f5e310022c50421eb0c8fbaca9a8c64b,attempt,COMPLETED,bf6e335a-b7ba-4c68-ba5f-b7c47549b388,265158628550216,265186923222100,28.294671884,,candidate
legacy-comparison,inherited_or_current_setup,20,artifact-finalization,COMPLETED,bf6e335a-b7ba-4c68-ba5f-b7c47549b388,265186923222100,265187607622260,0.68440016,0,"raw evidence hashing, immutable attempt publication and inventory reconciliation"
14b,inherited_or_current_setup,0,source-acquisition,COMPLETED,bf6e335a-b7ba-4c68-ba5f-b7c47549b388,267650599952549,267653993683191,3.393730642,203560001,source-acquisition; exact source/model profile; all logs retained
confirmation-14b,inherited_or_current_setup,0,source-acquisition,COMPLETED,bf6e335a-b7ba-4c68-ba5f-b7c47549b388,267650599952549,267653993683191,3.393730642,203560001,source-acquisition; exact source/model profile; all logs retained
development,inherited_or_current_setup,0,source-acquisition,COMPLETED,bf6e335a-b7ba-4c68-ba5f-b7c47549b388,267650599952549,267653993683191,3.393730642,203560001,source-acquisition; exact source/model profile; all logs retained
14b,inherited_or_current_setup,1,model-acquisition,COMPLETED,bf6e335a-b7ba-4c68-ba5f-b7c47549b388,267654053342734,269039296706754,1385.24336402,29547718862,model-acquisition; exact source/model profile; all logs retained
confirmation-14b,inherited_or_current_setup,1,model-acquisition,COMPLETED,bf6e335a-b7ba-4c68-ba5f-b7c47549b388,267654053342734,269039296706754,1385.24336402,29547718862,model-acquisition; exact source/model profile; all logs retained
development,inherited_or_current_setup,1,model-acquisition,COMPLETED,bf6e335a-b7ba-4c68-ba5f-b7c47549b388,267654053342734,269039296706754,1385.24336402,29547718862,model-acquisition; exact source/model profile; all logs retained
14b,inherited_or_current_setup,2,build,COMPLETED,bf6e335a-b7ba-4c68-ba5f-b7c47549b388,269039338319780,269090033173571,50.694853791,91272566,build; exact source/model profile; all logs retained
confirmation-14b,inherited_or_current_setup,2,build,COMPLETED,bf6e335a-b7ba-4c68-ba5f-b7c47549b388,269039338319780,269090033173571,50.694853791,91272566,build; exact source/model profile; all logs retained
development,inherited_or_current_setup,2,build,COMPLETED,bf6e335a-b7ba-4c68-ba5f-b7c47549b388,269039338319780,269090033173571,50.694853791,91272566,build; exact source/model profile; all logs retained
14b,inherited_or_current_setup,3,runtime-admission,COMPLETED,bf6e335a-b7ba-4c68-ba5f-b7c47549b388,271078581638070,271078589922117,0.008284047,0,recipe/setup/hardware/prior-cost admission; actual shard and binary verification occurs inside each retained attempt
confirmation-14b,inherited_or_current_setup,3,runtime-admission,COMPLETED,bf6e335a-b7ba-4c68-ba5f-b7c47549b388,271078581638070,271078589922117,0.008284047,0,recipe/setup/hardware/prior-cost admission; actual shard and binary verification occurs inside each retained attempt
development,inherited_or_current_setup,3,runtime-admission,COMPLETED,bf6e335a-b7ba-4c68-ba5f-b7c47549b388,271078581638070,271078589922117,0.008284047,0,recipe/setup/hardware/prior-cost admission; actual shard and binary verification occurs inside each retained attempt
14b,inherited_or_current_setup,4,predecessor-study-attempt,COMPLETED,bf6e335a-b7ba-4c68-ba5f-b7c47549b388,271078610986649,271175228741085,96.617754436,0,"{""expected_requests"":8,""observed_requests"":8,""purpose"":""DEVELOPMENT"",""scope"":""prior recipe trial retained, not a cell in this recipe"",""source_attempt_id"":""attempt-ef23c70543104805b968deb5c49ea142"",""source_attempt_sha256"":""71c53484ecac5aac87bf719605ad7517199b163e03cbc0266cd9d8d77f158fe0"",""source_config_sha256"":""ca33891a79a8d02c71b924ca73b2ccee453c9067a39cc346cc8bdd5c3f6bf8e9"",""source_recipe_sha256"":""28a1de610c82ff42cd01ff0bca24414b2629c3fb91832b0f45eb0173dcaa54a4"",""source_session_id"":""8bee2851104647af831546ec6d75de87""}"
confirmation-14b,inherited_or_current_setup,4,predecessor-study-attempt,COMPLETED,bf6e335a-b7ba-4c68-ba5f-b7c47549b388,271078610986649,271175228741085,96.617754436,0,"{""expected_requests"":8,""observed_requests"":8,""purpose"":""DEVELOPMENT"",""scope"":""prior recipe trial retained, not a cell in this recipe"",""source_attempt_id"":""attempt-ef23c70543104805b968deb5c49ea142"",""source_attempt_sha256"":""71c53484ecac5aac87bf719605ad7517199b163e03cbc0266cd9d8d77f158fe0"",""source_config_sha256"":""ca33891a79a8d02c71b924ca73b2ccee453c9067a39cc346cc8bdd5c3f6bf8e9"",""source_recipe_sha256"":""28a1de610c82ff42cd01ff0bca24414b2629c3fb91832b0f45eb0173dcaa54a4"",""source_session_id"":""8bee2851104647af831546ec6d75de87""}"
development,inherited_or_current_setup,4,predecessor-study-attempt,COMPLETED,bf6e335a-b7ba-4c68-ba5f-b7c47549b388,271078610986649,271175228741085,96.617754436,0,"{""expected_requests"":8,""observed_requests"":8,""purpose"":""DEVELOPMENT"",""scope"":""prior recipe trial retained, not a cell in this recipe"",""source_attempt_id"":""attempt-ef23c70543104805b968deb5c49ea142"",""source_attempt_sha256"":""71c53484ecac5aac87bf719605ad7517199b163e03cbc0266cd9d8d77f158fe0"",""source_config_sha256"":""ca33891a79a8d02c71b924ca73b2ccee453c9067a39cc346cc8bdd5c3f6bf8e9"",""source_recipe_sha256"":""28a1de610c82ff42cd01ff0bca24414b2629c3fb91832b0f45eb0173dcaa54a4"",""source_session_id"":""8bee2851104647af831546ec6d75de87""}"
14b,inherited_or_current_setup,5,artifact-finalization,COMPLETED,bf6e335a-b7ba-4c68-ba5f-b7c47549b388,271175228741085,271175290742764,0.062001679,0,raw hashing and immutable recipe-attempt publication
confirmation-14b,inherited_or_current_setup,5,artifact-finalization,COMPLETED,bf6e335a-b7ba-4c68-ba5f-b7c47549b388,271175228741085,271175290742764,0.062001679,0,raw hashing and immutable recipe-attempt publication
development,inherited_or_current_setup,5,artifact-finalization,COMPLETED,bf6e335a-b7ba-4c68-ba5f-b7c47549b388,271175228741085,271175290742764,0.062001679,0,raw hashing and immutable recipe-attempt publication
14b,inherited_or_current_setup,6,predecessor-study-attempt,COMPLETED,bf6e335a-b7ba-4c68-ba5f-b7c47549b388,271175314341787,271239693667903,64.379326116,0,"{""expected_requests"":8,""observed_requests"":8,""purpose"":""DEVELOPMENT"",""scope"":""prior recipe trial retained, not a cell in this recipe"",""source_attempt_id"":""attempt-feeb086c3bf648dd9770a98792ac4635"",""source_attempt_sha256"":""723de5dcf65959f652751f2e5238879e216e789f079c3ccaa8d9b3db771fc11d"",""source_config_sha256"":""ca33891a79a8d02c71b924ca73b2ccee453c9067a39cc346cc8bdd5c3f6bf8e9"",""source_recipe_sha256"":""28a1de610c82ff42cd01ff0bca24414b2629c3fb91832b0f45eb0173dcaa54a4"",""source_session_id"":""8bee2851104647af831546ec6d75de87""}"
confirmation-14b,inherited_or_current_setup,6,predecessor-study-attempt,COMPLETED,bf6e335a-b7ba-4c68-ba5f-b7c47549b388,271175314341787,271239693667903,64.379326116,0,"{""expected_requests"":8,""observed_requests"":8,""purpose"":""DEVELOPMENT"",""scope"":""prior recipe trial retained, not a cell in this recipe"",""source_attempt_id"":""attempt-feeb086c3bf648dd9770a98792ac4635"",""source_attempt_sha256"":""723de5dcf65959f652751f2e5238879e216e789f079c3ccaa8d9b3db771fc11d"",""source_config_sha256"":""ca33891a79a8d02c71b924ca73b2ccee453c9067a39cc346cc8bdd5c3f6bf8e9"",""source_recipe_sha256"":""28a1de610c82ff42cd01ff0bca24414b2629c3fb91832b0f45eb0173dcaa54a4"",""source_session_id"":""8bee2851104647af831546ec6d75de87""}"
development,inherited_or_current_setup,6,predecessor-study-attempt,COMPLETED,bf6e335a-b7ba-4c68-ba5f-b7c47549b388,271175314341787,271239693667903,64.379326116,0,"{""expected_requests"":8,""observed_requests"":8,""purpose"":""DEVELOPMENT"",""scope"":""prior recipe trial retained, not a cell in this recipe"",""source_attempt_id"":""attempt-feeb086c3bf648dd9770a98792ac4635"",""source_attempt_sha256"":""723de5dcf65959f652751f2e5238879e216e789f079c3ccaa8d9b3db771fc11d"",""source_config_sha256"":""ca33891a79a8d02c71b924ca73b2ccee453c9067a39cc346cc8bdd5c3f6bf8e9"",""source_recipe_sha256"":""28a1de610c82ff42cd01ff0bca24414b2629c3fb91832b0f45eb0173dcaa54a4"",""source_session_id"":""8bee2851104647af831546ec6d75de87""}"
14b,inherited_or_current_setup,7,artifact-finalization,COMPLETED,bf6e335a-b7ba-4c68-ba5f-b7c47549b388,271239693667903,271239748757796,0.055089893,0,raw hashing and immutable recipe-attempt publication
confirmation-14b,inherited_or_current_setup,7,artifact-finalization,COMPLETED,bf6e335a-b7ba-4c68-ba5f-b7c47549b388,271239693667903,271239748757796,0.055089893,0,raw hashing and immutable recipe-attempt publication
development,inherited_or_current_setup,7,artifact-finalization,COMPLETED,bf6e335a-b7ba-4c68-ba5f-b7c47549b388,271239693667903,271239748757796,0.055089893,0,raw hashing and immutable recipe-attempt publication
14b,inherited_or_current_setup,8,predecessor-study-attempt,COMPLETED,bf6e335a-b7ba-4c68-ba5f-b7c47549b388,271239773900448,271302754089694,62.980189246,0,"{""expected_requests"":8,""observed_requests"":8,""purpose"":""DEVELOPMENT"",""scope"":""prior recipe trial retained, not a cell in this recipe"",""source_attempt_id"":""attempt-32b79126ee88461b9928ee5d34ebf2e0"",""source_attempt_sha256"":""58069c00aeaa9df1ca7172564ee7e64afbc6c74f76690431d66ace03c3e2e992"",""source_config_sha256"":""ca33891a79a8d02c71b924ca73b2ccee453c9067a39cc346cc8bdd5c3f6bf8e9"",""source_recipe_sha256"":""28a1de610c82ff42cd01ff0bca24414b2629c3fb91832b0f45eb0173dcaa54a4"",""source_session_id"":""8bee2851104647af831546ec6d75de87""}"
confirmation-14b,inherited_or_current_setup,8,predecessor-study-attempt,COMPLETED,bf6e335a-b7ba-4c68-ba5f-b7c47549b388,271239773900448,271302754089694,62.980189246,0,"{""expected_requests"":8,""observed_requests"":8,""purpose"":""DEVELOPMENT"",""scope"":""prior recipe trial retained, not a cell in this recipe"",""source_attempt_id"":""attempt-32b79126ee88461b9928ee5d34ebf2e0"",""source_attempt_sha256"":""58069c00aeaa9df1ca7172564ee7e64afbc6c74f76690431d66ace03c3e2e992"",""source_config_sha256"":""ca33891a79a8d02c71b924ca73b2ccee453c9067a39cc346cc8bdd5c3f6bf8e9"",""source_recipe_sha256"":""28a1de610c82ff42cd01ff0bca24414b2629c3fb91832b0f45eb0173dcaa54a4"",""source_session_id"":""8bee2851104647af831546ec6d75de87""}"
development,inherited_or_current_setup,8,predecessor-study-attempt,COMPLETED,bf6e335a-b7ba-4c68-ba5f-b7c47549b388,271239773900448,271302754089694,62.980189246,0,"{""expected_requests"":8,""observed_requests"":8,""purpose"":""DEVELOPMENT"",""scope"":""prior recipe trial retained, not a cell in this recipe"",""source_attempt_id"":""attempt-32b79126ee88461b9928ee5d34ebf2e0"",""source_attempt_sha256"":""58069c00aeaa9df1ca7172564ee7e64afbc6c74f76690431d66ace03c3e2e992"",""source_config_sha256"":""ca33891a79a8d02c71b924ca73b2ccee453c9067a39cc346cc8bdd5c3f6bf8e9"",""source_recipe_sha256"":""28a1de610c82ff42cd01ff0bca24414b2629c3fb91832b0f45eb0173dcaa54a4"",""source_session_id"":""8bee2851104647af831546ec6d75de87""}"
14b,inherited_or_current_setup,9,artifact-finalization,COMPLETED,bf6e335a-b7ba-4c68-ba5f-b7c47549b388,271302754089694,271302818416576,0.064326882,0,raw hashing and immutable recipe-attempt publication
confirmation-14b,inherited_or_current_setup,9,artifact-finalization,COMPLETED,bf6e335a-b7ba-4c68-ba5f-b7c47549b388,271302754089694,271302818416576,0.064326882,0,raw hashing and immutable recipe-attempt publication
development,inherited_or_current_setup,9,artifact-finalization,COMPLETED,bf6e335a-b7ba-4c68-ba5f-b7c47549b388,271302754089694,271302818416576,0.064326882,0,raw hashing and immutable recipe-attempt publication
14b,inherited_or_current_setup,10,predecessor-study-attempt,COMPLETED,bf6e335a-b7ba-4c68-ba5f-b7c47549b388,271302851746334,271398857876832,96.006130498,0,"{""expected_requests"":8,""observed_requests"":8,""purpose"":""DEVELOPMENT"",""scope"":""prior recipe trial retained, not a cell in this recipe"",""source_attempt_id"":""attempt-192da4ce255c41ee96a5e87290d1998d"",""source_attempt_sha256"":""04a210939664bad26f26e8cc2db6a109a2ba9ca400f6220a87b5d19cfe4ace91"",""source_config_sha256"":""ca33891a79a8d02c71b924ca73b2ccee453c9067a39cc346cc8bdd5c3f6bf8e9"",""source_recipe_sha256"":""28a1de610c82ff42cd01ff0bca24414b2629c3fb91832b0f45eb0173dcaa54a4"",""source_session_id"":""8bee2851104647af831546ec6d75de87""}"
confirmation-14b,inherited_or_current_setup,10,predecessor-study-attempt,COMPLETED,bf6e335a-b7ba-4c68-ba5f-b7c47549b388,271302851746334,271398857876832,96.006130498,0,"{""expected_requests"":8,""observed_requests"":8,""purpose"":""DEVELOPMENT"",""scope"":""prior recipe trial retained, not a cell in this recipe"",""source_attempt_id"":""attempt-192da4ce255c41ee96a5e87290d1998d"",""source_attempt_sha256"":""04a210939664bad26f26e8cc2db6a109a2ba9ca400f6220a87b5d19cfe4ace91"",""source_config_sha256"":""ca33891a79a8d02c71b924ca73b2ccee453c9067a39cc346cc8bdd5c3f6bf8e9"",""source_recipe_sha256"":""28a1de610c82ff42cd01ff0bca24414b2629c3fb91832b0f45eb0173dcaa54a4"",""source_session_id"":""8bee2851104647af831546ec6d75de87""}"
development,inherited_or_current_setup,10,predecessor-study-attempt,COMPLETED,bf6e335a-b7ba-4c68-ba5f-b7c47549b388,271302851746334,271398857876832,96.006130498,0,"{""expected_requests"":8,""observed_requests"":8,""purpose"":""DEVELOPMENT"",""scope"":""prior recipe trial retained, not a cell in this recipe"",""source_attempt_id"":""attempt-192da4ce255c41ee96a5e87290d1998d"",""source_attempt_sha256"":""04a210939664bad26f26e8cc2db6a109a2ba9ca400f6220a87b5d19cfe4ace91"",""source_config_sha256"":""ca33891a79a8d02c71b924ca73b2ccee453c9067a39cc346cc8bdd5c3f6bf8e9"",""source_recipe_sha256"":""28a1de610c82ff42cd01ff0bca24414b2629c3fb91832b0f45eb0173dcaa54a4"",""source_session_id"":""8bee2851104647af831546ec6d75de87""}"
14b,inherited_or_current_setup,11,artifact-finalization,COMPLETED,bf6e335a-b7ba-4c68-ba5f-b7c47549b388,271398857876832,271398953267220,0.095390388,0,raw hashing and immutable recipe-attempt publication
confirmation-14b,inherited_or_current_setup,11,artifact-finalization,COMPLETED,bf6e335a-b7ba-4c68-ba5f-b7c47549b388,271398857876832,271398953267220,0.095390388,0,raw hashing and immutable recipe-attempt publication
development,inherited_or_current_setup,11,artifact-finalization,COMPLETED,bf6e335a-b7ba-4c68-ba5f-b7c47549b388,271398857876832,271398953267220,0.095390388,0,raw hashing and immutable recipe-attempt publication
14b,inherited_or_current_setup,12,runtime-admission,COMPLETED,bf6e335a-b7ba-4c68-ba5f-b7c47549b388,271452661627428,271452708154195,0.046526767,0,recipe/setup/hardware/prior-cost admission; actual shard and binary verification occurs inside each retained attempt
confirmation-14b,inherited_or_current_setup,12,runtime-admission,COMPLETED,bf6e335a-b7ba-4c68-ba5f-b7c47549b388,271452661627428,271452708154195,0.046526767,0,recipe/setup/hardware/prior-cost admission; actual shard and binary verification occurs inside each retained attempt
development,inherited_or_current_setup,12,runtime-admission,COMPLETED,bf6e335a-b7ba-4c68-ba5f-b7c47549b388,271452661627428,271452708154195,0.046526767,0,recipe/setup/hardware/prior-cost admission; actual shard and binary verification occurs inside each retained attempt
14b,inherited_or_current_setup,13,predecessor-study-attempt,INTERRUPTED,bf6e335a-b7ba-4c68-ba5f-b7c47549b388,271452807327013,271491405291334,38.597964321,0,"{""expected_requests"":8,""observed_requests"":2,""purpose"":""DEVELOPMENT"",""scope"":""prior recipe trial retained, not a cell in this recipe"",""source_attempt_id"":""attempt-3d51d5a6e6a548c9ae3f0655bf6c41cf"",""source_attempt_sha256"":""afaef0a5ea238838d3787a240b7ba2567bc77edd7f80a34ebcebc96fc7daef27"",""source_config_sha256"":""ca33891a79a8d02c71b924ca73b2ccee453c9067a39cc346cc8bdd5c3f6bf8e9"",""source_recipe_sha256"":""28a1de610c82ff42cd01ff0bca24414b2629c3fb91832b0f45eb0173dcaa54a4"",""source_session_id"":""1423c6c92493420aadeac4fddd29145c""}"
confirmation-14b,inherited_or_current_setup,13,predecessor-study-attempt,INTERRUPTED,bf6e335a-b7ba-4c68-ba5f-b7c47549b388,271452807327013,271491405291334,38.597964321,0,"{""expected_requests"":8,""observed_requests"":2,""purpose"":""DEVELOPMENT"",""scope"":""prior recipe trial retained, not a cell in this recipe"",""source_attempt_id"":""attempt-3d51d5a6e6a548c9ae3f0655bf6c41cf"",""source_attempt_sha256"":""afaef0a5ea238838d3787a240b7ba2567bc77edd7f80a34ebcebc96fc7daef27"",""source_config_sha256"":""ca33891a79a8d02c71b924ca73b2ccee453c9067a39cc346cc8bdd5c3f6bf8e9"",""source_recipe_sha256"":""28a1de610c82ff42cd01ff0bca24414b2629c3fb91832b0f45eb0173dcaa54a4"",""source_session_id"":""1423c6c92493420aadeac4fddd29145c""}"
development,inherited_or_current_setup,13,predecessor-study-attempt,INTERRUPTED,bf6e335a-b7ba-4c68-ba5f-b7c47549b388,271452807327013,271491405291334,38.597964321,0,"{""expected_requests"":8,""observed_requests"":2,""purpose"":""DEVELOPMENT"",""scope"":""prior recipe trial retained, not a cell in this recipe"",""source_attempt_id"":""attempt-3d51d5a6e6a548c9ae3f0655bf6c41cf"",""source_attempt_sha256"":""afaef0a5ea238838d3787a240b7ba2567bc77edd7f80a34ebcebc96fc7daef27"",""source_config_sha256"":""ca33891a79a8d02c71b924ca73b2ccee453c9067a39cc346cc8bdd5c3f6bf8e9"",""source_recipe_sha256"":""28a1de610c82ff42cd01ff0bca24414b2629c3fb91832b0f45eb0173dcaa54a4"",""source_session_id"":""1423c6c92493420aadeac4fddd29145c""}"
14b,inherited_or_current_setup,14,recovery-reconciliation,COMPLETED,bf6e335a-b7ba-4c68-ba5f-b7c47549b388,271491405291334,271491429868334,0.024577,0,"retained interrupted/publication attempt; recovery wait, raw hashing and finalization"
confirmation-14b,inherited_or_current_setup,14,recovery-reconciliation,COMPLETED,bf6e335a-b7ba-4c68-ba5f-b7c47549b388,271491405291334,271491429868334,0.024577,0,"retained interrupted/publication attempt; recovery wait, raw hashing and finalization"
development,inherited_or_current_setup,14,recovery-reconciliation,COMPLETED,bf6e335a-b7ba-4c68-ba5f-b7c47549b388,271491405291334,271491429868334,0.024577,0,"retained interrupted/publication attempt; recovery wait, raw hashing and finalization"
14b,inherited_or_current_setup,15,predecessor-study-attempt,COMPLETED,bf6e335a-b7ba-4c68-ba5f-b7c47549b388,271491567956602,271584499268658,92.931312056,0,"{""expected_requests"":8,""observed_requests"":8,""purpose"":""DEVELOPMENT"",""scope"":""prior recipe trial retained, not a cell in this recipe"",""source_attempt_id"":""attempt-522fee4b7a6f4552aabf4d3aa801c159"",""source_attempt_sha256"":""b5fa42ca912c95380122cb0cf87589bd8ad1cfd7fa362611ec88ec01b351f677"",""source_config_sha256"":""ca33891a79a8d02c71b924ca73b2ccee453c9067a39cc346cc8bdd5c3f6bf8e9"",""source_recipe_sha256"":""28a1de610c82ff42cd01ff0bca24414b2629c3fb91832b0f45eb0173dcaa54a4"",""source_session_id"":""1423c6c92493420aadeac4fddd29145c""}"
confirmation-14b,inherited_or_current_setup,15,predecessor-study-attempt,COMPLETED,bf6e335a-b7ba-4c68-ba5f-b7c47549b388,271491567956602,271584499268658,92.931312056,0,"{""expected_requests"":8,""observed_requests"":8,""purpose"":""DEVELOPMENT"",""scope"":""prior recipe trial retained, not a cell in this recipe"",""source_attempt_id"":""attempt-522fee4b7a6f4552aabf4d3aa801c159"",""source_attempt_sha256"":""b5fa42ca912c95380122cb0cf87589bd8ad1cfd7fa362611ec88ec01b351f677"",""source_config_sha256"":""ca33891a79a8d02c71b924ca73b2ccee453c9067a39cc346cc8bdd5c3f6bf8e9"",""source_recipe_sha256"":""28a1de610c82ff42cd01ff0bca24414b2629c3fb91832b0f45eb0173dcaa54a4"",""source_session_id"":""1423c6c92493420aadeac4fddd29145c""}"
development,inherited_or_current_setup,15,predecessor-study-attempt,COMPLETED,bf6e335a-b7ba-4c68-ba5f-b7c47549b388,271491567956602,271584499268658,92.931312056,0,"{""expected_requests"":8,""observed_requests"":8,""purpose"":""DEVELOPMENT"",""scope"":""prior recipe trial retained, not a cell in this recipe"",""source_attempt_id"":""attempt-522fee4b7a6f4552aabf4d3aa801c159"",""source_attempt_sha256"":""b5fa42ca912c95380122cb0cf87589bd8ad1cfd7fa362611ec88ec01b351f677"",""source_config_sha256"":""ca33891a79a8d02c71b924ca73b2ccee453c9067a39cc346cc8bdd5c3f6bf8e9"",""source_recipe_sha256"":""28a1de610c82ff42cd01ff0bca24414b2629c3fb91832b0f45eb0173dcaa54a4"",""source_session_id"":""1423c6c92493420aadeac4fddd29145c""}"
14b,inherited_or_current_setup,16,artifact-finalization,COMPLETED,bf6e335a-b7ba-4c68-ba5f-b7c47549b388,271584499268658,271584574406253,0.075137595,0,raw hashing and immutable recipe-attempt publication
confirmation-14b,inherited_or_current_setup,16,artifact-finalization,COMPLETED,bf6e335a-b7ba-4c68-ba5f-b7c47549b388,271584499268658,271584574406253,0.075137595,0,raw hashing and immutable recipe-attempt publication
development,inherited_or_current_setup,16,artifact-finalization,COMPLETED,bf6e335a-b7ba-4c68-ba5f-b7c47549b388,271584499268658,271584574406253,0.075137595,0,raw hashing and immutable recipe-attempt publication
14b,inherited_or_current_setup,17,runtime-admission,COMPLETED,bf6e335a-b7ba-4c68-ba5f-b7c47549b388,272080092581419,272080307749245,0.215167826,0,recipe/setup/hardware/prior-cost admission; actual shard and binary verification occurs inside each retained attempt
confirmation-14b,inherited_or_current_setup,17,runtime-admission,COMPLETED,bf6e335a-b7ba-4c68-ba5f-b7c47549b388,272080092581419,272080307749245,0.215167826,0,recipe/setup/hardware/prior-cost admission; actual shard and binary verification occurs inside each retained attempt
development,inherited_or_current_setup,17,runtime-admission,COMPLETED,bf6e335a-b7ba-4c68-ba5f-b7c47549b388,272080092581419,272080307749245,0.215167826,0,recipe/setup/hardware/prior-cost admission; actual shard and binary verification occurs inside each retained attempt
14b,native_attempt,attempt-ec5f35cf66cb410b9d97fbf8c2084c66,attempt,COMPLETED,bf6e335a-b7ba-4c68-ba5f-b7c47549b388,272080334170701,273311287301342,1230.953130641,,baseline
confirmation-14b,inherited_or_current_setup,18,predecessor-study-attempt,COMPLETED,bf6e335a-b7ba-4c68-ba5f-b7c47549b388,272080334170701,273311287301342,1230.953130641,0,"{""expected_requests"":128,""observed_requests"":128,""purpose"":""MEASUREMENT"",""scope"":""prior recipe trial retained, not a cell in this recipe"",""source_attempt_id"":""attempt-ec5f35cf66cb410b9d97fbf8c2084c66"",""source_attempt_sha256"":""d2f4d4afe0e27e8d8b91217376fd2c761cf9ebf8acadf40f32783d12baca38e0"",""source_config_sha256"":""4f7e364f2ab05dda246480c29d89e3c210034a0ecc1622da2e729b59cee6eb16"",""source_recipe_sha256"":""d7337c983048b83dfab1cf218cb91da24b60f086f783f5a7fa184bddb7dd0a80"",""source_session_id"":""667c6b34f22f45f192acb928b880468d""}"
development,inherited_or_current_setup,18,predecessor-study-attempt,COMPLETED,bf6e335a-b7ba-4c68-ba5f-b7c47549b388,272080334170701,273311287301342,1230.953130641,0,"{""expected_requests"":128,""observed_requests"":128,""purpose"":""MEASUREMENT"",""scope"":""prior recipe trial retained, not a cell in this recipe"",""source_attempt_id"":""attempt-ec5f35cf66cb410b9d97fbf8c2084c66"",""source_attempt_sha256"":""d2f4d4afe0e27e8d8b91217376fd2c761cf9ebf8acadf40f32783d12baca38e0"",""source_config_sha256"":""4f7e364f2ab05dda246480c29d89e3c210034a0ecc1622da2e729b59cee6eb16"",""source_recipe_sha256"":""d7337c983048b83dfab1cf218cb91da24b60f086f783f5a7fa184bddb7dd0a80"",""source_session_id"":""667c6b34f22f45f192acb928b880468d""}"
14b,inherited_or_current_setup,18,artifact-finalization,COMPLETED,bf6e335a-b7ba-4c68-ba5f-b7c47549b388,273311287301342,273311397577539,0.110276197,0,raw hashing and immutable recipe-attempt publication
confirmation-14b,inherited_or_current_setup,19,artifact-finalization,COMPLETED,bf6e335a-b7ba-4c68-ba5f-b7c47549b388,273311287301342,273311397577539,0.110276197,0,raw hashing and immutable recipe-attempt publication
development,inherited_or_current_setup,19,artifact-finalization,COMPLETED,bf6e335a-b7ba-4c68-ba5f-b7c47549b388,273311287301342,273311397577539,0.110276197,0,raw hashing and immutable recipe-attempt publication
14b,native_attempt,attempt-5c026fdd420f41658ecb853f15b5cbe5,attempt,COMPLETED,bf6e335a-b7ba-4c68-ba5f-b7c47549b388,273311487232637,274014956664766,703.469432129,,candidate
confirmation-14b,inherited_or_current_setup,20,predecessor-study-attempt,COMPLETED,bf6e335a-b7ba-4c68-ba5f-b7c47549b388,273311487232637,274014956664766,703.469432129,0,"{""expected_requests"":128,""observed_requests"":128,""purpose"":""MEASUREMENT"",""scope"":""prior recipe trial retained, not a cell in this recipe"",""source_attempt_id"":""attempt-5c026fdd420f41658ecb853f15b5cbe5"",""source_attempt_sha256"":""7fcfa3e045f27029b149b705a5929da427d3c3168dc1e9e70cbf483cea830e21"",""source_config_sha256"":""4f7e364f2ab05dda246480c29d89e3c210034a0ecc1622da2e729b59cee6eb16"",""source_recipe_sha256"":""d7337c983048b83dfab1cf218cb91da24b60f086f783f5a7fa184bddb7dd0a80"",""source_session_id"":""667c6b34f22f45f192acb928b880468d""}"
development,inherited_or_current_setup,20,predecessor-study-attempt,COMPLETED,bf6e335a-b7ba-4c68-ba5f-b7c47549b388,273311487232637,274014956664766,703.469432129,0,"{""expected_requests"":128,""observed_requests"":128,""purpose"":""MEASUREMENT"",""scope"":""prior recipe trial retained, not a cell in this recipe"",""source_attempt_id"":""attempt-5c026fdd420f41658ecb853f15b5cbe5"",""source_attempt_sha256"":""7fcfa3e045f27029b149b705a5929da427d3c3168dc1e9e70cbf483cea830e21"",""source_config_sha256"":""4f7e364f2ab05dda246480c29d89e3c210034a0ecc1622da2e729b59cee6eb16"",""source_recipe_sha256"":""d7337c983048b83dfab1cf218cb91da24b60f086f783f5a7fa184bddb7dd0a80"",""source_session_id"":""667c6b34f22f45f192acb928b880468d""}"
14b,inherited_or_current_setup,19,artifact-finalization,COMPLETED,bf6e335a-b7ba-4c68-ba5f-b7c47549b388,274014956664766,274015110915674,0.154250908,0,raw hashing and immutable recipe-attempt publication
confirmation-14b,inherited_or_current_setup,21,artifact-finalization,COMPLETED,bf6e335a-b7ba-4c68-ba5f-b7c47549b388,274014956664766,274015110915674,0.154250908,0,raw hashing and immutable recipe-attempt publication
development,inherited_or_current_setup,21,artifact-finalization,COMPLETED,bf6e335a-b7ba-4c68-ba5f-b7c47549b388,274014956664766,274015110915674,0.154250908,0,raw hashing and immutable recipe-attempt publication
14b,native_attempt,attempt-af146de3b73d4fd0ac7d5446b42940ad,attempt,COMPLETED,bf6e335a-b7ba-4c68-ba5f-b7c47549b388,274015228386460,274738284879994,723.056493534,,candidate
confirmation-14b,inherited_or_current_setup,22,predecessor-study-attempt,COMPLETED,bf6e335a-b7ba-4c68-ba5f-b7c47549b388,274015228386460,274738284879994,723.056493534,0,"{""expected_requests"":128,""observed_requests"":128,""purpose"":""MEASUREMENT"",""scope"":""prior recipe trial retained, not a cell in this recipe"",""source_attempt_id"":""attempt-af146de3b73d4fd0ac7d5446b42940ad"",""source_attempt_sha256"":""fd079f777791c3d87b9d0653cca8040936d0513d58964fa036c92cfb8acd2563"",""source_config_sha256"":""4f7e364f2ab05dda246480c29d89e3c210034a0ecc1622da2e729b59cee6eb16"",""source_recipe_sha256"":""d7337c983048b83dfab1cf218cb91da24b60f086f783f5a7fa184bddb7dd0a80"",""source_session_id"":""667c6b34f22f45f192acb928b880468d""}"
development,inherited_or_current_setup,22,predecessor-study-attempt,COMPLETED,bf6e335a-b7ba-4c68-ba5f-b7c47549b388,274015228386460,274738284879994,723.056493534,0,"{""expected_requests"":128,""observed_requests"":128,""purpose"":""MEASUREMENT"",""scope"":""prior recipe trial retained, not a cell in this recipe"",""source_attempt_id"":""attempt-af146de3b73d4fd0ac7d5446b42940ad"",""source_attempt_sha256"":""fd079f777791c3d87b9d0653cca8040936d0513d58964fa036c92cfb8acd2563"",""source_config_sha256"":""4f7e364f2ab05dda246480c29d89e3c210034a0ecc1622da2e729b59cee6eb16"",""source_recipe_sha256"":""d7337c983048b83dfab1cf218cb91da24b60f086f783f5a7fa184bddb7dd0a80"",""source_session_id"":""667c6b34f22f45f192acb928b880468d""}"
14b,inherited_or_current_setup,20,artifact-finalization,COMPLETED,bf6e335a-b7ba-4c68-ba5f-b7c47549b388,274738284879994,274738541277210,0.256397216,0,raw hashing and immutable recipe-attempt publication
confirmation-14b,inherited_or_current_setup,23,artifact-finalization,COMPLETED,bf6e335a-b7ba-4c68-ba5f-b7c47549b388,274738284879994,274738541277210,0.256397216,0,raw hashing and immutable recipe-attempt publication
development,inherited_or_current_setup,23,artifact-finalization,COMPLETED,bf6e335a-b7ba-4c68-ba5f-b7c47549b388,274738284879994,274738541277210,0.256397216,0,raw hashing and immutable recipe-attempt publication
14b,native_attempt,attempt-988cad0681ac478ba6d32525882a287b,attempt,COMPLETED,bf6e335a-b7ba-4c68-ba5f-b7c47549b388,274738725731576,275962982886215,1224.257154639,,baseline
confirmation-14b,inherited_or_current_setup,24,predecessor-study-attempt,COMPLETED,bf6e335a-b7ba-4c68-ba5f-b7c47549b388,274738725731576,275962982886215,1224.257154639,0,"{""expected_requests"":128,""observed_requests"":128,""purpose"":""MEASUREMENT"",""scope"":""prior recipe trial retained, not a cell in this recipe"",""source_attempt_id"":""attempt-988cad0681ac478ba6d32525882a287b"",""source_attempt_sha256"":""43b790b9c4d0bdd969d088f13ad6df759b49fc5f7ca8dacf06f0feeb12a67309"",""source_config_sha256"":""4f7e364f2ab05dda246480c29d89e3c210034a0ecc1622da2e729b59cee6eb16"",""source_recipe_sha256"":""d7337c983048b83dfab1cf218cb91da24b60f086f783f5a7fa184bddb7dd0a80"",""source_session_id"":""667c6b34f22f45f192acb928b880468d""}"
development,inherited_or_current_setup,24,predecessor-study-attempt,COMPLETED,bf6e335a-b7ba-4c68-ba5f-b7c47549b388,274738725731576,275962982886215,1224.257154639,0,"{""expected_requests"":128,""observed_requests"":128,""purpose"":""MEASUREMENT"",""scope"":""prior recipe trial retained, not a cell in this recipe"",""source_attempt_id"":""attempt-988cad0681ac478ba6d32525882a287b"",""source_attempt_sha256"":""43b790b9c4d0bdd969d088f13ad6df759b49fc5f7ca8dacf06f0feeb12a67309"",""source_config_sha256"":""4f7e364f2ab05dda246480c29d89e3c210034a0ecc1622da2e729b59cee6eb16"",""source_recipe_sha256"":""d7337c983048b83dfab1cf218cb91da24b60f086f783f5a7fa184bddb7dd0a80"",""source_session_id"":""667c6b34f22f45f192acb928b880468d""}"
14b,inherited_or_current_setup,21,artifact-finalization,COMPLETED,bf6e335a-b7ba-4c68-ba5f-b7c47549b388,275962982886215,275963291979495,0.30909328,0,raw hashing and immutable recipe-attempt publication
confirmation-14b,inherited_or_current_setup,25,artifact-finalization,COMPLETED,bf6e335a-b7ba-4c68-ba5f-b7c47549b388,275962982886215,275963291979495,0.30909328,0,raw hashing and immutable recipe-attempt publication
development,inherited_or_current_setup,25,artifact-finalization,COMPLETED,bf6e335a-b7ba-4c68-ba5f-b7c47549b388,275962982886215,275963291979495,0.30909328,0,raw hashing and immutable recipe-attempt publication
14b,native_attempt,attempt-50443973acdc475ab42accaf1b0f48ea,attempt,COMPLETED,bf6e335a-b7ba-4c68-ba5f-b7c47549b388,275963533626796,277211827509393,1248.293882597,,baseline
confirmation-14b,inherited_or_current_setup,26,predecessor-study-attempt,COMPLETED,bf6e335a-b7ba-4c68-ba5f-b7c47549b388,275963533626796,277211827509393,1248.293882597,0,"{""expected_requests"":128,""observed_requests"":128,""purpose"":""MEASUREMENT"",""scope"":""prior recipe trial retained, not a cell in this recipe"",""source_attempt_id"":""attempt-50443973acdc475ab42accaf1b0f48ea"",""source_attempt_sha256"":""ea5c93c8c836eed4eb6e5480f847e86d51cfc61f777ef1968f3676f23cefc725"",""source_config_sha256"":""4f7e364f2ab05dda246480c29d89e3c210034a0ecc1622da2e729b59cee6eb16"",""source_recipe_sha256"":""d7337c983048b83dfab1cf218cb91da24b60f086f783f5a7fa184bddb7dd0a80"",""source_session_id"":""667c6b34f22f45f192acb928b880468d""}"
development,inherited_or_current_setup,26,predecessor-study-attempt,COMPLETED,bf6e335a-b7ba-4c68-ba5f-b7c47549b388,275963533626796,277211827509393,1248.293882597,0,"{""expected_requests"":128,""observed_requests"":128,""purpose"":""MEASUREMENT"",""scope"":""prior recipe trial retained, not a cell in this recipe"",""source_attempt_id"":""attempt-50443973acdc475ab42accaf1b0f48ea"",""source_attempt_sha256"":""ea5c93c8c836eed4eb6e5480f847e86d51cfc61f777ef1968f3676f23cefc725"",""source_config_sha256"":""4f7e364f2ab05dda246480c29d89e3c210034a0ecc1622da2e729b59cee6eb16"",""source_recipe_sha256"":""d7337c983048b83dfab1cf218cb91da24b60f086f783f5a7fa184bddb7dd0a80"",""source_session_id"":""667c6b34f22f45f192acb928b880468d""}"
14b,inherited_or_current_setup,22,artifact-finalization,COMPLETED,bf6e335a-b7ba-4c68-ba5f-b7c47549b388,277211827509393,277212179733167,0.352223774,0,raw hashing and immutable recipe-attempt publication
confirmation-14b,inherited_or_current_setup,27,artifact-finalization,COMPLETED,bf6e335a-b7ba-4c68-ba5f-b7c47549b388,277211827509393,277212179733167,0.352223774,0,raw hashing and immutable recipe-attempt publication
development,inherited_or_current_setup,27,artifact-finalization,COMPLETED,bf6e335a-b7ba-4c68-ba5f-b7c47549b388,277211827509393,277212179733167,0.352223774,0,raw hashing and immutable recipe-attempt publication
14b,native_attempt,attempt-d13e813736b24df7bb5b01a7508de0eb,attempt,COMPLETED,bf6e335a-b7ba-4c68-ba5f-b7c47549b388,277212462225865,277940763471556,728.301245691,,candidate
confirmation-14b,inherited_or_current_setup,28,predecessor-study-attempt,COMPLETED,bf6e335a-b7ba-4c68-ba5f-b7c47549b388,277212462225865,277940763471556,728.301245691,0,"{""expected_requests"":128,""observed_requests"":128,""purpose"":""MEASUREMENT"",""scope"":""prior recipe trial retained, not a cell in this recipe"",""source_attempt_id"":""attempt-d13e813736b24df7bb5b01a7508de0eb"",""source_attempt_sha256"":""fec2c86fdb7e0b6d8a1e959f745a0b6463a526ad811a2e1e736cf2d48fc930d9"",""source_config_sha256"":""4f7e364f2ab05dda246480c29d89e3c210034a0ecc1622da2e729b59cee6eb16"",""source_recipe_sha256"":""d7337c983048b83dfab1cf218cb91da24b60f086f783f5a7fa184bddb7dd0a80"",""source_session_id"":""667c6b34f22f45f192acb928b880468d""}"
development,inherited_or_current_setup,28,predecessor-study-attempt,COMPLETED,bf6e335a-b7ba-4c68-ba5f-b7c47549b388,277212462225865,277940763471556,728.301245691,0,"{""expected_requests"":128,""observed_requests"":128,""purpose"":""MEASUREMENT"",""scope"":""prior recipe trial retained, not a cell in this recipe"",""source_attempt_id"":""attempt-d13e813736b24df7bb5b01a7508de0eb"",""source_attempt_sha256"":""fec2c86fdb7e0b6d8a1e959f745a0b6463a526ad811a2e1e736cf2d48fc930d9"",""source_config_sha256"":""4f7e364f2ab05dda246480c29d89e3c210034a0ecc1622da2e729b59cee6eb16"",""source_recipe_sha256"":""d7337c983048b83dfab1cf218cb91da24b60f086f783f5a7fa184bddb7dd0a80"",""source_session_id"":""667c6b34f22f45f192acb928b880468d""}"
14b,inherited_or_current_setup,23,artifact-finalization,COMPLETED,bf6e335a-b7ba-4c68-ba5f-b7c47549b388,277940763471556,277941273554209,0.510082653,0,raw hashing and immutable recipe-attempt publication
confirmation-14b,inherited_or_current_setup,29,artifact-finalization,COMPLETED,bf6e335a-b7ba-4c68-ba5f-b7c47549b388,277940763471556,277941273554209,0.510082653,0,raw hashing and immutable recipe-attempt publication
development,inherited_or_current_setup,29,artifact-finalization,COMPLETED,bf6e335a-b7ba-4c68-ba5f-b7c47549b388,277940763471556,277941273554209,0.510082653,0,raw hashing and immutable recipe-attempt publication
14b,native_attempt,attempt-51f395ff6dca4ef5a6eaf7c28f294cc8,attempt,COMPLETED,bf6e335a-b7ba-4c68-ba5f-b7c47549b388,277941619447482,278664376230380,722.756782898,,candidate
confirmation-14b,inherited_or_current_setup,30,predecessor-study-attempt,COMPLETED,bf6e335a-b7ba-4c68-ba5f-b7c47549b388,277941619447482,278664376230380,722.756782898,0,"{""expected_requests"":128,""observed_requests"":128,""purpose"":""MEASUREMENT"",""scope"":""prior recipe trial retained, not a cell in this recipe"",""source_attempt_id"":""attempt-51f395ff6dca4ef5a6eaf7c28f294cc8"",""source_attempt_sha256"":""e8c8339940dabfe734302fa0f16bfb57b1ec1143341ca716d78fd1bbf64af2e1"",""source_config_sha256"":""4f7e364f2ab05dda246480c29d89e3c210034a0ecc1622da2e729b59cee6eb16"",""source_recipe_sha256"":""d7337c983048b83dfab1cf218cb91da24b60f086f783f5a7fa184bddb7dd0a80"",""source_session_id"":""667c6b34f22f45f192acb928b880468d""}"
development,inherited_or_current_setup,30,predecessor-study-attempt,COMPLETED,bf6e335a-b7ba-4c68-ba5f-b7c47549b388,277941619447482,278664376230380,722.756782898,0,"{""expected_requests"":128,""observed_requests"":128,""purpose"":""MEASUREMENT"",""scope"":""prior recipe trial retained, not a cell in this recipe"",""source_attempt_id"":""attempt-51f395ff6dca4ef5a6eaf7c28f294cc8"",""source_attempt_sha256"":""e8c8339940dabfe734302fa0f16bfb57b1ec1143341ca716d78fd1bbf64af2e1"",""source_config_sha256"":""4f7e364f2ab05dda246480c29d89e3c210034a0ecc1622da2e729b59cee6eb16"",""source_recipe_sha256"":""d7337c983048b83dfab1cf218cb91da24b60f086f783f5a7fa184bddb7dd0a80"",""source_session_id"":""667c6b34f22f45f192acb928b880468d""}"
14b,inherited_or_current_setup,24,artifact-finalization,COMPLETED,bf6e335a-b7ba-4c68-ba5f-b7c47549b388,278664376230380,278664871034367,0.494803987,0,raw hashing and immutable recipe-attempt publication
confirmation-14b,inherited_or_current_setup,31,artifact-finalization,COMPLETED,bf6e335a-b7ba-4c68-ba5f-b7c47549b388,278664376230380,278664871034367,0.494803987,0,raw hashing and immutable recipe-attempt publication
development,inherited_or_current_setup,31,artifact-finalization,COMPLETED,bf6e335a-b7ba-4c68-ba5f-b7c47549b388,278664376230380,278664871034367,0.494803987,0,raw hashing and immutable recipe-attempt publication
14b,native_attempt,attempt-c303d6408a1d419ab96362e13ee6dd09,attempt,COMPLETED,bf6e335a-b7ba-4c68-ba5f-b7c47549b388,278665265230926,279913348756875,1248.083525949,,baseline
confirmation-14b,inherited_or_current_setup,32,predecessor-study-attempt,COMPLETED,bf6e335a-b7ba-4c68-ba5f-b7c47549b388,278665265230926,279913348756875,1248.083525949,0,"{""expected_requests"":128,""observed_requests"":128,""purpose"":""MEASUREMENT"",""scope"":""prior recipe trial retained, not a cell in this recipe"",""source_attempt_id"":""attempt-c303d6408a1d419ab96362e13ee6dd09"",""source_attempt_sha256"":""33c2bbd6f5a796236edd9cda293a14dcf951faabed2679ed85570148a6408c83"",""source_config_sha256"":""4f7e364f2ab05dda246480c29d89e3c210034a0ecc1622da2e729b59cee6eb16"",""source_recipe_sha256"":""d7337c983048b83dfab1cf218cb91da24b60f086f783f5a7fa184bddb7dd0a80"",""source_session_id"":""667c6b34f22f45f192acb928b880468d""}"
development,inherited_or_current_setup,32,predecessor-study-attempt,COMPLETED,bf6e335a-b7ba-4c68-ba5f-b7c47549b388,278665265230926,279913348756875,1248.083525949,0,"{""expected_requests"":128,""observed_requests"":128,""purpose"":""MEASUREMENT"",""scope"":""prior recipe trial retained, not a cell in this recipe"",""source_attempt_id"":""attempt-c303d6408a1d419ab96362e13ee6dd09"",""source_attempt_sha256"":""33c2bbd6f5a796236edd9cda293a14dcf951faabed2679ed85570148a6408c83"",""source_config_sha256"":""4f7e364f2ab05dda246480c29d89e3c210034a0ecc1622da2e729b59cee6eb16"",""source_recipe_sha256"":""d7337c983048b83dfab1cf218cb91da24b60f086f783f5a7fa184bddb7dd0a80"",""source_session_id"":""667c6b34f22f45f192acb928b880468d""}"
14b,inherited_or_current_setup,25,artifact-finalization,COMPLETED,bf6e335a-b7ba-4c68-ba5f-b7c47549b388,279913348756875,279913991050247,0.642293372,0,raw hashing and immutable recipe-attempt publication
confirmation-14b,inherited_or_current_setup,33,artifact-finalization,COMPLETED,bf6e335a-b7ba-4c68-ba5f-b7c47549b388,279913348756875,279913991050247,0.642293372,0,raw hashing and immutable recipe-attempt publication
development,inherited_or_current_setup,33,artifact-finalization,COMPLETED,bf6e335a-b7ba-4c68-ba5f-b7c47549b388,279913348756875,279913991050247,0.642293372,0,raw hashing and immutable recipe-attempt publication
14b,native_attempt,attempt-357c80e6e5e94281b84b212643a7408d,attempt,COMPLETED,bf6e335a-b7ba-4c68-ba5f-b7c47549b388,279914505149218,281044999310572,1130.494161354,,baseline
confirmation-14b,inherited_or_current_setup,34,predecessor-study-attempt,COMPLETED,bf6e335a-b7ba-4c68-ba5f-b7c47549b388,279914505149218,281044999310572,1130.494161354,0,"{""expected_requests"":128,""observed_requests"":128,""purpose"":""MEASUREMENT"",""scope"":""prior recipe trial retained, not a cell in this recipe"",""source_attempt_id"":""attempt-357c80e6e5e94281b84b212643a7408d"",""source_attempt_sha256"":""bdb0ea6e091e388b594174e1fea054a38259a3b498c6bcc14fff64ec2d55cc65"",""source_config_sha256"":""4f7e364f2ab05dda246480c29d89e3c210034a0ecc1622da2e729b59cee6eb16"",""source_recipe_sha256"":""d7337c983048b83dfab1cf218cb91da24b60f086f783f5a7fa184bddb7dd0a80"",""source_session_id"":""667c6b34f22f45f192acb928b880468d""}"
development,inherited_or_current_setup,34,predecessor-study-attempt,COMPLETED,bf6e335a-b7ba-4c68-ba5f-b7c47549b388,279914505149218,281044999310572,1130.494161354,0,"{""expected_requests"":128,""observed_requests"":128,""purpose"":""MEASUREMENT"",""scope"":""prior recipe trial retained, not a cell in this recipe"",""source_attempt_id"":""attempt-357c80e6e5e94281b84b212643a7408d"",""source_attempt_sha256"":""bdb0ea6e091e388b594174e1fea054a38259a3b498c6bcc14fff64ec2d55cc65"",""source_config_sha256"":""4f7e364f2ab05dda246480c29d89e3c210034a0ecc1622da2e729b59cee6eb16"",""source_recipe_sha256"":""d7337c983048b83dfab1cf218cb91da24b60f086f783f5a7fa184bddb7dd0a80"",""source_session_id"":""667c6b34f22f45f192acb928b880468d""}"
14b,inherited_or_current_setup,26,artifact-finalization,COMPLETED,bf6e335a-b7ba-4c68-ba5f-b7c47549b388,281044999310572,281045628112717,0.628802145,0,raw hashing and immutable recipe-attempt publication
confirmation-14b,inherited_or_current_setup,35,artifact-finalization,COMPLETED,bf6e335a-b7ba-4c68-ba5f-b7c47549b388,281044999310572,281045628112717,0.628802145,0,raw hashing and immutable recipe-attempt publication
development,inherited_or_current_setup,35,artifact-finalization,COMPLETED,bf6e335a-b7ba-4c68-ba5f-b7c47549b388,281044999310572,281045628112717,0.628802145,0,raw hashing and immutable recipe-attempt publication
14b,native_attempt,attempt-34d417c369374b8f9b3b312c74b38a83,attempt,COMPLETED,bf6e335a-b7ba-4c68-ba5f-b7c47549b388,281046132989548,281379857285378,333.72429583,,candidate
confirmation-14b,inherited_or_current_setup,36,predecessor-study-attempt,COMPLETED,bf6e335a-b7ba-4c68-ba5f-b7c47549b388,281046132989548,281379857285378,333.72429583,0,"{""expected_requests"":128,""observed_requests"":128,""purpose"":""MEASUREMENT"",""scope"":""prior recipe trial retained, not a cell in this recipe"",""source_attempt_id"":""attempt-34d417c369374b8f9b3b312c74b38a83"",""source_attempt_sha256"":""76dc63f75cd406650afc675934194941b9a58d2957db6f235a5bce5cb4e51237"",""source_config_sha256"":""4f7e364f2ab05dda246480c29d89e3c210034a0ecc1622da2e729b59cee6eb16"",""source_recipe_sha256"":""d7337c983048b83dfab1cf218cb91da24b60f086f783f5a7fa184bddb7dd0a80"",""source_session_id"":""667c6b34f22f45f192acb928b880468d""}"
development,inherited_or_current_setup,36,predecessor-study-attempt,COMPLETED,bf6e335a-b7ba-4c68-ba5f-b7c47549b388,281046132989548,281379857285378,333.72429583,0,"{""expected_requests"":128,""observed_requests"":128,""purpose"":""MEASUREMENT"",""scope"":""prior recipe trial retained, not a cell in this recipe"",""source_attempt_id"":""attempt-34d417c369374b8f9b3b312c74b38a83"",""source_attempt_sha256"":""76dc63f75cd406650afc675934194941b9a58d2957db6f235a5bce5cb4e51237"",""source_config_sha256"":""4f7e364f2ab05dda246480c29d89e3c210034a0ecc1622da2e729b59cee6eb16"",""source_recipe_sha256"":""d7337c983048b83dfab1cf218cb91da24b60f086f783f5a7fa184bddb7dd0a80"",""source_session_id"":""667c6b34f22f45f192acb928b880468d""}"
14b,inherited_or_current_setup,27,artifact-finalization,COMPLETED,bf6e335a-b7ba-4c68-ba5f-b7c47549b388,281379857285378,281380641196210,0.783910832,0,raw hashing and immutable recipe-attempt publication
confirmation-14b,inherited_or_current_setup,37,artifact-finalization,COMPLETED,bf6e335a-b7ba-4c68-ba5f-b7c47549b388,281379857285378,281380641196210,0.783910832,0,raw hashing and immutable recipe-attempt publication
development,inherited_or_current_setup,37,artifact-finalization,COMPLETED,bf6e335a-b7ba-4c68-ba5f-b7c47549b388,281379857285378,281380641196210,0.783910832,0,raw hashing and immutable recipe-attempt publication
14b,native_attempt,attempt-59cd557c468f4441b94dcc2f5a19b3d8,attempt,COMPLETED,bf6e335a-b7ba-4c68-ba5f-b7c47549b388,281381225893621,281736511818680,355.285925059,,candidate
confirmation-14b,inherited_or_current_setup,38,predecessor-study-attempt,COMPLETED,bf6e335a-b7ba-4c68-ba5f-b7c47549b388,281381225893621,281736511818680,355.285925059,0,"{""expected_requests"":128,""observed_requests"":128,""purpose"":""MEASUREMENT"",""scope"":""prior recipe trial retained, not a cell in this recipe"",""source_attempt_id"":""attempt-59cd557c468f4441b94dcc2f5a19b3d8"",""source_attempt_sha256"":""fa5cc71d2777d61de8b44a3f0e28c3b55353da8bd2714a85fd597df98c7da9cd"",""source_config_sha256"":""4f7e364f2ab05dda246480c29d89e3c210034a0ecc1622da2e729b59cee6eb16"",""source_recipe_sha256"":""d7337c983048b83dfab1cf218cb91da24b60f086f783f5a7fa184bddb7dd0a80"",""source_session_id"":""667c6b34f22f45f192acb928b880468d""}"
development,inherited_or_current_setup,38,predecessor-study-attempt,COMPLETED,bf6e335a-b7ba-4c68-ba5f-b7c47549b388,281381225893621,281736511818680,355.285925059,0,"{""expected_requests"":128,""observed_requests"":128,""purpose"":""MEASUREMENT"",""scope"":""prior recipe trial retained, not a cell in this recipe"",""source_attempt_id"":""attempt-59cd557c468f4441b94dcc2f5a19b3d8"",""source_attempt_sha256"":""fa5cc71d2777d61de8b44a3f0e28c3b55353da8bd2714a85fd597df98c7da9cd"",""source_config_sha256"":""4f7e364f2ab05dda246480c29d89e3c210034a0ecc1622da2e729b59cee6eb16"",""source_recipe_sha256"":""d7337c983048b83dfab1cf218cb91da24b60f086f783f5a7fa184bddb7dd0a80"",""source_session_id"":""667c6b34f22f45f192acb928b880468d""}"
14b,inherited_or_current_setup,28,artifact-finalization,COMPLETED,bf6e335a-b7ba-4c68-ba5f-b7c47549b388,281736511818680,281737387834459,0.876015779,0,raw hashing and immutable recipe-attempt publication
confirmation-14b,inherited_or_current_setup,39,artifact-finalization,COMPLETED,bf6e335a-b7ba-4c68-ba5f-b7c47549b388,281736511818680,281737387834459,0.876015779,0,raw hashing and immutable recipe-attempt publication
development,inherited_or_current_setup,39,artifact-finalization,COMPLETED,bf6e335a-b7ba-4c68-ba5f-b7c47549b388,281736511818680,281737387834459,0.876015779,0,raw hashing and immutable recipe-attempt publication
14b,native_attempt,attempt-9b041326da4d407b9d9e5b72315860aa,attempt,COMPLETED,bf6e335a-b7ba-4c68-ba5f-b7c47549b388,281738048332280,282927735400543,1189.687068263,,baseline
confirmation-14b,inherited_or_current_setup,40,predecessor-study-attempt,COMPLETED,bf6e335a-b7ba-4c68-ba5f-b7c47549b388,281738048332280,282927735400543,1189.687068263,0,"{""expected_requests"":128,""observed_requests"":128,""purpose"":""MEASUREMENT"",""scope"":""prior recipe trial retained, not a cell in this recipe"",""source_attempt_id"":""attempt-9b041326da4d407b9d9e5b72315860aa"",""source_attempt_sha256"":""178e04de88f95f1f5187baa1189b79079c1dcd58be53b58e7e35cadd772c76ef"",""source_config_sha256"":""4f7e364f2ab05dda246480c29d89e3c210034a0ecc1622da2e729b59cee6eb16"",""source_recipe_sha256"":""d7337c983048b83dfab1cf218cb91da24b60f086f783f5a7fa184bddb7dd0a80"",""source_session_id"":""667c6b34f22f45f192acb928b880468d""}"
development,inherited_or_current_setup,40,predecessor-study-attempt,COMPLETED,bf6e335a-b7ba-4c68-ba5f-b7c47549b388,281738048332280,282927735400543,1189.687068263,0,"{""expected_requests"":128,""observed_requests"":128,""purpose"":""MEASUREMENT"",""scope"":""prior recipe trial retained, not a cell in this recipe"",""source_attempt_id"":""attempt-9b041326da4d407b9d9e5b72315860aa"",""source_attempt_sha256"":""178e04de88f95f1f5187baa1189b79079c1dcd58be53b58e7e35cadd772c76ef"",""source_config_sha256"":""4f7e364f2ab05dda246480c29d89e3c210034a0ecc1622da2e729b59cee6eb16"",""source_recipe_sha256"":""d7337c983048b83dfab1cf218cb91da24b60f086f783f5a7fa184bddb7dd0a80"",""source_session_id"":""667c6b34f22f45f192acb928b880468d""}"
14b,inherited_or_current_setup,29,artifact-finalization,COMPLETED,bf6e335a-b7ba-4c68-ba5f-b7c47549b388,282927735400543,282928563478722,0.828078179,0,raw hashing and immutable recipe-attempt publication
confirmation-14b,inherited_or_current_setup,41,artifact-finalization,COMPLETED,bf6e335a-b7ba-4c68-ba5f-b7c47549b388,282927735400543,282928563478722,0.828078179,0,raw hashing and immutable recipe-attempt publication
development,inherited_or_current_setup,41,artifact-finalization,COMPLETED,bf6e335a-b7ba-4c68-ba5f-b7c47549b388,282927735400543,282928563478722,0.828078179,0,raw hashing and immutable recipe-attempt publication
14b,native_attempt,attempt-7c9be96cd8f44a358d194e6953ac5695,attempt,COMPLETED,bf6e335a-b7ba-4c68-ba5f-b7c47549b388,282929237440689,284079961112375,1150.723671686,,baseline
confirmation-14b,inherited_or_current_setup,42,predecessor-study-attempt,COMPLETED,bf6e335a-b7ba-4c68-ba5f-b7c47549b388,282929237440689,284079961112375,1150.723671686,0,"{""expected_requests"":128,""observed_requests"":128,""purpose"":""MEASUREMENT"",""scope"":""prior recipe trial retained, not a cell in this recipe"",""source_attempt_id"":""attempt-7c9be96cd8f44a358d194e6953ac5695"",""source_attempt_sha256"":""04a0f57d2c6f64f67850d3371817bd91513718964ec142b889124f57fd681fa0"",""source_config_sha256"":""4f7e364f2ab05dda246480c29d89e3c210034a0ecc1622da2e729b59cee6eb16"",""source_recipe_sha256"":""d7337c983048b83dfab1cf218cb91da24b60f086f783f5a7fa184bddb7dd0a80"",""source_session_id"":""667c6b34f22f45f192acb928b880468d""}"
development,inherited_or_current_setup,42,predecessor-study-attempt,COMPLETED,bf6e335a-b7ba-4c68-ba5f-b7c47549b388,282929237440689,284079961112375,1150.723671686,0,"{""expected_requests"":128,""observed_requests"":128,""purpose"":""MEASUREMENT"",""scope"":""prior recipe trial retained, not a cell in this recipe"",""source_attempt_id"":""attempt-7c9be96cd8f44a358d194e6953ac5695"",""source_attempt_sha256"":""04a0f57d2c6f64f67850d3371817bd91513718964ec142b889124f57fd681fa0"",""source_config_sha256"":""4f7e364f2ab05dda246480c29d89e3c210034a0ecc1622da2e729b59cee6eb16"",""source_recipe_sha256"":""d7337c983048b83dfab1cf218cb91da24b60f086f783f5a7fa184bddb7dd0a80"",""source_session_id"":""667c6b34f22f45f192acb928b880468d""}"
14b,inherited_or_current_setup,30,artifact-finalization,COMPLETED,bf6e335a-b7ba-4c68-ba5f-b7c47549b388,284079961112375,284080859953249,0.898840874,0,raw hashing and immutable recipe-attempt publication
confirmation-14b,inherited_or_current_setup,43,artifact-finalization,COMPLETED,bf6e335a-b7ba-4c68-ba5f-b7c47549b388,284079961112375,284080859953249,0.898840874,0,raw hashing and immutable recipe-attempt publication
development,inherited_or_current_setup,43,artifact-finalization,COMPLETED,bf6e335a-b7ba-4c68-ba5f-b7c47549b388,284079961112375,284080859953249,0.898840874,0,raw hashing and immutable recipe-attempt publication
14b,native_attempt,attempt-71dd4c560fa14c84a56659b393046b86,attempt,COMPLETED,bf6e335a-b7ba-4c68-ba5f-b7c47549b388,284081542347717,284370646420485,289.104072768,,candidate
confirmation-14b,inherited_or_current_setup,44,predecessor-study-attempt,COMPLETED,bf6e335a-b7ba-4c68-ba5f-b7c47549b388,284081542347717,284370646420485,289.104072768,0,"{""expected_requests"":128,""observed_requests"":128,""purpose"":""MEASUREMENT"",""scope"":""prior recipe trial retained, not a cell in this recipe"",""source_attempt_id"":""attempt-71dd4c560fa14c84a56659b393046b86"",""source_attempt_sha256"":""a41786c086c4980dd1a49316e163aa4ced65c52e9340e440c0e98d74be4813c0"",""source_config_sha256"":""4f7e364f2ab05dda246480c29d89e3c210034a0ecc1622da2e729b59cee6eb16"",""source_recipe_sha256"":""d7337c983048b83dfab1cf218cb91da24b60f086f783f5a7fa184bddb7dd0a80"",""source_session_id"":""667c6b34f22f45f192acb928b880468d""}"
development,inherited_or_current_setup,44,predecessor-study-attempt,COMPLETED,bf6e335a-b7ba-4c68-ba5f-b7c47549b388,284081542347717,284370646420485,289.104072768,0,"{""expected_requests"":128,""observed_requests"":128,""purpose"":""MEASUREMENT"",""scope"":""prior recipe trial retained, not a cell in this recipe"",""source_attempt_id"":""attempt-71dd4c560fa14c84a56659b393046b86"",""source_attempt_sha256"":""a41786c086c4980dd1a49316e163aa4ced65c52e9340e440c0e98d74be4813c0"",""source_config_sha256"":""4f7e364f2ab05dda246480c29d89e3c210034a0ecc1622da2e729b59cee6eb16"",""source_recipe_sha256"":""d7337c983048b83dfab1cf218cb91da24b60f086f783f5a7fa184bddb7dd0a80"",""source_session_id"":""667c6b34f22f45f192acb928b880468d""}"
14b,inherited_or_current_setup,31,artifact-finalization,COMPLETED,bf6e335a-b7ba-4c68-ba5f-b7c47549b388,284370646420485,284371671022263,1.024601778,0,raw hashing and immutable recipe-attempt publication
confirmation-14b,inherited_or_current_setup,45,artifact-finalization,COMPLETED,bf6e335a-b7ba-4c68-ba5f-b7c47549b388,284370646420485,284371671022263,1.024601778,0,raw hashing and immutable recipe-attempt publication
development,inherited_or_current_setup,45,artifact-finalization,COMPLETED,bf6e335a-b7ba-4c68-ba5f-b7c47549b388,284370646420485,284371671022263,1.024601778,0,raw hashing and immutable recipe-attempt publication
14b,native_attempt,attempt-b5455be84a2b4eed9da360cbcbbd9827,attempt,COMPLETED,bf6e335a-b7ba-4c68-ba5f-b7c47549b388,284372507653808,284666738174894,294.230521086,,candidate
confirmation-14b,inherited_or_current_setup,46,predecessor-study-attempt,COMPLETED,bf6e335a-b7ba-4c68-ba5f-b7c47549b388,284372507653808,284666738174894,294.230521086,0,"{""expected_requests"":128,""observed_requests"":128,""purpose"":""MEASUREMENT"",""scope"":""prior recipe trial retained, not a cell in this recipe"",""source_attempt_id"":""attempt-b5455be84a2b4eed9da360cbcbbd9827"",""source_attempt_sha256"":""1bb9197ca11545ccaa93d816cce1f420bacdc906b61754e6a348735c0dda0ce2"",""source_config_sha256"":""4f7e364f2ab05dda246480c29d89e3c210034a0ecc1622da2e729b59cee6eb16"",""source_recipe_sha256"":""d7337c983048b83dfab1cf218cb91da24b60f086f783f5a7fa184bddb7dd0a80"",""source_session_id"":""667c6b34f22f45f192acb928b880468d""}"
development,inherited_or_current_setup,46,predecessor-study-attempt,COMPLETED,bf6e335a-b7ba-4c68-ba5f-b7c47549b388,284372507653808,284666738174894,294.230521086,0,"{""expected_requests"":128,""observed_requests"":128,""purpose"":""MEASUREMENT"",""scope"":""prior recipe trial retained, not a cell in this recipe"",""source_attempt_id"":""attempt-b5455be84a2b4eed9da360cbcbbd9827"",""source_attempt_sha256"":""1bb9197ca11545ccaa93d816cce1f420bacdc906b61754e6a348735c0dda0ce2"",""source_config_sha256"":""4f7e364f2ab05dda246480c29d89e3c210034a0ecc1622da2e729b59cee6eb16"",""source_recipe_sha256"":""d7337c983048b83dfab1cf218cb91da24b60f086f783f5a7fa184bddb7dd0a80"",""source_session_id"":""667c6b34f22f45f192acb928b880468d""}"
14b,inherited_or_current_setup,32,artifact-finalization,COMPLETED,bf6e335a-b7ba-4c68-ba5f-b7c47549b388,284666738174894,284667805451043,1.067276149,0,raw hashing and immutable recipe-attempt publication
confirmation-14b,inherited_or_current_setup,47,artifact-finalization,COMPLETED,bf6e335a-b7ba-4c68-ba5f-b7c47549b388,284666738174894,284667805451043,1.067276149,0,raw hashing and immutable recipe-attempt publication
development,inherited_or_current_setup,47,artifact-finalization,COMPLETED,bf6e335a-b7ba-4c68-ba5f-b7c47549b388,284666738174894,284667805451043,1.067276149,0,raw hashing and immutable recipe-attempt publication
14b,native_attempt,attempt-236e9d95e84d429099b3c0f21140f7f0,attempt,COMPLETED,bf6e335a-b7ba-4c68-ba5f-b7c47549b388,284668670493871,285837307996884,1168.637503013,,baseline
confirmation-14b,inherited_or_current_setup,48,predecessor-study-attempt,COMPLETED,bf6e335a-b7ba-4c68-ba5f-b7c47549b388,284668670493871,285837307996884,1168.637503013,0,"{""expected_requests"":128,""observed_requests"":128,""purpose"":""MEASUREMENT"",""scope"":""prior recipe trial retained, not a cell in this recipe"",""source_attempt_id"":""attempt-236e9d95e84d429099b3c0f21140f7f0"",""source_attempt_sha256"":""49d26013c2241376c358eceafaa34f74c9cbcd9a7093405b5d4f61345a8659d3"",""source_config_sha256"":""4f7e364f2ab05dda246480c29d89e3c210034a0ecc1622da2e729b59cee6eb16"",""source_recipe_sha256"":""d7337c983048b83dfab1cf218cb91da24b60f086f783f5a7fa184bddb7dd0a80"",""source_session_id"":""667c6b34f22f45f192acb928b880468d""}"
development,inherited_or_current_setup,48,predecessor-study-attempt,COMPLETED,bf6e335a-b7ba-4c68-ba5f-b7c47549b388,284668670493871,285837307996884,1168.637503013,0,"{""expected_requests"":128,""observed_requests"":128,""purpose"":""MEASUREMENT"",""scope"":""prior recipe trial retained, not a cell in this recipe"",""source_attempt_id"":""attempt-236e9d95e84d429099b3c0f21140f7f0"",""source_attempt_sha256"":""49d26013c2241376c358eceafaa34f74c9cbcd9a7093405b5d4f61345a8659d3"",""source_config_sha256"":""4f7e364f2ab05dda246480c29d89e3c210034a0ecc1622da2e729b59cee6eb16"",""source_recipe_sha256"":""d7337c983048b83dfab1cf218cb91da24b60f086f783f5a7fa184bddb7dd0a80"",""source_session_id"":""667c6b34f22f45f192acb928b880468d""}"
14b,inherited_or_current_setup,33,artifact-finalization,COMPLETED,bf6e335a-b7ba-4c68-ba5f-b7c47549b388,285837307996884,285838453027090,1.145030206,0,raw hashing and immutable recipe-attempt publication
confirmation-14b,inherited_or_current_setup,49,artifact-finalization,COMPLETED,bf6e335a-b7ba-4c68-ba5f-b7c47549b388,285837307996884,285838453027090,1.145030206,0,raw hashing and immutable recipe-attempt publication
development,inherited_or_current_setup,49,artifact-finalization,COMPLETED,bf6e335a-b7ba-4c68-ba5f-b7c47549b388,285837307996884,285838453027090,1.145030206,0,raw hashing and immutable recipe-attempt publication
confirmation-14b,inherited_or_current_setup,50,source-acquisition,COMPLETED,bf6e335a-b7ba-4c68-ba5f-b7c47549b388,286156955950654,286157137960029,0.182009375,0,"{""ancestor"":{""attestation_boundary"":""Original receipt and pinned artifact bytes are verified; this operation does not rebuild, run git, certify an unchanged source checkout or authenticate the receipt author."",""historical_costs"":{""allocation_identity"":null,""allocation_scope"":""Legacy schema 1 has no allocation object; no ID, closure proof or complete allocation-wide wall total is invented."",""attributed_phase_ns"":247610059902,""finished_ns"":263574365322166,""recorded_bytes_acquired"":1568203429,""scope"":""Historical source setup only; never charged as current-allocation intervals. Full source records, including failures, are retained verbatim. Nested ancestor scopes, if present, remain separate rather than being summed twice."",""setup_span_ns"":809971719115,""started_ns"":262764393603051,""terminal_counts"":{""COMPLETED"":5,""FAILED"":3,""INTERRUPTED"":0},""unattributed_gap_ns"":562361659213},""schema_version"":1,""source_patch_sha256"":""598d10a911e4d9c33926bd2dfd75735d143b84db14ad644a7502f35bec8e0f1c"",""source_receipt_path"":"".cache/prepared-20260908-01/setup-with-protocol-recovery.json"",""source_receipt_raw_utf8"":""{\""artifacts\"":{\""backend_patch_sha256\"":\""598d10a911e4d9c33926bd2dfd75735d143b84db14ad644a7502f35bec8e0f1c\"",\""backend_revision\"":\""bb4caa7540188872173c44d161602d9271386413\"",\""model_sha256\"":\""8e0ae26000627ed62de0e78e41860af70094558b9d2913385c842a6aa06cf3fc\"",\""server_sha256\"":\""22bb24feddd1b44d0b793d044fd86dad4119b40d5485e58d9a6213d296cf71b2\""},\""boot_id\"":\""bf6e335a-b7ba-4c68-ba5f-b7c47549b388\"",\""records\"":[{\""bytes_acquired\"":203559997,\""details\"":\""source-acquisition; retained local logs and artifacts\"",\""finished_ns\"":262768334950432,\""phase\"":\""source-acquisition\"",\""started_ns\"":262764393603051,\""status\"":\""COMPLETED\""},{\""bytes_acquired\"":1266425774,\""details\"":\""model-acquisition; retained local logs and artifacts\"",\""finished_ns\"":262811996753960,\""phase\"":\""model-acquisition\"",\""started_ns\"":262768395958038,\""status\"":\""COMPLETED\""},{\""bytes_acquired\"":12121092,\""details\"":\""build; retained local logs and artifacts\"",\""finished_ns\"":262829398167912,\""phase\"":\""build\"",\""started_ns\"":262812057781123,\""status\"":\""FAILED\""},{\""bytes_acquired\"":56535198,\""details\"":\""GCC8 link configuration recovery; source unchanged; original failed build and all costs retained\"",\""finished_ns\"":263121629656133,\""phase\"":\""build\"",\""started_ns\"":262995593248208,\""status\"":\""FAILED\""},{\""bytes_acquired\"":29561368,\""details\"":\""GCC8 link configuration recovery; reviewed CTAD patch on pinned source; both original failed builds and all costs retained\"",\""finished_ns\"":263441225141148,\""phase\"":\""build\"",\""started_ns\"":263424104976025,\""status\"":\""COMPLETED\""},{\""bytes_acquired\"":0,\""details\"":\""local binary version and model/backend SHA-256 verification\"",\""finished_ns\"":263535450688659,\""phase\"":\""runtime-verification\"",\""started_ns\"":263534754333486,\""status\"":\""COMPLETED\""},{\""bytes_acquired\"":0,\""details\"":\""{\\\""attempt_id\\\"": \\\""attempt-79ef9215fce64bbb86824cbcd11c9d16\\\"", \\\""attempt_sha256\\\"": \\\""06d37917391d75f04de4862276c1c7f7c9c4051bee3d68b4495abed167427cb8\\\"", \\\""expected_requests\\\"": 128, \\\""missing_requests\\\"": 98, \\\""observed_requests\\\"": 30, \\\""prior_study\\\"": \\\""cpu-20260908-01\\\"", \\\""scope\\\"": \\\""original immutable failed client-normalization attempt; no candidate arm measured; not deleted or relabeled; positive efficiency claim remains ineligible for this allocation\\\"", \\\""status\\\"": \\\""INTERRUPTED\\\""}\"",\""finished_ns\"":263574302386372,\""phase\"":\""runtime-protocol-validation\"",\""started_ns\"":263535490720577,\""status\"":\""FAILED\""},{\""bytes_acquired\"":0,\""details\"":\""raw evidence hashing, immutable attempt publication and inventory reconciliation\"",\""finished_ns\"":263574365322166,\""phase\"":\""artifact-finalization\"",\""started_ns\"":263574302386372,\""status\"":\""COMPLETED\""}],\""schema_version\"":1}\n"",""source_receipt_sha256"":""6d9a4d46d03f2771b003b3d7ee3f5e0ae10e88567e8d44a98b2582cd6b58115c"",""source_revision"":""bb4caa7540188872173c44d161602d9271386413""},""ancestor_receipt_file"":""source-setup.json"",""ancestor_receipt_sha256"":""6d9a4d46d03f2771b003b3d7ee3f5e0ae10e88567e8d44a98b2582cd6b58115c"",""cost_boundary"":""This interval measures current verification only. Historical acquisition/build/failure costs remain a separate ancestor scope."",""explanation"":""Reuse and verify historical receipt, admitted profile and pinned source/patch identity; no source acquisition. Exact ancestor bytes and all historical cost records retained."",""newly_acquired_artifact_bytes"":0,""operation"":""reuse-and-verification""}"
development,inherited_or_current_setup,50,source-acquisition,COMPLETED,bf6e335a-b7ba-4c68-ba5f-b7c47549b388,286156955950654,286157137960029,0.182009375,0,"{""ancestor"":{""attestation_boundary"":""Original receipt and pinned artifact bytes are verified; this operation does not rebuild, run git, certify an unchanged source checkout or authenticate the receipt author."",""historical_costs"":{""allocation_identity"":null,""allocation_scope"":""Legacy schema 1 has no allocation object; no ID, closure proof or complete allocation-wide wall total is invented."",""attributed_phase_ns"":247610059902,""finished_ns"":263574365322166,""recorded_bytes_acquired"":1568203429,""scope"":""Historical source setup only; never charged as current-allocation intervals. Full source records, including failures, are retained verbatim. Nested ancestor scopes, if present, remain separate rather than being summed twice."",""setup_span_ns"":809971719115,""started_ns"":262764393603051,""terminal_counts"":{""COMPLETED"":5,""FAILED"":3,""INTERRUPTED"":0},""unattributed_gap_ns"":562361659213},""schema_version"":1,""source_patch_sha256"":""598d10a911e4d9c33926bd2dfd75735d143b84db14ad644a7502f35bec8e0f1c"",""source_receipt_path"":"".cache/prepared-20260908-01/setup-with-protocol-recovery.json"",""source_receipt_raw_utf8"":""{\""artifacts\"":{\""backend_patch_sha256\"":\""598d10a911e4d9c33926bd2dfd75735d143b84db14ad644a7502f35bec8e0f1c\"",\""backend_revision\"":\""bb4caa7540188872173c44d161602d9271386413\"",\""model_sha256\"":\""8e0ae26000627ed62de0e78e41860af70094558b9d2913385c842a6aa06cf3fc\"",\""server_sha256\"":\""22bb24feddd1b44d0b793d044fd86dad4119b40d5485e58d9a6213d296cf71b2\""},\""boot_id\"":\""bf6e335a-b7ba-4c68-ba5f-b7c47549b388\"",\""records\"":[{\""bytes_acquired\"":203559997,\""details\"":\""source-acquisition; retained local logs and artifacts\"",\""finished_ns\"":262768334950432,\""phase\"":\""source-acquisition\"",\""started_ns\"":262764393603051,\""status\"":\""COMPLETED\""},{\""bytes_acquired\"":1266425774,\""details\"":\""model-acquisition; retained local logs and artifacts\"",\""finished_ns\"":262811996753960,\""phase\"":\""model-acquisition\"",\""started_ns\"":262768395958038,\""status\"":\""COMPLETED\""},{\""bytes_acquired\"":12121092,\""details\"":\""build; retained local logs and artifacts\"",\""finished_ns\"":262829398167912,\""phase\"":\""build\"",\""started_ns\"":262812057781123,\""status\"":\""FAILED\""},{\""bytes_acquired\"":56535198,\""details\"":\""GCC8 link configuration recovery; source unchanged; original failed build and all costs retained\"",\""finished_ns\"":263121629656133,\""phase\"":\""build\"",\""started_ns\"":262995593248208,\""status\"":\""FAILED\""},{\""bytes_acquired\"":29561368,\""details\"":\""GCC8 link configuration recovery; reviewed CTAD patch on pinned source; both original failed builds and all costs retained\"",\""finished_ns\"":263441225141148,\""phase\"":\""build\"",\""started_ns\"":263424104976025,\""status\"":\""COMPLETED\""},{\""bytes_acquired\"":0,\""details\"":\""local binary version and model/backend SHA-256 verification\"",\""finished_ns\"":263535450688659,\""phase\"":\""runtime-verification\"",\""started_ns\"":263534754333486,\""status\"":\""COMPLETED\""},{\""bytes_acquired\"":0,\""details\"":\""{\\\""attempt_id\\\"": \\\""attempt-79ef9215fce64bbb86824cbcd11c9d16\\\"", \\\""attempt_sha256\\\"": \\\""06d37917391d75f04de4862276c1c7f7c9c4051bee3d68b4495abed167427cb8\\\"", \\\""expected_requests\\\"": 128, \\\""missing_requests\\\"": 98, \\\""observed_requests\\\"": 30, \\\""prior_study\\\"": \\\""cpu-20260908-01\\\"", \\\""scope\\\"": \\\""original immutable failed client-normalization attempt; no candidate arm measured; not deleted or relabeled; positive efficiency claim remains ineligible for this allocation\\\"", \\\""status\\\"": \\\""INTERRUPTED\\\""}\"",\""finished_ns\"":263574302386372,\""phase\"":\""runtime-protocol-validation\"",\""started_ns\"":263535490720577,\""status\"":\""FAILED\""},{\""bytes_acquired\"":0,\""details\"":\""raw evidence hashing, immutable attempt publication and inventory reconciliation\"",\""finished_ns\"":263574365322166,\""phase\"":\""artifact-finalization\"",\""started_ns\"":263574302386372,\""status\"":\""COMPLETED\""}],\""schema_version\"":1}\n"",""source_receipt_sha256"":""6d9a4d46d03f2771b003b3d7ee3f5e0ae10e88567e8d44a98b2582cd6b58115c"",""source_revision"":""bb4caa7540188872173c44d161602d9271386413""},""ancestor_receipt_file"":""source-setup.json"",""ancestor_receipt_sha256"":""6d9a4d46d03f2771b003b3d7ee3f5e0ae10e88567e8d44a98b2582cd6b58115c"",""cost_boundary"":""This interval measures current verification only. Historical acquisition/build/failure costs remain a separate ancestor scope."",""explanation"":""Reuse and verify historical receipt, admitted profile and pinned source/patch identity; no source acquisition. Exact ancestor bytes and all historical cost records retained."",""newly_acquired_artifact_bytes"":0,""operation"":""reuse-and-verification""}"
confirmation-14b,inherited_or_current_setup,51,model-acquisition,COMPLETED,bf6e335a-b7ba-4c68-ba5f-b7c47549b388,286157142765260,286158011483859,0.868718599,0,"{""ancestor_receipt_file"":""source-setup.json"",""ancestor_receipt_sha256"":""6d9a4d46d03f2771b003b3d7ee3f5e0ae10e88567e8d44a98b2582cd6b58115c"",""cost_boundary"":""This interval measures current verification only. Historical acquisition/build/failure costs remain a separate ancestor scope."",""explanation"":""Reuse and stream-verify every already present reviewed model shard; no download or model copy."",""newly_acquired_artifact_bytes"":0,""operation"":""reuse-and-verification""}"
development,inherited_or_current_setup,51,model-acquisition,COMPLETED,bf6e335a-b7ba-4c68-ba5f-b7c47549b388,286157142765260,286158011483859,0.868718599,0,"{""ancestor_receipt_file"":""source-setup.json"",""ancestor_receipt_sha256"":""6d9a4d46d03f2771b003b3d7ee3f5e0ae10e88567e8d44a98b2582cd6b58115c"",""cost_boundary"":""This interval measures current verification only. Historical acquisition/build/failure costs remain a separate ancestor scope."",""explanation"":""Reuse and stream-verify every already present reviewed model shard; no download or model copy."",""newly_acquired_artifact_bytes"":0,""operation"":""reuse-and-verification""}"
confirmation-14b,inherited_or_current_setup,52,build,COMPLETED,bf6e335a-b7ba-4c68-ba5f-b7c47549b388,286158013960377,286158200084277,0.1861239,0,"{""ancestor_receipt_file"":""source-setup.json"",""ancestor_receipt_sha256"":""6d9a4d46d03f2771b003b3d7ee3f5e0ae10e88567e8d44a98b2582cd6b58115c"",""cost_boundary"":""This interval measures current verification only. Historical acquisition/build/failure costs remain a separate ancestor scope."",""explanation"":""Reuse and verify exact already compiled server bytes against the ancestor; no build, server execution or new backend qualification."",""newly_acquired_artifact_bytes"":0,""operation"":""reuse-and-verification""}"
development,inherited_or_current_setup,52,build,COMPLETED,bf6e335a-b7ba-4c68-ba5f-b7c47549b388,286158013960377,286158200084277,0.1861239,0,"{""ancestor_receipt_file"":""source-setup.json"",""ancestor_receipt_sha256"":""6d9a4d46d03f2771b003b3d7ee3f5e0ae10e88567e8d44a98b2582cd6b58115c"",""cost_boundary"":""This interval measures current verification only. Historical acquisition/build/failure costs remain a separate ancestor scope."",""explanation"":""Reuse and verify exact already compiled server bytes against the ancestor; no build, server execution or new backend qualification."",""newly_acquired_artifact_bytes"":0,""operation"":""reuse-and-verification""}"
confirmation-14b,inherited_or_current_setup,53,runtime-admission,COMPLETED,bf6e335a-b7ba-4c68-ba5f-b7c47549b388,286174355640611,286176364953799,2.009313188,0,recipe/setup/hardware/prior-cost admission; actual shard and binary verification occurs inside each retained attempt
development,inherited_or_current_setup,53,runtime-admission,COMPLETED,bf6e335a-b7ba-4c68-ba5f-b7c47549b388,286174355640611,286176364953799,2.009313188,0,recipe/setup/hardware/prior-cost admission; actual shard and binary verification occurs inside each retained attempt
confirmation-14b,inherited_or_current_setup,54,predecessor-study-attempt,COMPLETED,bf6e335a-b7ba-4c68-ba5f-b7c47549b388,286176446889678,286186370953140,9.924063462,0,"{""expected_requests"":8,""observed_requests"":8,""purpose"":""DEVELOPMENT"",""scope"":""prior recipe trial retained, not a cell in this recipe"",""source_attempt_id"":""attempt-727fa77103d2428fafbd14698407f690"",""source_attempt_sha256"":""6fc6f259702f1ed54a3ba18889e16a747ea1647b09731963272e216fc22b39fc"",""source_config_sha256"":""37cc160d896fb7cc67650a70d97cb3d943c5be65a47fb99f192343b5af815896"",""source_recipe_sha256"":""46db99c115954c09232f213466cd1a77985a1ac2155ec2e88f49c69be3e98506"",""source_session_id"":""183adb6a0b1e482a944df3f0e7fed222""}"
development,inherited_or_current_setup,54,predecessor-study-attempt,COMPLETED,bf6e335a-b7ba-4c68-ba5f-b7c47549b388,286176446889678,286186370953140,9.924063462,0,"{""expected_requests"":8,""observed_requests"":8,""purpose"":""DEVELOPMENT"",""scope"":""prior recipe trial retained, not a cell in this recipe"",""source_attempt_id"":""attempt-727fa77103d2428fafbd14698407f690"",""source_attempt_sha256"":""6fc6f259702f1ed54a3ba18889e16a747ea1647b09731963272e216fc22b39fc"",""source_config_sha256"":""37cc160d896fb7cc67650a70d97cb3d943c5be65a47fb99f192343b5af815896"",""source_recipe_sha256"":""46db99c115954c09232f213466cd1a77985a1ac2155ec2e88f49c69be3e98506"",""source_session_id"":""183adb6a0b1e482a944df3f0e7fed222""}"
confirmation-14b,inherited_or_current_setup,55,artifact-finalization,COMPLETED,bf6e335a-b7ba-4c68-ba5f-b7c47549b388,286186370953140,286186480971599,0.110018459,0,raw hashing and immutable recipe-attempt publication
development,inherited_or_current_setup,55,artifact-finalization,COMPLETED,bf6e335a-b7ba-4c68-ba5f-b7c47549b388,286186370953140,286186480971599,0.110018459,0,raw hashing and immutable recipe-attempt publication
confirmation-14b,inherited_or_current_setup,56,predecessor-study-attempt,COMPLETED,bf6e335a-b7ba-4c68-ba5f-b7c47549b388,286186559988768,286196471916329,9.911927561,0,"{""expected_requests"":8,""observed_requests"":8,""purpose"":""DEVELOPMENT"",""scope"":""prior recipe trial retained, not a cell in this recipe"",""source_attempt_id"":""attempt-90ed1fd963d84327a183881c97b54217"",""source_attempt_sha256"":""a2b149da76f4d575f2e18e7eedc6195bcd7546fe01e3ac76f610b14f9873c120"",""source_config_sha256"":""37cc160d896fb7cc67650a70d97cb3d943c5be65a47fb99f192343b5af815896"",""source_recipe_sha256"":""46db99c115954c09232f213466cd1a77985a1ac2155ec2e88f49c69be3e98506"",""source_session_id"":""183adb6a0b1e482a944df3f0e7fed222""}"
development,inherited_or_current_setup,56,predecessor-study-attempt,COMPLETED,bf6e335a-b7ba-4c68-ba5f-b7c47549b388,286186559988768,286196471916329,9.911927561,0,"{""expected_requests"":8,""observed_requests"":8,""purpose"":""DEVELOPMENT"",""scope"":""prior recipe trial retained, not a cell in this recipe"",""source_attempt_id"":""attempt-90ed1fd963d84327a183881c97b54217"",""source_attempt_sha256"":""a2b149da76f4d575f2e18e7eedc6195bcd7546fe01e3ac76f610b14f9873c120"",""source_config_sha256"":""37cc160d896fb7cc67650a70d97cb3d943c5be65a47fb99f192343b5af815896"",""source_recipe_sha256"":""46db99c115954c09232f213466cd1a77985a1ac2155ec2e88f49c69be3e98506"",""source_session_id"":""183adb6a0b1e482a944df3f0e7fed222""}"
confirmation-14b,inherited_or_current_setup,57,artifact-finalization,COMPLETED,bf6e335a-b7ba-4c68-ba5f-b7c47549b388,286196471916329,286196590351098,0.118434769,0,raw hashing and immutable recipe-attempt publication
development,inherited_or_current_setup,57,artifact-finalization,COMPLETED,bf6e335a-b7ba-4c68-ba5f-b7c47549b388,286196471916329,286196590351098,0.118434769,0,raw hashing and immutable recipe-attempt publication
confirmation-14b,inherited_or_current_setup,58,predecessor-study-attempt,COMPLETED,bf6e335a-b7ba-4c68-ba5f-b7c47549b388,286196687833222,286206606440892,9.91860767,0,"{""expected_requests"":8,""observed_requests"":8,""purpose"":""DEVELOPMENT"",""scope"":""prior recipe trial retained, not a cell in this recipe"",""source_attempt_id"":""attempt-f42a114086d048579292e3c787a3e4bf"",""source_attempt_sha256"":""408da8fff1c47dccaf370438a716c1b326fb0eacc527c7bbb3a9f241bf9ac5d7"",""source_config_sha256"":""37cc160d896fb7cc67650a70d97cb3d943c5be65a47fb99f192343b5af815896"",""source_recipe_sha256"":""46db99c115954c09232f213466cd1a77985a1ac2155ec2e88f49c69be3e98506"",""source_session_id"":""183adb6a0b1e482a944df3f0e7fed222""}"
development,inherited_or_current_setup,58,predecessor-study-attempt,COMPLETED,bf6e335a-b7ba-4c68-ba5f-b7c47549b388,286196687833222,286206606440892,9.91860767,0,"{""expected_requests"":8,""observed_requests"":8,""purpose"":""DEVELOPMENT"",""scope"":""prior recipe trial retained, not a cell in this recipe"",""source_attempt_id"":""attempt-f42a114086d048579292e3c787a3e4bf"",""source_attempt_sha256"":""408da8fff1c47dccaf370438a716c1b326fb0eacc527c7bbb3a9f241bf9ac5d7"",""source_config_sha256"":""37cc160d896fb7cc67650a70d97cb3d943c5be65a47fb99f192343b5af815896"",""source_recipe_sha256"":""46db99c115954c09232f213466cd1a77985a1ac2155ec2e88f49c69be3e98506"",""source_session_id"":""183adb6a0b1e482a944df3f0e7fed222""}"
confirmation-14b,inherited_or_current_setup,59,artifact-finalization,COMPLETED,bf6e335a-b7ba-4c68-ba5f-b7c47549b388,286206606440892,286206746377147,0.139936255,0,raw hashing and immutable recipe-attempt publication
development,inherited_or_current_setup,59,artifact-finalization,COMPLETED,bf6e335a-b7ba-4c68-ba5f-b7c47549b388,286206606440892,286206746377147,0.139936255,0,raw hashing and immutable recipe-attempt publication
confirmation-14b,inherited_or_current_setup,60,predecessor-study-attempt,COMPLETED,bf6e335a-b7ba-4c68-ba5f-b7c47549b388,286206864486770,286216780119196,9.915632426,0,"{""expected_requests"":8,""observed_requests"":8,""purpose"":""DEVELOPMENT"",""scope"":""prior recipe trial retained, not a cell in this recipe"",""source_attempt_id"":""attempt-89b0a21a13c2446185065f4ea7d10a81"",""source_attempt_sha256"":""44a15478d93c231d22224a5e300f6916204c3f0590be08bfbf480e92a00b1e5d"",""source_config_sha256"":""37cc160d896fb7cc67650a70d97cb3d943c5be65a47fb99f192343b5af815896"",""source_recipe_sha256"":""46db99c115954c09232f213466cd1a77985a1ac2155ec2e88f49c69be3e98506"",""source_session_id"":""183adb6a0b1e482a944df3f0e7fed222""}"
development,inherited_or_current_setup,60,predecessor-study-attempt,COMPLETED,bf6e335a-b7ba-4c68-ba5f-b7c47549b388,286206864486770,286216780119196,9.915632426,0,"{""expected_requests"":8,""observed_requests"":8,""purpose"":""DEVELOPMENT"",""scope"":""prior recipe trial retained, not a cell in this recipe"",""source_attempt_id"":""attempt-89b0a21a13c2446185065f4ea7d10a81"",""source_attempt_sha256"":""44a15478d93c231d22224a5e300f6916204c3f0590be08bfbf480e92a00b1e5d"",""source_config_sha256"":""37cc160d896fb7cc67650a70d97cb3d943c5be65a47fb99f192343b5af815896"",""source_recipe_sha256"":""46db99c115954c09232f213466cd1a77985a1ac2155ec2e88f49c69be3e98506"",""source_session_id"":""183adb6a0b1e482a944df3f0e7fed222""}"
confirmation-14b,inherited_or_current_setup,61,artifact-finalization,COMPLETED,bf6e335a-b7ba-4c68-ba5f-b7c47549b388,286216780119196,286216983886503,0.203767307,0,raw hashing and immutable recipe-attempt publication
development,inherited_or_current_setup,61,artifact-finalization,COMPLETED,bf6e335a-b7ba-4c68-ba5f-b7c47549b388,286216780119196,286216983886503,0.203767307,0,raw hashing and immutable recipe-attempt publication
confirmation-14b,inherited_or_current_setup,62,runtime-admission,COMPLETED,bf6e335a-b7ba-4c68-ba5f-b7c47549b388,286218670628608,286220945990033,2.275361425,0,recipe/setup/hardware/prior-cost admission; actual shard and binary verification occurs inside each retained attempt
development,inherited_or_current_setup,62,runtime-admission,COMPLETED,bf6e335a-b7ba-4c68-ba5f-b7c47549b388,286218670628608,286220945990033,2.275361425,0,recipe/setup/hardware/prior-cost admission; actual shard and binary verification occurs inside each retained attempt
confirmation-14b,inherited_or_current_setup,63,predecessor-study-attempt,INTERRUPTED,bf6e335a-b7ba-4c68-ba5f-b7c47549b388,286221035006817,286226108645968,5.073639151,0,"{""expected_requests"":8,""observed_requests"":2,""purpose"":""DEVELOPMENT"",""scope"":""prior recipe trial retained, not a cell in this recipe"",""source_attempt_id"":""attempt-cc513b5d391e4bb3bea79ce3ebb22a91"",""source_attempt_sha256"":""2c0d1d315f72aadf430b75ce03976c6626b4a55d46a50f9d22c57a6ee57c6965"",""source_config_sha256"":""37cc160d896fb7cc67650a70d97cb3d943c5be65a47fb99f192343b5af815896"",""source_recipe_sha256"":""46db99c115954c09232f213466cd1a77985a1ac2155ec2e88f49c69be3e98506"",""source_session_id"":""56c1998cbb4d433495748bd1a52360d3""}"
development,inherited_or_current_setup,63,predecessor-study-attempt,INTERRUPTED,bf6e335a-b7ba-4c68-ba5f-b7c47549b388,286221035006817,286226108645968,5.073639151,0,"{""expected_requests"":8,""observed_requests"":2,""purpose"":""DEVELOPMENT"",""scope"":""prior recipe trial retained, not a cell in this recipe"",""source_attempt_id"":""attempt-cc513b5d391e4bb3bea79ce3ebb22a91"",""source_attempt_sha256"":""2c0d1d315f72aadf430b75ce03976c6626b4a55d46a50f9d22c57a6ee57c6965"",""source_config_sha256"":""37cc160d896fb7cc67650a70d97cb3d943c5be65a47fb99f192343b5af815896"",""source_recipe_sha256"":""46db99c115954c09232f213466cd1a77985a1ac2155ec2e88f49c69be3e98506"",""source_session_id"":""56c1998cbb4d433495748bd1a52360d3""}"
confirmation-14b,inherited_or_current_setup,64,recovery-reconciliation,COMPLETED,bf6e335a-b7ba-4c68-ba5f-b7c47549b388,286226108645968,286226205757203,0.097111235,0,"retained interrupted/publication attempt; recovery wait, raw hashing and finalization"
development,inherited_or_current_setup,64,recovery-reconciliation,COMPLETED,bf6e335a-b7ba-4c68-ba5f-b7c47549b388,286226108645968,286226205757203,0.097111235,0,"retained interrupted/publication attempt; recovery wait, raw hashing and finalization"
confirmation-14b,inherited_or_current_setup,65,predecessor-study-attempt,COMPLETED,bf6e335a-b7ba-4c68-ba5f-b7c47549b388,286226535553077,286236453058457,9.91750538,0,"{""expected_requests"":8,""observed_requests"":8,""purpose"":""DEVELOPMENT"",""scope"":""prior recipe trial retained, not a cell in this recipe"",""source_attempt_id"":""attempt-069fb03c85f744e18b7d17139ba5d6cb"",""source_attempt_sha256"":""81c42f2203bd8a27ed71d9c503e4896ce5463aba1503026d641902fc85834c54"",""source_config_sha256"":""37cc160d896fb7cc67650a70d97cb3d943c5be65a47fb99f192343b5af815896"",""source_recipe_sha256"":""46db99c115954c09232f213466cd1a77985a1ac2155ec2e88f49c69be3e98506"",""source_session_id"":""56c1998cbb4d433495748bd1a52360d3""}"
development,inherited_or_current_setup,65,predecessor-study-attempt,COMPLETED,bf6e335a-b7ba-4c68-ba5f-b7c47549b388,286226535553077,286236453058457,9.91750538,0,"{""expected_requests"":8,""observed_requests"":8,""purpose"":""DEVELOPMENT"",""scope"":""prior recipe trial retained, not a cell in this recipe"",""source_attempt_id"":""attempt-069fb03c85f744e18b7d17139ba5d6cb"",""source_attempt_sha256"":""81c42f2203bd8a27ed71d9c503e4896ce5463aba1503026d641902fc85834c54"",""source_config_sha256"":""37cc160d896fb7cc67650a70d97cb3d943c5be65a47fb99f192343b5af815896"",""source_recipe_sha256"":""46db99c115954c09232f213466cd1a77985a1ac2155ec2e88f49c69be3e98506"",""source_session_id"":""56c1998cbb4d433495748bd1a52360d3""}"
confirmation-14b,inherited_or_current_setup,66,runtime-admission,COMPLETED,bf6e335a-b7ba-4c68-ba5f-b7c47549b388,286662450598853,286664837422693,2.38682384,0,recipe/setup/hardware/prior-cost admission; actual shard and binary verification occurs inside each retained attempt
development,inherited_or_current_setup,66,runtime-admission,COMPLETED,bf6e335a-b7ba-4c68-ba5f-b7c47549b388,286662450598853,286664837422693,2.38682384,0,recipe/setup/hardware/prior-cost admission; actual shard and binary verification occurs inside each retained attempt
confirmation-14b,inherited_or_current_setup,67,predecessor-study-attempt,COMPLETED,bf6e335a-b7ba-4c68-ba5f-b7c47549b388,286664919545199,286674866715203,9.947170004,0,"{""expected_requests"":8,""observed_requests"":8,""purpose"":""DEVELOPMENT"",""scope"":""prior recipe trial retained, not a cell in this recipe"",""source_attempt_id"":""attempt-95b5419029c448338f1073c7165f594a"",""source_attempt_sha256"":""0347fce0e2da158c2d6b7a63b0e31f9c126d0767f713572ec1841cd5922c2df3"",""source_config_sha256"":""b9b953174dcab1bf132a7c96d7f8dadfd91bee26acbfd23f87b1d789ef7ca440"",""source_recipe_sha256"":""1867f2c64e90e172b3e0085262eec69e32ddd1a43ddd532a7f7bae2954ef654f"",""source_session_id"":""30b314dd46ec43dc806918899647fb5c""}"
development,native_attempt,attempt-95b5419029c448338f1073c7165f594a,attempt,COMPLETED,bf6e335a-b7ba-4c68-ba5f-b7c47549b388,286664919545199,286674866715203,9.947170004,,baseline
confirmation-14b,inherited_or_current_setup,68,artifact-finalization,COMPLETED,bf6e335a-b7ba-4c68-ba5f-b7c47549b388,286674866715203,286674983579389,0.116864186,0,raw hashing and immutable recipe-attempt publication
development,inherited_or_current_setup,67,artifact-finalization,COMPLETED,bf6e335a-b7ba-4c68-ba5f-b7c47549b388,286674866715203,286674983579389,0.116864186,0,raw hashing and immutable recipe-attempt publication
confirmation-14b,inherited_or_current_setup,69,predecessor-study-attempt,COMPLETED,bf6e335a-b7ba-4c68-ba5f-b7c47549b388,286675072694215,286685049469663,9.976775448,0,"{""expected_requests"":8,""observed_requests"":8,""purpose"":""DEVELOPMENT"",""scope"":""prior recipe trial retained, not a cell in this recipe"",""source_attempt_id"":""attempt-cdfa74b562fa44cea228a4ecb7b7dc97"",""source_attempt_sha256"":""7f56e31e8ccd47df0b4b329397766309fee4124493605c6cebef6433d3740e16"",""source_config_sha256"":""b9b953174dcab1bf132a7c96d7f8dadfd91bee26acbfd23f87b1d789ef7ca440"",""source_recipe_sha256"":""1867f2c64e90e172b3e0085262eec69e32ddd1a43ddd532a7f7bae2954ef654f"",""source_session_id"":""30b314dd46ec43dc806918899647fb5c""}"
development,native_attempt,attempt-cdfa74b562fa44cea228a4ecb7b7dc97,attempt,COMPLETED,bf6e335a-b7ba-4c68-ba5f-b7c47549b388,286675072694215,286685049469663,9.976775448,,candidate
confirmation-14b,inherited_or_current_setup,70,artifact-finalization,COMPLETED,bf6e335a-b7ba-4c68-ba5f-b7c47549b388,286685049469663,286685187058971,0.137589308,0,raw hashing and immutable recipe-attempt publication
development,inherited_or_current_setup,68,artifact-finalization,COMPLETED,bf6e335a-b7ba-4c68-ba5f-b7c47549b388,286685049469663,286685187058971,0.137589308,0,raw hashing and immutable recipe-attempt publication
confirmation-14b,inherited_or_current_setup,71,predecessor-study-attempt,COMPLETED,bf6e335a-b7ba-4c68-ba5f-b7c47549b388,286685309776718,286695319408898,10.00963218,0,"{""expected_requests"":8,""observed_requests"":8,""purpose"":""DEVELOPMENT"",""scope"":""prior recipe trial retained, not a cell in this recipe"",""source_attempt_id"":""attempt-a80e37f0d3f84a1389dfec4fd0cf9dd5"",""source_attempt_sha256"":""42da30575fac2838ba6300847a2dfcdc869f5631d7d93cc1eed0a2615f8f99f8"",""source_config_sha256"":""b9b953174dcab1bf132a7c96d7f8dadfd91bee26acbfd23f87b1d789ef7ca440"",""source_recipe_sha256"":""1867f2c64e90e172b3e0085262eec69e32ddd1a43ddd532a7f7bae2954ef654f"",""source_session_id"":""30b314dd46ec43dc806918899647fb5c""}"
development,native_attempt,attempt-a80e37f0d3f84a1389dfec4fd0cf9dd5,attempt,COMPLETED,bf6e335a-b7ba-4c68-ba5f-b7c47549b388,286685309776718,286695319408898,10.00963218,,candidate
confirmation-14b,inherited_or_current_setup,72,artifact-finalization,COMPLETED,bf6e335a-b7ba-4c68-ba5f-b7c47549b388,286695319408898,286695490554791,0.171145893,0,raw hashing and immutable recipe-attempt publication
development,inherited_or_current_setup,69,artifact-finalization,COMPLETED,bf6e335a-b7ba-4c68-ba5f-b7c47549b388,286695319408898,286695490554791,0.171145893,0,raw hashing and immutable recipe-attempt publication
confirmation-14b,inherited_or_current_setup,73,predecessor-study-attempt,COMPLETED,bf6e335a-b7ba-4c68-ba5f-b7c47549b388,286695621386795,286705668593587,10.047206792,0,"{""expected_requests"":8,""observed_requests"":8,""purpose"":""DEVELOPMENT"",""scope"":""prior recipe trial retained, not a cell in this recipe"",""source_attempt_id"":""attempt-8491a78c65ed49c4bcd802b881f8f339"",""source_attempt_sha256"":""f1ab9368861989a4ede5320e547eea3b91e87d2b961e919105248f367745a004"",""source_config_sha256"":""b9b953174dcab1bf132a7c96d7f8dadfd91bee26acbfd23f87b1d789ef7ca440"",""source_recipe_sha256"":""1867f2c64e90e172b3e0085262eec69e32ddd1a43ddd532a7f7bae2954ef654f"",""source_session_id"":""30b314dd46ec43dc806918899647fb5c""}"
development,native_attempt,attempt-8491a78c65ed49c4bcd802b881f8f339,attempt,COMPLETED,bf6e335a-b7ba-4c68-ba5f-b7c47549b388,286695621386795,286705668593587,10.047206792,,baseline
confirmation-14b,inherited_or_current_setup,74,artifact-finalization,COMPLETED,bf6e335a-b7ba-4c68-ba5f-b7c47549b388,286705668593587,286705871005041,0.202411454,0,raw hashing and immutable recipe-attempt publication
development,inherited_or_current_setup,70,artifact-finalization,COMPLETED,bf6e335a-b7ba-4c68-ba5f-b7c47549b388,286705668593587,286705871005041,0.202411454,0,raw hashing and immutable recipe-attempt publication
confirmation-14b,inherited_or_current_setup,75,runtime-admission,COMPLETED,bf6e335a-b7ba-4c68-ba5f-b7c47549b388,286830900595691,286833544393615,2.643797924,0,recipe/setup/hardware/prior-cost admission; actual shard and binary verification occurs inside each retained attempt
confirmation-14b,inherited_or_current_setup,76,predecessor-study-attempt,COMPLETED,bf6e335a-b7ba-4c68-ba5f-b7c47549b388,286833595110128,286971775588452,138.180478324,0,"{""expected_requests"":8,""observed_requests"":8,""purpose"":""DEVELOPMENT"",""scope"":""prior recipe trial retained, not a cell in this recipe"",""source_attempt_id"":""attempt-cc3ebd7fc6654be7a2ace9632c7238f7"",""source_attempt_sha256"":""1a75ec8f4ba978006b96bcf48b42c055cd871f0ae4f29ece45f64a4a26b9a0be"",""source_config_sha256"":""36d2729b509eb06d511286ac4cb2f03c8cf5d919afe37d85cc128e3ef5d54d9f"",""source_recipe_sha256"":""18bd463c586e307baf064a6ae2bd87b5231adbf417cdd160003505b4287d6527"",""source_session_id"":""18c63155c4994eb8853e9db808e5e615""}"
confirmation-14b,inherited_or_current_setup,77,artifact-finalization,COMPLETED,bf6e335a-b7ba-4c68-ba5f-b7c47549b388,286971775588452,286971871037764,0.095449312,0,raw hashing and immutable recipe-attempt publication
confirmation-14b,inherited_or_current_setup,78,predecessor-study-attempt,COMPLETED,bf6e335a-b7ba-4c68-ba5f-b7c47549b388,286971948487186,287065060649912,93.112162726,0,"{""expected_requests"":8,""observed_requests"":8,""purpose"":""DEVELOPMENT"",""scope"":""prior recipe trial retained, not a cell in this recipe"",""source_attempt_id"":""attempt-e1654646befe488b9c24685b6c55cda6"",""source_attempt_sha256"":""d2928f314b97efaf20162a1e4e3049d21ecf531709d15e8f844e2846bd7a51b9"",""source_config_sha256"":""36d2729b509eb06d511286ac4cb2f03c8cf5d919afe37d85cc128e3ef5d54d9f"",""source_recipe_sha256"":""18bd463c586e307baf064a6ae2bd87b5231adbf417cdd160003505b4287d6527"",""source_session_id"":""18c63155c4994eb8853e9db808e5e615""}"
confirmation-14b,inherited_or_current_setup,79,artifact-finalization,COMPLETED,bf6e335a-b7ba-4c68-ba5f-b7c47549b388,287065060649912,287065187555401,0.126905489,0,raw hashing and immutable recipe-attempt publication
confirmation-14b,inherited_or_current_setup,80,predecessor-study-attempt,COMPLETED,bf6e335a-b7ba-4c68-ba5f-b7c47549b388,287065294665959,287158647054036,93.352388077,0,"{""expected_requests"":8,""observed_requests"":8,""purpose"":""DEVELOPMENT"",""scope"":""prior recipe trial retained, not a cell in this recipe"",""source_attempt_id"":""attempt-49b1e2e4ca7449e9ba0325bbdffaf734"",""source_attempt_sha256"":""5256fef1c0e6500cff81bf926f3f27b298fda8a734dba11306cae24202cef1fd"",""source_config_sha256"":""36d2729b509eb06d511286ac4cb2f03c8cf5d919afe37d85cc128e3ef5d54d9f"",""source_recipe_sha256"":""18bd463c586e307baf064a6ae2bd87b5231adbf417cdd160003505b4287d6527"",""source_session_id"":""18c63155c4994eb8853e9db808e5e615""}"
confirmation-14b,inherited_or_current_setup,81,artifact-finalization,COMPLETED,bf6e335a-b7ba-4c68-ba5f-b7c47549b388,287158647054036,287158799103464,0.152049428,0,raw hashing and immutable recipe-attempt publication
confirmation-14b,inherited_or_current_setup,82,predecessor-study-attempt,COMPLETED,bf6e335a-b7ba-4c68-ba5f-b7c47549b388,287158926712883,287298625282915,139.698570032,0,"{""expected_requests"":8,""observed_requests"":8,""purpose"":""DEVELOPMENT"",""scope"":""prior recipe trial retained, not a cell in this recipe"",""source_attempt_id"":""attempt-70c3b5d04ef7494f885780f85ba3b4e5"",""source_attempt_sha256"":""75a13e3ff49e5e3993def9e480ff6ddce554a707d7ebdf5c8352c07571080daa"",""source_config_sha256"":""36d2729b509eb06d511286ac4cb2f03c8cf5d919afe37d85cc128e3ef5d54d9f"",""source_recipe_sha256"":""18bd463c586e307baf064a6ae2bd87b5231adbf417cdd160003505b4287d6527"",""source_session_id"":""18c63155c4994eb8853e9db808e5e615""}"
confirmation-14b,inherited_or_current_setup,83,artifact-finalization,COMPLETED,bf6e335a-b7ba-4c68-ba5f-b7c47549b388,287298625282915,287298840141536,0.214858621,0,raw hashing and immutable recipe-attempt publication
confirmation-14b,inherited_or_current_setup,84,runtime-admission,COMPLETED,bf6e335a-b7ba-4c68-ba5f-b7c47549b388,287320859890721,287323944976512,3.085085791,0,recipe/setup/hardware/prior-cost admission; actual shard and binary verification occurs inside each retained attempt
confirmation-14b,inherited_or_current_setup,85,predecessor-study-attempt,COMPLETED,bf6e335a-b7ba-4c68-ba5f-b7c47549b388,287323996555101,287330126211629,6.129656528,0,"{""expected_requests"":8,""observed_requests"":8,""purpose"":""DEVELOPMENT"",""scope"":""prior recipe trial retained, not a cell in this recipe"",""source_attempt_id"":""attempt-be5e5948f72a445aabaa85c068208136"",""source_attempt_sha256"":""6cbc4d49f030d785159730e608cf01e45d4ef16f5cf28dd758849cd5be534cc2"",""source_config_sha256"":""12a6f846020b564e414794290c679047a99df1bda471f64d75837ef20faf7ebf"",""source_recipe_sha256"":""b197606b27b6f9c5d25fc81d2c27a1584d5560bce888912e80bb12e474022468"",""source_session_id"":""54da237947ac4426983e805175403395""}"
confirmation-14b,inherited_or_current_setup,86,artifact-finalization,COMPLETED,bf6e335a-b7ba-4c68-ba5f-b7c47549b388,287330126211629,287330238562431,0.112350802,0,raw hashing and immutable recipe-attempt publication
confirmation-14b,inherited_or_current_setup,87,predecessor-study-attempt,COMPLETED,bf6e335a-b7ba-4c68-ba5f-b7c47549b388,287330320657113,287336560521375,6.239864262,0,"{""expected_requests"":8,""observed_requests"":8,""purpose"":""DEVELOPMENT"",""scope"":""prior recipe trial retained, not a cell in this recipe"",""source_attempt_id"":""attempt-e3062f1adbe444078edd4548b198a9e0"",""source_attempt_sha256"":""d6672ed23353058bf45811322d7c002d27ba76a0e715f20f06a7bd2dbfaf950a"",""source_config_sha256"":""12a6f846020b564e414794290c679047a99df1bda471f64d75837ef20faf7ebf"",""source_recipe_sha256"":""b197606b27b6f9c5d25fc81d2c27a1584d5560bce888912e80bb12e474022468"",""source_session_id"":""54da237947ac4426983e805175403395""}"
confirmation-14b,inherited_or_current_setup,88,artifact-finalization,COMPLETED,bf6e335a-b7ba-4c68-ba5f-b7c47549b388,287336560521375,287336701640508,0.141119133,0,raw hashing and immutable recipe-attempt publication
confirmation-14b,inherited_or_current_setup,89,predecessor-study-attempt,COMPLETED,bf6e335a-b7ba-4c68-ba5f-b7c47549b388,287336813287060,287343084995687,6.271708627,0,"{""expected_requests"":8,""observed_requests"":8,""purpose"":""DEVELOPMENT"",""scope"":""prior recipe trial retained, not a cell in this recipe"",""source_attempt_id"":""attempt-45af48da75a14de98489227a2d528ccc"",""source_attempt_sha256"":""7d1a42081988dd7279644ee5cbabb4d3ab744c6e10d6b359adfce9a305245bb3"",""source_config_sha256"":""12a6f846020b564e414794290c679047a99df1bda471f64d75837ef20faf7ebf"",""source_recipe_sha256"":""b197606b27b6f9c5d25fc81d2c27a1584d5560bce888912e80bb12e474022468"",""source_session_id"":""54da237947ac4426983e805175403395""}"
confirmation-14b,inherited_or_current_setup,90,artifact-finalization,COMPLETED,bf6e335a-b7ba-4c68-ba5f-b7c47549b388,287343084995687,287343247656206,0.162660519,0,raw hashing and immutable recipe-attempt publication
confirmation-14b,inherited_or_current_setup,91,predecessor-study-attempt,COMPLETED,bf6e335a-b7ba-4c68-ba5f-b7c47549b388,287343386068774,287349773036893,6.386968119,0,"{""expected_requests"":8,""observed_requests"":8,""purpose"":""DEVELOPMENT"",""scope"":""prior recipe trial retained, not a cell in this recipe"",""source_attempt_id"":""attempt-fd6771027773471e953b29a541459d73"",""source_attempt_sha256"":""3b467790a69df086a76704cc1bcc52823d51a0b3a27e0c9bb9c47b5a886faa9e"",""source_config_sha256"":""12a6f846020b564e414794290c679047a99df1bda471f64d75837ef20faf7ebf"",""source_recipe_sha256"":""b197606b27b6f9c5d25fc81d2c27a1584d5560bce888912e80bb12e474022468"",""source_session_id"":""54da237947ac4426983e805175403395""}"
confirmation-14b,inherited_or_current_setup,92,artifact-finalization,COMPLETED,bf6e335a-b7ba-4c68-ba5f-b7c47549b388,287349773036893,287349963121984,0.190085091,0,raw hashing and immutable recipe-attempt publication
confirmation-14b,inherited_or_current_setup,93,runtime-admission,COMPLETED,bf6e335a-b7ba-4c68-ba5f-b7c47549b388,287959603938928,287962889750848,3.28581192,0,recipe/setup/hardware/prior-cost admission; actual shard and binary verification occurs inside each retained attempt
confirmation-14b,inherited_or_current_setup,94,predecessor-study-attempt,COMPLETED,bf6e335a-b7ba-4c68-ba5f-b7c47549b388,287962943351809,287973134320475,10.190968666,0,"{""expected_requests"":8,""observed_requests"":8,""purpose"":""DEVELOPMENT"",""scope"":""prior recipe trial retained, not a cell in this recipe"",""source_attempt_id"":""attempt-08bf3387a127497eb05a8a0882bc4a60"",""source_attempt_sha256"":""bfbf1ccec8e601066dcd4f3d0bc783f886a84bb1c863f047783dbeb08f4b13e5"",""source_config_sha256"":""46d7f1b811b406df51dad9bd203e30ea60d7933c8dfb22fe4398499eaa92c2a4"",""source_recipe_sha256"":""9f403ac067b94d64b07e61af7e7a6d3c4d90968a7ba445ee9ce6720954271626"",""source_session_id"":""259c39a1d92340bfa7fa5f465e2cf0ec""}"
confirmation-14b,inherited_or_current_setup,95,artifact-finalization,COMPLETED,bf6e335a-b7ba-4c68-ba5f-b7c47549b388,287973134320475,287973252355261,0.118034786,0,raw hashing and immutable recipe-attempt publication
confirmation-14b,inherited_or_current_setup,96,predecessor-study-attempt,COMPLETED,bf6e335a-b7ba-4c68-ba5f-b7c47549b388,287973325545817,287988737067936,15.411522119,0,"{""expected_requests"":8,""observed_requests"":8,""purpose"":""DEVELOPMENT"",""scope"":""prior recipe trial retained, not a cell in this recipe"",""source_attempt_id"":""attempt-3646b50a4e7f416295b4b8ef93b20ac8"",""source_attempt_sha256"":""6cd3c9e7b8f82aef1935c44def5baf2971bfceeca8209e499c8320ff3e3887a5"",""source_config_sha256"":""46d7f1b811b406df51dad9bd203e30ea60d7933c8dfb22fe4398499eaa92c2a4"",""source_recipe_sha256"":""9f403ac067b94d64b07e61af7e7a6d3c4d90968a7ba445ee9ce6720954271626"",""source_session_id"":""259c39a1d92340bfa7fa5f465e2cf0ec""}"
confirmation-14b,inherited_or_current_setup,97,artifact-finalization,COMPLETED,bf6e335a-b7ba-4c68-ba5f-b7c47549b388,287988737067936,287988857774162,0.120706226,0,raw hashing and immutable recipe-attempt publication
confirmation-14b,inherited_or_current_setup,98,predecessor-study-attempt,COMPLETED,bf6e335a-b7ba-4c68-ba5f-b7c47549b388,287988958432711,288003356590490,14.398157779,0,"{""expected_requests"":8,""observed_requests"":8,""purpose"":""DEVELOPMENT"",""scope"":""prior recipe trial retained, not a cell in this recipe"",""source_attempt_id"":""attempt-d06d629c537749539419e33e8fb89e5e"",""source_attempt_sha256"":""909ce5b9fcfb498c1548ebb493ecafc3d9c2f3ad54378482476692b49f12f0c7"",""source_config_sha256"":""46d7f1b811b406df51dad9bd203e30ea60d7933c8dfb22fe4398499eaa92c2a4"",""source_recipe_sha256"":""9f403ac067b94d64b07e61af7e7a6d3c4d90968a7ba445ee9ce6720954271626"",""source_session_id"":""259c39a1d92340bfa7fa5f465e2cf0ec""}"
confirmation-14b,inherited_or_current_setup,99,artifact-finalization,COMPLETED,bf6e335a-b7ba-4c68-ba5f-b7c47549b388,288003356590490,288003512417325,0.155826835,0,raw hashing and immutable recipe-attempt publication
confirmation-14b,inherited_or_current_setup,100,predecessor-study-attempt,COMPLETED,bf6e335a-b7ba-4c68-ba5f-b7c47549b388,288003640809691,288013758030203,10.117220512,0,"{""expected_requests"":8,""observed_requests"":8,""purpose"":""DEVELOPMENT"",""scope"":""prior recipe trial retained, not a cell in this recipe"",""source_attempt_id"":""attempt-e76b70a0126a44b8a024f61f464a32f4"",""source_attempt_sha256"":""cabc518602f929e07cc411945e3d153bb26f5e27887de00ec8d3d42de74342f3"",""source_config_sha256"":""46d7f1b811b406df51dad9bd203e30ea60d7933c8dfb22fe4398499eaa92c2a4"",""source_recipe_sha256"":""9f403ac067b94d64b07e61af7e7a6d3c4d90968a7ba445ee9ce6720954271626"",""source_session_id"":""259c39a1d92340bfa7fa5f465e2cf0ec""}"
confirmation-14b,inherited_or_current_setup,101,artifact-finalization,COMPLETED,bf6e335a-b7ba-4c68-ba5f-b7c47549b388,288013758030203,288013940424166,0.182393963,0,raw hashing and immutable recipe-attempt publication
confirmation-14b,inherited_or_current_setup,102,runtime-admission,COMPLETED,bf6e335a-b7ba-4c68-ba5f-b7c47549b388,288212123587107,288215556709220,3.433122113,0,recipe/setup/hardware/prior-cost admission; actual shard and binary verification occurs inside each retained attempt
confirmation-14b,inherited_or_current_setup,103,predecessor-study-attempt,COMPLETED,bf6e335a-b7ba-4c68-ba5f-b7c47549b388,288215608998250,288277394652648,61.785654398,0,"{""expected_requests"":8,""observed_requests"":8,""purpose"":""DEVELOPMENT"",""scope"":""prior recipe trial retained, not a cell in this recipe"",""source_attempt_id"":""attempt-6e1d6aae3bb44acba3d2c26ce412eb3e"",""source_attempt_sha256"":""c5d498be95eaa570c150b6aa2df3eda202431dedec722b51343a8e1f5589f64d"",""source_config_sha256"":""acf3aa1fc8f5717eae113287f7c8a62a3d5b6e01c0d813139b734593d8947247"",""source_recipe_sha256"":""908f214c2deeac8f40433332c3524d963ad70d4eed6949ad11e4d422778a6907"",""source_session_id"":""4683d11655264739b9e08e7835c94593""}"
confirmation-14b,inherited_or_current_setup,104,artifact-finalization,COMPLETED,bf6e335a-b7ba-4c68-ba5f-b7c47549b388,288277394652648,288277516326566,0.121673918,0,raw hashing and immutable recipe-attempt publication
confirmation-14b,inherited_or_current_setup,105,predecessor-study-attempt,COMPLETED,bf6e335a-b7ba-4c68-ba5f-b7c47549b388,288277602000744,288322890720891,45.288720147,0,"{""expected_requests"":8,""observed_requests"":8,""purpose"":""DEVELOPMENT"",""scope"":""prior recipe trial retained, not a cell in this recipe"",""source_attempt_id"":""attempt-5c47e3d568704c4baee9929ec1e79037"",""source_attempt_sha256"":""044847798043d43fc08ca377f120e2d94d67bc1c99900ef3dd29ecf5a40e50d6"",""source_config_sha256"":""acf3aa1fc8f5717eae113287f7c8a62a3d5b6e01c0d813139b734593d8947247"",""source_recipe_sha256"":""908f214c2deeac8f40433332c3524d963ad70d4eed6949ad11e4d422778a6907"",""source_session_id"":""4683d11655264739b9e08e7835c94593""}"
confirmation-14b,inherited_or_current_setup,106,artifact-finalization,COMPLETED,bf6e335a-b7ba-4c68-ba5f-b7c47549b388,288322890720891,288323036053592,0.145332701,0,raw hashing and immutable recipe-attempt publication
confirmation-14b,inherited_or_current_setup,107,predecessor-study-attempt,COMPLETED,bf6e335a-b7ba-4c68-ba5f-b7c47549b388,288323149780322,288367811977133,44.662196811,0,"{""expected_requests"":8,""observed_requests"":8,""purpose"":""DEVELOPMENT"",""scope"":""prior recipe trial retained, not a cell in this recipe"",""source_attempt_id"":""attempt-53cedc1e12bd4444b72ec00d9834c3b3"",""source_attempt_sha256"":""b8a663923f9b8ed3f6cb9ee4a5acfafba4aa47a357dbf051075c1fe03b93b8bf"",""source_config_sha256"":""acf3aa1fc8f5717eae113287f7c8a62a3d5b6e01c0d813139b734593d8947247"",""source_recipe_sha256"":""908f214c2deeac8f40433332c3524d963ad70d4eed6949ad11e4d422778a6907"",""source_session_id"":""4683d11655264739b9e08e7835c94593""}"
confirmation-14b,inherited_or_current_setup,108,artifact-finalization,COMPLETED,bf6e335a-b7ba-4c68-ba5f-b7c47549b388,288367811977133,288367988735148,0.176758015,0,raw hashing and immutable recipe-attempt publication
confirmation-14b,inherited_or_current_setup,109,predecessor-study-attempt,COMPLETED,bf6e335a-b7ba-4c68-ba5f-b7c47549b388,288368121537710,288430109955786,61.988418076,0,"{""expected_requests"":8,""observed_requests"":8,""purpose"":""DEVELOPMENT"",""scope"":""prior recipe trial retained, not a cell in this recipe"",""source_attempt_id"":""attempt-27208fbbabd54825b71bef1ce6b90514"",""source_attempt_sha256"":""51e8022179567796eede3ab9747b6dbd3c9e7c751d1e54ae423add8e3443ab7c"",""source_config_sha256"":""acf3aa1fc8f5717eae113287f7c8a62a3d5b6e01c0d813139b734593d8947247"",""source_recipe_sha256"":""908f214c2deeac8f40433332c3524d963ad70d4eed6949ad11e4d422778a6907"",""source_session_id"":""4683d11655264739b9e08e7835c94593""}"
confirmation-14b,inherited_or_current_setup,110,artifact-finalization,COMPLETED,bf6e335a-b7ba-4c68-ba5f-b7c47549b388,288430109955786,288430309574830,0.199619044,0,raw hashing and immutable recipe-attempt publication
confirmation-14b,inherited_or_current_setup,111,runtime-admission,COMPLETED,bf6e335a-b7ba-4c68-ba5f-b7c47549b388,288435544593894,288439221716437,3.677122543,0,recipe/setup/hardware/prior-cost admission; actual shard and binary verification occurs inside each retained attempt
confirmation-14b,native_attempt,attempt-c11d044ecdb642b3b22ced85ff8e0c18,attempt,COMPLETED,bf6e335a-b7ba-4c68-ba5f-b7c47549b388,288439271720658,289541273628403,1102.001907745,,baseline
confirmation-14b,inherited_or_current_setup,112,artifact-finalization,COMPLETED,bf6e335a-b7ba-4c68-ba5f-b7c47549b388,289541273628403,289541412864045,0.139235642,0,raw hashing and immutable recipe-attempt publication
confirmation-14b,native_attempt,attempt-033f9d36d8aa4b3cbe5aa44db0bfb48f,attempt,COMPLETED,bf6e335a-b7ba-4c68-ba5f-b7c47549b388,289541500676465,289818551282714,277.050606249,,candidate
confirmation-14b,inherited_or_current_setup,113,artifact-finalization,COMPLETED,bf6e335a-b7ba-4c68-ba5f-b7c47549b388,289818551282714,289818731265735,0.179983021,0,raw hashing and immutable recipe-attempt publication
confirmation-14b,native_attempt,attempt-da272db19c274606b494cda494c0971b,attempt,COMPLETED,bf6e335a-b7ba-4c68-ba5f-b7c47549b388,289818881156773,290105797734010,286.916577237,,candidate
confirmation-14b,inherited_or_current_setup,114,artifact-finalization,COMPLETED,bf6e335a-b7ba-4c68-ba5f-b7c47549b388,290105797734010,290106077820123,0.280086113,0,raw hashing and immutable recipe-attempt publication
confirmation-14b,native_attempt,attempt-09705c8591f64372be44520df2ee1d34,attempt,COMPLETED,bf6e335a-b7ba-4c68-ba5f-b7c47549b388,290106272092273,291209673648123,1103.40155585,,baseline
confirmation-14b,inherited_or_current_setup,115,artifact-finalization,COMPLETED,bf6e335a-b7ba-4c68-ba5f-b7c47549b388,291209673648123,291210012268005,0.338619882,0,raw hashing and immutable recipe-attempt publication
